{"reward/contact_count_max":54,"critic/return_std":28.7844295501709,"advantage/std":1.3888863325119019,"actions/saturation_low":0.04233333468437195,"time/batch_seconds":16.140889406204224,"ppo/ratio_mean":1.03358793258667,"actions/std":0.6161455512046814,"training/sigma_min":0.25,"logprob/per_dimension":-3.589481201171875,"critic/value_std":26.40685272216797,"ppo/ratio_min":0.48286059498786926,"batch":57,"reward/sustained_contact_rate":0.03666666666666667,"gradients/critic_norm":468.6689758300781,"reward/sustained_count_max":32,"loss/entropy":0,"logprob/drift":-0.084228515625,"critic/return_mean":-65.9615478515625,"reward/batch_avg":-11.443405995575665,"reward/positive_fraction":0.10000000894069672,"_timestamp":1.7678621314820108e+09,"actions/saturation_high":0.24500000476837158,"training/clip_fraction":0.8333333730697632,"_wandb":{"runtime":32808},"_wandb.runtime":9095,"advantage/mean":-0.44793927669525146,"advantage/max":2.0323941707611084,"training/learning_rate":2.9962855559172636e-06,"reward/grasp_rate":0.008,"_runtime":32808,"reward/contact_rate":0.092,"loss/critic":159.4537031173706,"reward/height_align_count_avg":25.6,"logprob/new_mean":-1076.8443603515625,"reward/batch_max":-1.384044936008478,"critic/value_max":-26.63412094116211,"loss/policy":-0.051239758171141146,"gradients/policy_norm":39.69541931152344,"_step":1114,"reward/grasp_count_max":5,"reward/height_align_count_max":45,"reward/height_align_rate":0.17066666666666666,"reward/batch_min":-19.026937331506794,"training/kl_divergence":0.04580002184957266,"training/sigma_max":0.5,"training/effective_batch_size":120,"critic/explained_variance":0.6482925415039062,"gradients/policy_clipped":1,"reward/sustained_count_avg":5.5,"ppo/ratio_max":1.8151922225952148,"reward/grasp_count_avg":1.2,"reward/std":2.8726630210876465,"episodes_total":1640,"actions/mean":0.33655846118927,"advantage/min":-1.8340562582015991,"critic/value_mean":-52.93846893310547,"logprob/old_mean":-1076.7601318359375,"critic/value_min":-92.72017669677734,"reward/contact_count_avg":13.8,"gradients/critic_clipped":1,"ppo/ratio_std":0.550276517868042}