{"loss/policy":1.9029878377914429,"training/kl_divergence":0.3169632852077484,"training/learning_rate":2.9998105080286533e-07,"loss/entropy":-190.30227661132812,"episodes_total":16,"_runtime":37,"reward/batch_max":-44.66564651485652,"loss/critic":371.5799255371094,"training/sigma_min":0.08,"training/clip_fraction":1,"_wandb":{"runtime":37},"training/value_mean":-65.16419982910156,"training/advantage_mean":0,"_step":7,"reward/batch_min":-48.82537650006847,"training/sigma_max":0.16,"_timestamp":1.7669741939284792e+09,"batch":8,"reward/batch_avg":-46.745511507462496,"time/batch_seconds":3.6667768955230713}