{"training/value_mean":-12.660642623901367,"_timestamp":1.7669597243297007e+09,"_runtime":7,"_wandb":{"runtime":7},"training/kl_divergence":0,"training/advantage_mean":-0.03475110977888107,"training/sigma_max":0.16,"training/clip_fraction":1,"batch":1,"reward/batch_min":-49.95374753435665,"training/sigma_min":0.08,"training/learning_rate":2.9999933380225088e-05,"loss/entropy":-188.9636993408203,"_step":0,"loss/policy":0,"episodes_total":3,"loss/critic":0,"reward/batch_avg":-46.00130304051006,"time/batch_seconds":2.7644407749176025,"reward/batch_max":-41.31831349575073}