{"time/batch_seconds":16.61418581008911,"gradients/policy_norm":26.905120849609375,"gradients/critic_clipped":1,"reward/batch_max":-5.570249821349737,"reward/batch_avg":-12.969786987012588,"_runtime":30216,"reward/contact_count_avg":18,"critic/explained_variance":0.7942624092102051,"actions/saturation_high":0.21299999952316284,"actions/mean":0.3203415870666504,"advantage/min":-2.1943609714508057,"training/sigma_max":0.5,"ppo/ratio_max":1.4530389308929443,"reward/positive_fraction":0.03333333507180214,"training/sigma_min":0.25,"actions/std":0.5989978909492493,"ppo/ratio_min":0.8078500032424927,"training/clip_fraction":0.8333333730697632,"_wandb":{"runtime":30216},"gradients/policy_clipped":1,"advantage/max":2.083974838256836,"critic/value_mean":-68.31975555419922,"actions/saturation_low":0.03999999910593033,"loss/entropy":0,"loss/policy":0.025902535021305084,"ppo/ratio_std":0.2616335153579712,"advantage/std":0.2965666353702545,"_step":951,"batch":28,"gradients/critic_norm":1623.0655517578125,"_wandb.runtime":9095,"episodes_total":280,"reward/std":2.5403668880462646,"logprob/per_dimension":-3.681534830729167,"critic/value_std":31.29802894592285,"logprob/drift":0.0009765625,"training/effective_batch_size":120,"reward/batch_min":-21.4525956300617,"critic/return_std":37.878135681152344,"logprob/new_mean":-1104.46044921875,"critic/return_mean":-67.16046142578125,"ppo/ratio_mean":1.0267682075500488,"reward/contact_count_max":49,"critic/value_min":-109.52420043945312,"training/learning_rate":2.999454979106624e-06,"logprob/old_mean":-1104.46142578125,"loss/critic":149.77227697372436,"reward/contact_rate":0.12,"training/kl_divergence":0.019208041345700623,"_timestamp":1.7678594131256375e+09,"advantage/mean":-0.142674058675766,"critic/value_max":-26.95029067993164}