{"time/batch_seconds":72.34523868560791,"exploration/sigma_mean":0.4970821440219879,"time/per_episode":7.234523868560791,"loss/policy":3.106137752532959,"reward/batch_avg":-1504.288198788066,"_wandb":{"runtime":81},"reward/batch_max":-481.44466483260277,"batch":1,"reward/batch_min":-1987.4731585488926,"_timestamp":1.7659317000061805e+09,"_step":0,"_runtime":81,"episodes_total":10}