{"_runtime":72535,"batch":13,"_wandb.runtime":18034,"exploration/sigma_mean":0.3338293433189392,"reward/batch_avg":-415.09099760160024,"reward/batch_max":-109.43017415277727,"reward/batch_min":-660.950769026319,"_step":3034,"_timestamp":1.7659255104114711e+09,"_wandb":{"runtime":72535},"loss/policy":5.0139923095703125,"episodes_total":130,"time/batch_seconds":13.696885347366333,"time/per_episode":1.3696885347366332}