{"time/per_episode":6.181572771072387,"_timestamp":1.766012611166442e+09,"reward/batch_avg":-1566.5630234312198,"time/batch_seconds":61.81572771072388,"episodes_total":10,"_wandb.runtime":81,"reward/batch_min":-2236.849953446452,"reward/batch_max":-1191.5443704470447,"batch":1,"exploration/sigma_mean":0.49396413564682007,"_wandb":{"runtime":1803},"_runtime":1803,"_step":9,"loss/policy":-3.678952217102051}