{"_runtime":1015,"_timestamp":1.7673443859763818e+09,"training/sigma_min":0.08,"loss/entropy":0,"_step":88,"reward/batch_avg":-72.11228199915936,"time/batch_seconds":7.133947849273682,"training/effective_batch_size":120,"training/clip_fraction":1,"training/kl_divergence":1.2314018681645393,"training/sigma_max":0.16,"reward/batch_min":-78.09076735382011,"training/value_mean":-357.06219482421875,"batch":89,"_wandb":{"runtime":1015},"loss/critic":8016.6690673828125,"training/advantage_mean":0.1536102592945099,"training/learning_rate":4.982524190608403e-06,"loss/policy":1.5181756876409054,"reward/batch_max":-48.86865198296274,"episodes_total":890}