{"training/sigma_max":0.16,"episodes_total":122,"reward/batch_max":-60.44453924643845,"training/clip_fraction":1,"training/learning_rate":4.99971063077952e-06,"_timestamp":1.7673366765983768e+09,"_wandb":{"runtime":13574},"reward/batch_min":-67.11968573485336,"loss/critic":430.72869873046875,"_step":3476,"_wandb.runtime":13436,"reward/batch_avg":-63.78211249064591,"training/advantage_mean":0,"training/kl_divergence":4.043044e+07,"loss/entropy":0,"time/batch_seconds":2.024998664855957,"_runtime":13574,"training/effective_batch_size":120,"training/value_mean":-76.37571716308594,"training/sigma_min":0.08,"loss/policy":0.14951719840367605,"batch":61}