{"_wandb":{"runtime":18447},"time/batch_seconds":37.55326199531555,"training/effective_batch_size":120,"training/value_mean":-545.2811279296875,"training/learning_rate":3.468892717264902e-07,"training/sigma_min":0.08,"_timestamp":1.767363025334962e+09,"loss/policy":0.2788574823178351,"_step":838,"training/sigma_max":0.16,"loss/entropy":0,"loss/critic":8414.486279296874,"reward/batch_max":-67.67574441696308,"batch":799,"reward/batch_min":-82.31672663092132,"reward/batch_avg":-80.01862524054205,"training/clip_fraction":1,"_wandb.runtime":1427,"_runtime":18447,"training/kl_divergence":3.75283145904541,"episodes_total":7990,"training/advantage_mean":-0.12873999774456024}