{"_runtime":60182,"_wandb.runtime":18034,"time/per_episode":2.3637747049331663,"_wandb":{"runtime":60182},"reward/batch_avg":-695.274308269899,"batch":38,"_timestamp":1.765912552159699e+09,"loss/policy":-2.3204150199890137,"episodes_total":380,"reward/batch_max":-411.09356473953625,"_step":2532,"time/batch_seconds":23.637747049331665,"exploration/sigma_mean":0.4905162453651428,"reward/batch_min":-1218.8973845275336}