{"reward/batch_min":-33.49697952350963,"ppo/ratio_max":1.2246274948120117,"reward/batch_avg":-23.951157409101693,"_wandb":{"runtime":21579},"time/batch_seconds":38.82432842254639,"actions/saturation_low":0.02266666665673256,"critic/return_mean":-115.9535140991211,"_timestamp":1.7678501304711437e+09,"_runtime":21579,"ppo/ratio_std":0.1813102662563324,"actions/mean":0.296362966299057,"reward/contact_rate":0.030666666666666665,"critic/explained_variance":0.8239648938179016,"_step":548,"training/sigma_max":0.5,"loss/critic":426.4287841796875,"logprob/per_dimension":-3.53860595703125,"training/kl_divergence":0.015025739627890288,"gradients/policy_norm":6.206459999084473,"ppo/ratio_min":0.8367561101913452,"critic/value_std":55.71939468383789,"advantage/max":2.0495636463165283,"_wandb.runtime":9095,"reward/batch_max":-17.782489470971285,"gradients/policy_clipped":1,"critic/value_mean":-102.6577377319336,"critic/value_max":-37.854827880859375,"reward/positive_fraction":0,"logprob/old_mean":-1061.56005859375,"advantage/std":0.9606388211250305,"reward/contact_count_avg":4.6,"gradients/critic_clipped":1,"actions/saturation_high":0.17033332586288452,"gradients/critic_norm":2327.169677734375,"loss/entropy":0,"logprob/new_mean":-1061.581787109375,"actions/std":0.5573409199714661,"advantage/mean":-0.2602735459804535,"critic/return_std":65.99635314941406,"logprob/drift":-0.021728515625,"episodes_total":1490,"loss/policy":0.008126272074878215,"training/sigma_min":0.25,"training/learning_rate":9.892089849859967e-07,"advantage/min":-1.6282477378845215,"reward/std":3.026710033416748,"training/clip_fraction":1,"ppo/ratio_mean":0.9915239214897156,"critic/value_min":-179.2998046875,"reward/contact_count_max":18,"training/effective_batch_size":120,"batch":149}