{"batch":379,"_timestamp":1.7669783627824776e+09,"time/batch_seconds":3.9855427742004395,"training/value_mean":-58.34779357910156,"_step":378,"training/learning_rate":2.596563560506176e-07,"training/advantage_mean":-1.9868215517249155e-08,"reward/batch_min":-44.56055349275543,"loss/critic":101.19622294108073,"_wandb":{"runtime":1289},"training/kl_divergence":0.16152601192394891,"reward/batch_avg":-44.01774865600076,"episodes_total":758,"_runtime":1289,"training/sigma_max":0.16,"training/clip_fraction":1,"loss/entropy":-191.9342498779297,"loss/policy":1.9771730502446492,"training/sigma_min":0.08,"reward/batch_max":-43.47494381924609}