{"loss/policy":0.022465048225907048,"_runtime":10101,"reward/batch_min":-46.82794927598302,"batch":1249,"training/sigma_max":0.16,"_step":1248,"episodes_total":2498,"training/value_mean":-64.92387390136719,"_timestamp":1.7670337158670645e+09,"loss/entropy":0,"training/kl_divergence":25.023844921588896,"reward/batch_max":-46.46085620148712,"loss/critic":118.67723770141602,"time/batch_seconds":9.632274866104126,"training/effective_batch_size":120,"reward/batch_avg":-46.64440273873507,"_wandb":{"runtime":10101},"training/clip_fraction":1,"training/advantage_mean":0,"training/learning_rate":4.831359216951225e-06,"training/sigma_min":0.08}