{"batch":2000,"ppo/ratio_max":17.285249710083008,"ppo/ratio_mean":4.568038463592529,"actions/mean":0.04170951619744301,"gradients/critic_norm":5963.2392578125,"actions/std":0.9194847941398621,"actions/saturation_high":0.33899998664855957,"training/effective_batch_size":120,"episodes_total":20000,"_runtime":6839,"ppo/ratio_std":6.432284832000732,"gradients/critic_clipped":1,"reward/batch_max":-71.918824181228,"training/sigma_min":0.08,"_timestamp":1.767594348247937e+09,"training/sigma_max":0.16,"critic/value_mean":-307.01715087890625,"logprob/new_mean":955.16162109375,"time/batch_seconds":2.486959934234619,"logprob/per_dimension":3.1838720703125,"training/kl_divergence":3.5967936515808105,"advantage/min":-1.9863512516021729,"advantage/mean":0.6090308427810669,"critic/value_std":188.66358947753906,"actions/saturation_low":0.31299999356269836,"_step":1999,"reward/batch_avg":-78.11514764030326,"critic/value_max":-218.81915283203125,"critic/return_mean":-256.67755126953125,"advantage/std":0.810698926448822,"reward/std":6.339964866638184,"logprob/drift":-0.02874755859375,"loss/entropy":0,"_wandb":{"runtime":6839},"loss/critic":5537.2744140625,"gradients/policy_clipped":1,"critic/value_min":-670.3773803710938,"training/clip_fraction":1,"reward/batch_min":-81.65578543402087,"critic/explained_variance":0.6578165888786316,"logprob/old_mean":955.1903686523438,"ppo/ratio_min":0.05697673559188843,"gradients/policy_norm":41.15810012817383,"loss/policy":-0.5717471837997437,"advantage/max":1.7381494045257568,"training/learning_rate":5e-08,"reward/positive_fraction":0,"critic/return_std":208.3277587890625}