{"batch":179,"time/per_episode":2.4248565196990968,"exploration/sigma_mean":0.5055740475654602,"_step":178,"reward/batch_avg":-15.539184163985308,"reward/batch_min":-19.248315405652075,"reward/batch_max":-12.559943707707923,"_wandb":{"runtime":4384},"time/batch_seconds":24.248565196990967,"_runtime":4384,"loss/policy":3.3272955417633057,"episodes_total":1790,"_timestamp":1.7660290476879613e+09}