{"episodes_total":150,"reward/batch_max":-268.4128734488532,"time/batch_seconds":23.305001974105835,"_runtime":3054,"_wandb.runtime":2695,"reward/batch_avg":-623.9459501978689,"loss/policy":-4.910598278045654,"time/per_episode":2.3305001974105837,"exploration/sigma_mean":0.34961527585983276,"_wandb":{"runtime":3054},"_step":129,"batch":15,"reward/batch_min":-1313.942621802096,"_timestamp":1.765851336104682e+09}