{"_runtime":64,"reward/batch_avg":-15.553524419814224,"reward/batch_min":-18.12875967833834,"episodes_total":20,"_timestamp":1.7660346296449656e+09,"_step":1,"exploration/sigma_mean":0.49661141633987427,"batch":2,"time/batch_seconds":26.217586994171143,"reward/batch_max":-12.175594062972456,"loss/policy":-2455.611572265625,"time/per_episode":2.6217586994171143,"_wandb":{"runtime":64},"reward/baseline":-3.7317598819732662}