{"logprob/old_mean":-1069.2529296875,"critic/return_mean":-70.864990234375,"_timestamp":1.775372603003337e+09,"gradients/policy_norm":31.355730056762695,"ppo/ratio_max":1.1674784421920776,"training/learning_rate":3.7e-07,"reward/positive_fraction":0,"training/kl_divergence":0.01147277916315943,"_runtime":50571,"reward/grasp_rate":0.0013333333333333333,"training/sigma_max":0.5,"loss/entropy":0,"training/sigma_min":0.25,"time/batch_seconds":20.265079259872437,"advantage/std":0.9124754667282104,"training/effective_batch_size":120,"critic/explained_variance":-6.0787434577941895,"reward/batch_avg":-16.3146522266612,"actions/saturation_high":0.1679999977350235,"gradients/critic_norm":2615.525634765625,"reward/grasp_count_max":2,"ppo/ratio_std":0.13460581004619598,"reward/contact_rate":0.056,"reward/height_align_rate":0.4553333333333333,"training/clip_fraction":0.8333333730697632,"reward/sustained_contact_rate":0.009333333333333334,"logprob/new_mean":-1069.2392578125,"actions/mean":0.29300740361213684,"logprob/drift":0.013671875,"advantage/min":-1.5508522987365723,"loss/policy":0.004799130279570818,"reward/batch_min":-21.519477720793518,"gradients/policy_clipped":1,"critic/value_std":51.878944396972656,"_wandb.runtime":9095,"actions/saturation_low":0.029999999329447746,"batch":3,"reward/std":2.2670233249664307,"actions/std":0.5619638562202454,"critic/return_std":19.119653701782227,"episodes_total":1530,"reward/contact_count_avg":8.4,"reward/sustained_count_max":6,"reward/batch_max":-11.256615407996776,"_wandb":{"runtime":50571},"advantage/max":1.6906260251998901,"_step":3583,"critic/value_min":-173.7427978515625,"critic/value_mean":-140.69973754882812,"ppo/ratio_mean":1.0213358402252197,"reward/height_align_count_avg":68.3,"loss/critic":1850.098976135254,"ppo/ratio_min":0.8450707197189331,"reward/sustained_count_avg":1.4,"reward/contact_count_max":17,"critic/value_max":-37.74131393432617,"gradients/critic_clipped":1,"reward/height_align_count_max":89,"reward/grasp_count_avg":0.2,"logprob/per_dimension":-3.564130859375,"advantage/mean":0.7389997243881226}