{"training/sigma_max":0.16,"training/kl_divergence":1.2805538177490234,"time/batch_seconds":2.2313451766967773,"reward/batch_max":-15.691483191943698,"_wandb":{"runtime":20731},"_runtime":20731,"_step":9999,"loss/critic":31.67368507385254,"training/learning_rate":5.000000000000001e-07,"reward/batch_avg":-16.052797735831554,"training/value_mean":-24.074817657470703,"loss/policy":0.17225845158100128,"episodes_total":20000,"loss/entropy":0,"training/effective_batch_size":120,"reward/batch_min":-16.41411227971941,"training/advantage_mean":0,"training/sigma_min":0.08,"training/clip_fraction":1,"batch":10000,"_timestamp":1.7670094284612248e+09}