{"training/learning_rate":2.9998549194139445e-06,"training/advantage_mean":-5.960464477539063e-08,"training/sigma_min":0.02,"batch":7,"loss/entropy":-571.6804809570312,"training/value_mean":-63.955440521240234,"training/kl_divergence":9.14794921875,"_wandb":{"runtime":32},"time/batch_seconds":3.8087053298950195,"_timestamp":1.7669691776055768e+09,"_step":6,"training/clip_fraction":1,"training/sigma_max":0.04,"episodes_total":14,"reward/batch_max":-41.49059165775893,"reward/batch_min":-43.582710424375776,"reward/batch_avg":-42.53665104106735,"_runtime":32,"loss/critic":364.08074951171875,"loss/policy":17.149669647216797}