{"advantage/mean":0.35449206829071045,"advantage/std":1.2984617948532104,"ppo/ratio_std":0.2764135003089905,"episodes_total":740,"advantage/max":1.748928427696228,"logprob/new_mean":-1071.333740234375,"_wandb.runtime":9095,"training/kl_divergence":0.014820586843416094,"reward/batch_min":-26.4881348719516,"batch":74,"reward/positive_fraction":0,"_wandb":{"runtime":24055},"loss/critic":305.4759164810181,"advantage/min":-1.7691888809204102,"reward/std":2.681032180786133,"critic/value_max":-25.314224243164062,"training/sigma_min":0.25,"training/sigma_max":0.5,"critic/return_std":57.86967468261719,"gradients/policy_clipped":1,"critic/return_mean":-74.1766357421875,"reward/batch_avg":-19.583771443971763,"actions/saturation_low":0.02733333222568035,"logprob/old_mean":-1071.425048828125,"ppo/ratio_mean":1.1235707998275757,"logprob/drift":0.09130859375,"actions/std":0.5671854019165039,"_runtime":24055,"reward/batch_max":-10.569398596886153,"loss/policy":-0.0032743922609370204,"training/clip_fraction":0.8333333730697632,"reward/contact_count_avg":7.2,"time/batch_seconds":40.185627698898315,"logprob/per_dimension":-3.5711124674479167,"ppo/ratio_max":1.48007071018219,"gradients/critic_clipped":1,"training/effective_batch_size":120,"_step":622,"critic/value_min":-163.5990753173828,"actions/mean":0.30479320883750916,"ppo/ratio_min":0.8367561101913452,"critic/value_std":49.856658935546875,"reward/contact_rate":0.048,"critic/value_mean":-90.43687438964844,"_timestamp":1.7678528447211936e+09,"actions/saturation_high":0.17866666615009308,"training/learning_rate":9.97705085148888e-07,"gradients/policy_norm":35.07753372192383,"critic/explained_variance":0.8296165466308594,"reward/contact_count_max":16,"gradients/critic_norm":4296.65087890625,"loss/entropy":0}