{"_wandb.runtime":18034,"time/batch_seconds":23.784701585769653,"reward/batch_max":-75.89549888470194,"_timestamp":1.7659113904475794e+09,"_runtime":59287,"reward/batch_avg":-263.3077711693778,"loss/policy":-4.628227233886719,"reward/batch_min":-682.0076107539381,"_step":2494,"exploration/sigma_mean":0.1005602478981018,"_wandb":{"runtime":59287},"time/per_episode":2.3784701585769654,"batch":1483,"episodes_total":14830}