{"time/batch_seconds":29.054494857788086,"time/per_episode":1.936966323852539,"_runtime":3111,"batch":22,"reward/batch_min":-1166.6393666552776,"loss/policy":1.4969583749771118,"_wandb.runtime":2395,"_step":104,"exploration/sigma_mean":0.5075116753578186,"reward/batch_max":-312.4395628252864,"_wandb":{"runtime":3111},"_timestamp":1.7658273727007887e+09,"episodes_total":330,"reward/batch_avg":-692.6732080529055}