{"reward/contact_count_avg":0.5,"reward/positive_fraction":0,"_step":89,"training/kl_divergence":0.20708926022052765,"reward/grasp_rate":0,"actions/saturation_high":0.2926666736602783,"_runtime":830,"time/batch_seconds":3.1590898036956787,"training/sigma_min":0.25,"loss/critic":2749.4688720703125,"training/clip_fraction":0.75,"loss/entropy":0,"critic/return_mean":-307.77215576171875,"reward/sustained_contact_rate":0,"reward/height_align_count_max":86,"reward/grasp_count_max":0,"reward/height_align_rate":0.432,"reward/batch_avg":-46.291084140981994,"reward/sustained_count_max":0,"reward/contact_count_max":4,"critic/return_std":135.0881805419922,"advantage/min":-1.6706823110580444,"ppo/ratio_max":3.409489154815674,"ppo/ratio_min":0.1627083569765091,"episodes_total":900,"reward/batch_max":-24.104978291539254,"advantage/std":0.8165062069892883,"ppo/ratio_std":0.9697877168655396,"reward/sustained_count_avg":0,"logprob/old_mean":-1239.8203125,"_timestamp":1.7679065634715493e+09,"actions/saturation_low":0.10400000214576721,"reward/std":6.157558917999268,"logprob/drift":0.085693359375,"ppo/ratio_mean":1.423210620880127,"gradients/policy_norm":54.29085159301758,"gradients/critic_clipped":1,"reward/grasp_count_avg":0,"actions/mean":0.21684984862804413,"actions/std":0.7266315817832947,"training/sigma_max":0.5,"advantage/max":2.6445088386535645,"batch":90,"gradients/critic_norm":805.0851440429688,"reward/contact_rate":0.0033333333333333335,"critic/value_mean":-331.40631103515625,"advantage/mean":0.05407210439443588,"reward/height_align_count_avg":64.8,"critic/value_min":-449.3331604003906,"loss/policy":0.2393636368215084,"training/learning_rate":2.989247734100897e-06,"logprob/per_dimension":-4.13244873046875,"gradients/policy_clipped":1,"reward/batch_min":-63.51467996724736,"critic/value_std":96.94558715820312,"training/effective_batch_size":120,"_wandb":{"runtime":830},"logprob/new_mean":-1239.734619140625,"critic/value_max":-193.93533325195312,"critic/explained_variance":0.567589282989502}