{"loss/policy":17.2313232421875,"loss/entropy":-574.4368286132812,"training/sigma_min":0.02,"_wandb":{"runtime":146},"reward/episode":-45.82116454953834,"training/value_mean":-40.14847946166992,"training/advantage_mean":0,"loss/critic":122.757080078125,"time/episode_seconds":77.62872910499573,"_runtime":146,"training/clip_fraction":1,"reward/avg":-46.09707557232784,"training/sigma_max":0.04,"episode":2,"training/kl_divergence":0,"_timestamp":1.766966662302028e+09,"_step":1,"training/learning_rate":2.9999970391197622e-05}