{"reward/batch_min":-18.590974079611343,"batch":200,"_runtime":5878,"time/per_episode":1.9654762585957846,"_step":199,"reward/batch_max":-11.429801398432573,"exploration/sigma_mean":0.5066009759902954,"time/batch_seconds":29.482143878936768,"_wandb":{"runtime":5878},"reward/batch_avg":-14.85912416391476,"_timestamp":1.766022331343078e+09,"episodes_total":3000,"loss/policy":0.35522523522377014}