{"training/advantage_mean":-1.9868215517249155e-08,"loss/critic":542.1874389648438,"training/kl_divergence":7.482484340667725,"_wandb":{"runtime":517},"reward/episode":-40.23479197143371,"_wandb.runtime":243,"training/sigma_min":0.02,"episode":4,"loss/policy":16.953927993774414,"training/learning_rate":2.9999992597797375e-06,"training/clip_fraction":1,"_timestamp":1.766967583342399e+09,"_runtime":517,"reward/avg":-40.23479197143371,"_step":2,"time/episode_seconds":43.36841797828674,"loss/entropy":-565.10546875,"training/value_mean":-60.58099365234375,"training/sigma_max":0.04}