{"_wandb":{"runtime":169},"_step":17,"reward/batch_avg":-7369.6347398425,"training/sigma_min":0.08,"batch":18,"training/effective_batch_size":120,"_timestamp":1.7670235745716505e+09,"training/clip_fraction":1,"episodes_total":36,"reward/batch_max":-7296.981914484323,"training/value_mean":-2766.330810546875,"loss/critic":2.26369798e+07,"training/kl_divergence":24.320639109611513,"training/advantage_mean":-7.947286206899662e-08,"training/sigma_max":0.16,"loss/policy":0.017082693889582147,"time/batch_seconds":9.150147676467896,"training/learning_rate":4.999992879655009e-06,"loss/entropy":0,"_runtime":169,"reward/batch_min":-7442.287565200676}