{"actions/mean":0.03487718850374222,"ppo/ratio_std":0.26475420594215393,"reward/height_align_count_avg":40.4,"logprob/new_mean":-1044.5982666015625,"time/batch_seconds":20.363890647888184,"_timestamp":1.775376779230919e+09,"loss/policy":0.08618065577466041,"reward/contact_rate":0,"critic/value_mean":-311.1684875488281,"logprob/old_mean":-1044.33203125,"reward/contact_count_avg":0,"actions/saturation_high":0.1133333295583725,"reward/contact_count_max":0,"advantage/mean":0.034462567418813705,"logprob/per_dimension":-3.4819942220052083,"loss/critic":731.6268997192383,"gradients/policy_norm":16.406335830688477,"critic/return_std":24.893917083740234,"reward/sustained_count_avg":0,"reward/sustained_count_max":0,"critic/value_std":9.906564712524414,"reward/batch_avg":-62.85413313626011,"reward/batch_max":-44.17694380954332,"training/sigma_min":0.25,"gradients/critic_norm":250.83407592773438,"ppo/ratio_min":0.37927931547164917,"_wandb":{"runtime":4103},"_runtime":4103,"critic/value_max":-292.5486145019531,"ppo/ratio_mean":0.8101714849472046,"training/effective_batch_size":120,"gradients/critic_clipped":1,"reward/grasp_count_max":0,"reward/height_align_rate":0.2693333333333333,"training/sigma_max":0.5,"reward/grasp_count_avg":0,"reward/std":5.9297404289245605,"reward/sustained_contact_rate":0,"training/learning_rate":9.813510000696176e-07,"critic/explained_variance":0.26207250356674194,"loss/entropy":0,"batch":193,"gradients/policy_clipped":1,"episodes_total":1930,"_step":192,"advantage/max":1.9121588468551636,"reward/grasp_rate":0,"actions/std":0.6667855978012085,"critic/return_mean":-340.7799377441406,"ppo/ratio_max":1.1102144718170166,"actions/saturation_low":0.12099999934434891,"critic/value_min":-326.7320556640625,"reward/batch_min":-75.63083716094249,"advantage/min":-1.540687084197998,"training/clip_fraction":0.8333333730697632,"advantage/std":0.454215943813324,"logprob/drift":-0.2662353515625,"reward/positive_fraction":0,"reward/height_align_count_max":83,"training/kl_divergence":0.03523787423036993}