{"training/advantage_mean":-9.934107758624577e-09,"training/sigma_max":0.16,"training/learning_rate":1.4000000000000004e-06,"time/batch_seconds":10.273399591445923,"loss/entropy":0,"loss/critic":3.74720392e+07,"training/sigma_min":0.08,"_step":1,"_timestamp":1.7670232911745665e+09,"_wandb":{"runtime":27},"loss/policy":0.01661482528822198,"training/effective_batch_size":120,"training/kl_divergence":5.130645495653153,"_runtime":27,"batch":2,"training/clip_fraction":1,"episodes_total":4,"reward/batch_avg":-7316.005974511607,"reward/batch_min":-7437.752319287461,"training/value_mean":-39.0128173828125,"reward/batch_max":-7194.259629735752}