{"_runtime":1708,"_step":8,"_timestamp":1.7659335502744913e+09,"reward/batch_min":-2941.6609212972967,"_wandb.runtime":81,"time/per_episode":5.610657286643982,"exploration/sigma_mean":0.49445828795433044,"batch":5,"loss/policy":0.588703453540802,"reward/batch_avg":-1627.9303873055965,"reward/batch_max":-870.1879011503155,"_wandb":{"runtime":1708},"episodes_total":200,"time/batch_seconds":224.42629146575928}