{"training/learning_rate":9.97705085148888e-07,"critic/value_std":49.856658935546875,"actions/std":0.5671854019165039,"ppo/ratio_max":1.48007071018219,"ppo/ratio_std":0.2764135003089905,"training/kl_divergence":0.014820586843416094,"actions/mean":0.30479320883750916,"critic/explained_variance":0.8296165466308594,"batch":74,"reward/batch_min":-26.4881348719516,"loss/policy":-0.0032743922609370204,"training/effective_batch_size":120,"gradients/policy_clipped":1,"loss/entropy":0,"reward/contact_count_max":16,"gradients/critic_clipped":1,"critic/value_mean":-90.43687438964844,"episodes_total":740,"_wandb.runtime":9095,"_wandb":{"runtime":24053},"gradients/critic_norm":4296.65087890625,"advantage/min":-1.7691888809204102,"logprob/drift":0.09130859375,"loss/critic":305.4759164810181,"critic/value_min":-163.5990753173828,"reward/batch_max":-10.569398596886153,"time/batch_seconds":40.185627698898315,"_runtime":24053,"logprob/new_mean":-1071.333740234375,"actions/saturation_low":0.02733333222568035,"critic/return_mean":-74.1766357421875,"reward/std":2.681032180786133,"reward/batch_avg":-19.583771443971763,"advantage/mean":0.35449206829071045,"actions/saturation_high":0.17866666615009308,"advantage/std":1.2984617948532104,"reward/contact_rate":0.048,"_timestamp":1.7678528447211936e+09,"ppo/ratio_min":0.8367561101913452,"reward/positive_fraction":0,"critic/return_std":57.86967468261719,"gradients/policy_norm":35.07753372192383,"advantage/max":1.748928427696228,"reward/contact_count_avg":7.2,"training/sigma_max":0.5,"_step":622,"training/clip_fraction":0.8333333730697632,"critic/value_max":-25.314224243164062,"logprob/old_mean":-1071.425048828125,"training/sigma_min":0.25,"ppo/ratio_mean":1.1235707998275757,"logprob/per_dimension":-3.5711124674479167}