{"_runtime":72881,"time/batch_seconds":38.08959674835205,"_wandb":{"runtime":72881},"reward/batch_min":-1877.2002563553633,"_wandb.runtime":18034,"exploration/sigma_mean":0.3356890082359314,"loss/policy":0.990379273891449,"reward/batch_avg":-1044.4352957528602,"_timestamp":1.765926138074176e+09,"_step":3041,"episodes_total":60,"reward/batch_max":-570.3854170832132,"time/per_episode":3.8089596748352053,"batch":6}