{"training/value_mean":-35.613277435302734,"training/sigma_min":0.02,"loss/policy":16.955236434936523,"training/clip_fraction":1,"reward/episode":-40.64455970148398,"time/episode_seconds":112.01618528366089,"training/kl_divergence":0,"_step":1,"training/learning_rate":2.999997039119762e-06,"reward/avg":-38.6204968446182,"loss/entropy":-565.210693359375,"loss/critic":59.9450798034668,"_timestamp":1.7669670808439622e+09,"training/sigma_max":0.04,"_wandb":{"runtime":243},"episode":2,"_runtime":243,"training/advantage_mean":0}