step,boundary,start_monotonic,lateness_ms,overrun,reanchored,measured_act_shoulder_pan,measured_act_shoulder_lift,measured_act_elbow_flex,measured_act_wrist_flex,measured_act_wrist_roll,measured_act_gripper,policy_act_shoulder_pan,policy_act_shoulder_lift,policy_act_elbow_flex,policy_act_wrist_flex,policy_act_wrist_roll,policy_act_gripper,requested_act_shoulder_pan,requested_act_shoulder_lift,requested_act_elbow_flex,requested_act_wrist_flex,requested_act_wrist_roll,requested_act_gripper,executed_act_shoulder_pan,executed_act_shoulder_lift,executed_act_elbow_flex,executed_act_wrist_flex,executed_act_wrist_roll,executed_act_gripper,sent_physical_shoulder_pan,sent_physical_shoulder_lift,sent_physical_elbow_flex,sent_physical_wrist_flex,sent_physical_wrist_roll,sent_physical_gripper,returned_physical_shoulder_pan,returned_physical_shoulder_lift,returned_physical_elbow_flex,returned_physical_wrist_flex,returned_physical_wrist_roll,returned_physical_gripper,raw_goal_ticks_shoulder_pan,raw_goal_ticks_shoulder_lift,raw_goal_ticks_elbow_flex,raw_goal_ticks_wrist_flex,raw_goal_ticks_wrist_roll,raw_goal_ticks_gripper,hold_reason,consecutive_holds,frame_seq,frame_unix_time,frame_age_ms,read_ms,observe_ms,infer_ms,gate_ms,send_ms,step_ms
0,1,0.0,-10.030,0,0,0.008607,-2.862092,2.886869,1.362867,-0.049866,0.227751,0.008327,-2.860950,2.883352,1.361723,-0.049412,0.227146,0.008327,-2.860950,2.883352,1.361723,-0.049412,0.227146,0.008327,-2.860950,2.883352,1.361723,-0.049412,0.227146,0.265060,-91.066872,91.779953,43.344971,-1.572815,13.361555,0.265060,-91.066872,91.779953,43.344971,-1.572815,13.361555,1954,1044,3075,2499,2015,2114,,0,48,1789054461.188904,11.5,1.55,16.46,2.56,0.74,1.87,33.44
1,0,0.03333333333333333,-28.747,0,0,0.008607,-2.859297,2.892530,1.362867,-0.049866,0.227751,0.008116,-2.861190,2.883534,1.362015,-0.049401,0.227206,0.008116,-2.861190,2.883534,1.362015,-0.049401,0.227206,0.008116,-2.861190,2.883534,1.362015,-0.049401,0.227206,0.258339,-91.074493,91.785736,43.354279,-1.572487,13.365081,0.258339,-91.074493,91.785736,43.354279,-1.572487,13.365081,1954,1044,3075,2499,2015,2114,,0,,,,1.99,,0.04,0.52,1.66,33.19
2,0,0.06666666666666667,-29.415,0,0,0.012050,-2.859297,2.895360,1.362867,-0.049866,0.227751,0.007916,-2.861395,2.883684,1.362256,-0.049381,0.227415,0.007916,-2.861395,2.883684,1.362256,-0.049381,0.227415,0.007916,-2.861395,2.883685,1.362256,-0.049381,0.227415,0.251976,-91.081039,91.790527,43.361954,-1.571861,13.377362,0.251976,-91.081039,91.790527,43.361954,-1.571861,13.377362,1954,1044,3075,2499,2015,2114,,0,,,,1.63,,0.03,0.40,1.46,33.09
3,0,0.1,-29.485,0,0,0.012050,-2.862092,2.909511,1.362867,-0.049866,0.227751,0.007704,-2.861573,2.883746,1.362449,-0.049363,0.227730,0.007704,-2.861573,2.883746,1.362449,-0.049363,0.227730,0.007704,-2.861573,2.883746,1.362449,-0.049364,0.227730,0.245239,-91.086685,91.792480,43.368103,-1.571289,13.395900,0.245239,-91.086685,91.792480,43.368103,-1.571289,13.395900,1954,1044,3075,2499,2015,2114,,0,,,,1.42,,0.02,0.46,1.64,33.20
4,0,0.13333333333333333,-29.559,0,0,0.012050,-2.862092,2.918001,1.362867,-0.049866,0.227751,0.007498,-2.861733,2.883706,1.362601,-0.049342,0.228101,0.007498,-2.861733,2.883706,1.362601,-0.049342,0.228101,0.007498,-2.861733,2.883706,1.362601,-0.049342,0.228101,0.238678,-91.091782,91.791229,43.372940,-1.570610,13.417727,0.238678,-91.091782,91.791229,43.372940,-1.570610,13.417727,1954,1044,3075,2499,2015,2115,,0,,,,1.46,,0.02,0.39,1.58,33.21
5,0,0.16666666666666666,-29.648,0,0,0.008607,-2.862092,2.920832,1.362867,-0.049866,0.227751,0.007329,-2.861883,2.883611,1.362741,-0.049321,0.228465,0.007329,-2.861883,2.883611,1.362741,-0.049321,0.228465,0.007329,-2.861883,2.883611,1.362740,-0.049321,0.228465,0.233292,-91.096550,91.788193,43.377380,-1.569931,13.439089,0.233292,-91.096550,91.788193,43.377380,-1.569931,13.439089,1954,1044,3075,2499,2015,2115,,0,,,,1.35,,0.02,0.38,1.58,33.13
6,0,0.2,-29.665,0,0,0.008607,-2.862092,2.920832,1.362867,-0.049866,0.227751,0.007187,-2.862054,2.883477,1.362854,-0.049296,0.228774,0.007187,-2.862054,2.883477,1.362854,-0.049296,0.228774,0.007187,-2.862054,2.883477,1.362854,-0.049296,0.228774,0.228775,-91.102005,91.783936,43.380981,-1.569138,13.457290,0.228775,-91.102005,91.783936,43.380981,-1.569138,13.457290,1954,1044,3075,2499,2015,2115,,0,,,,1.36,,0.02,0.45,1.56,33.21
7,0,0.23333333333333334,-29.498,0,0,0.008607,-2.862092,2.920832,1.362867,-0.049866,0.227751,0.007050,-2.862241,2.883294,1.362921,-0.049263,0.229040,0.007050,-2.862241,2.883294,1.362921,-0.049263,0.229040,0.007050,-2.862241,2.883294,1.362921,-0.049262,0.229040,0.224411,-91.107964,91.778091,43.383118,-1.568069,13.472915,0.224411,-91.107964,91.778091,43.383118,-1.568069,13.472915,1954,1043,3075,2500,2015,2116,,0,,,,1.36,,0.02,0.38,1.72,33.19
8,0,0.26666666666666666,-29.132,0,0,0.008607,-2.862092,2.920832,1.362867,-0.049866,0.227751,0.006946,-2.862424,2.883034,1.362910,-0.049229,0.229261,0.006946,-2.862424,2.883034,1.362910,-0.049229,0.229261,0.006946,-2.862424,2.883034,1.362910,-0.049229,0.229261,0.221107,-91.113777,91.769836,43.382751,-1.567017,13.485914,0.221107,-91.113777,91.769836,43.382751,-1.567017,13.485914,1954,1043,3075,2500,2015,2116,,0,,,,1.59,,0.04,0.53,1.68,33.15
9,0,0.3,-29.407,0,0,0.008607,-2.862092,2.920832,1.362867,-0.049866,0.227751,0.006967,-2.862609,2.882735,1.362852,-0.049196,0.229393,0.006967,-2.862609,2.882735,1.362852,-0.049196,0.229393,0.006967,-2.862609,2.882735,1.362852,-0.049196,0.229393,0.221779,-91.119667,91.760284,43.380936,-1.565971,13.493696,0.221779,-91.119667,91.760284,43.380936,-1.565971,13.493696,1954,1043,3075,2499,2015,2116,,0,,,,1.51,,0.03,0.46,1.59,33.22
10,0,0.3333333333333333,-29.490,0,0,0.008607,-2.862092,2.920832,1.362867,-0.049866,0.227751,0.007169,-2.862851,2.882463,1.362858,-0.049152,0.229423,0.007169,-2.862851,2.882463,1.362858,-0.049152,0.229423,0.007169,-2.862851,2.882463,1.362858,-0.049152,0.229423,0.228188,-91.127388,91.751648,43.381104,-1.564568,13.495481,0.228188,-91.127388,91.751648,43.381104,-1.564568,13.495481,1954,1043,3075,2499,2015,2116,,0,,,,1.54,,0.02,0.39,1.49,33.09
11,0,0.36666666666666664,-29.604,0,0,0.008607,-2.862092,2.920832,1.362867,-0.049866,0.227751,0.007482,-2.863170,2.882239,1.362970,-0.049101,0.229386,0.007482,-2.863170,2.882239,1.362970,-0.049101,0.229386,0.007482,-2.863170,2.882239,1.362971,-0.049101,0.229386,0.238159,-91.137535,91.744507,43.384689,-1.562935,13.493294,0.238159,-91.137535,91.744507,43.384689,-1.562935,13.493294,1954,1043,3075,2500,2015,2116,,0,,,,1.46,,0.02,0.38,1.58,33.19
12,0,0.4,-29.640,0,0,0.008607,-2.862092,2.920832,1.362867,-0.049866,0.227751,0.007782,-2.863489,2.882035,1.363091,-0.049056,0.229298,0.007782,-2.863489,2.882035,1.363091,-0.049056,0.229298,0.007782,-2.863489,2.882035,1.363091,-0.049056,0.229298,0.247719,-91.147675,91.738037,43.388550,-1.561485,13.488129,0.247719,-91.147675,91.738037,43.388550,-1.561485,13.488129,1954,1043,3075,2500,2015,2116,,0,,,,1.43,,0.02,0.42,1.52,33.19
13,0,0.43333333333333335,-29.593,0,0,0.008607,-2.862092,2.920832,1.362867,-0.049866,0.227751,0.008017,-2.863813,2.881877,1.363192,-0.049021,0.229163,0.008017,-2.863813,2.881877,1.363192,-0.049021,0.229163,0.008017,-2.863813,2.881877,1.363192,-0.049021,0.229163,0.255188,-91.157990,91.733002,43.391754,-1.560394,13.480165,0.255188,-91.157990,91.733002,43.391754,-1.560394,13.480165,1954,1043,3075,2500,2015,2116,,0,,,,1.44,,0.02,0.39,1.58,33.13
14,0,0.4666666666666667,-29.572,0,0,0.008607,-2.862092,2.920832,1.362867,-0.049866,0.227751,0.008198,-2.864166,2.881801,1.363308,-0.048990,0.228995,0.008198,-2.864166,2.881801,1.363308,-0.048990,0.228995,0.008198,-2.864166,2.881801,1.363308,-0.048990,0.228995,0.260948,-91.169250,91.730576,43.395447,-1.559418,13.470322,0.260948,-91.169250,91.730576,43.395447,-1.559418,13.470322,1954,1043,3075,2500,2015,2116,,0,,,,1.39,,0.03,0.42,1.62,33.21
15,0,0.5,-29.619,0,0,0.008607,-2.862092,2.920832,1.362867,-0.049866,0.227751,0.008369,-2.864570,2.881819,1.363465,-0.048965,0.228840,0.008369,-2.864570,2.881819,1.363465,-0.048965,0.228840,0.008369,-2.864570,2.881819,1.363465,-0.048965,0.228840,0.266396,-91.182106,91.731155,43.400436,-1.558594,13.461200,0.266396,-91.182106,91.731155,43.400436,-1.558594,13.461200,1954,1043,3075,2500,2015,2115,,0,,,,1.38,,0.02,0.44,1.57,33.13
16,0,0.5333333333333333,-29.196,0,0,0.008607,-2.862092,2.920832,1.362867,-0.049866,0.227751,0.008541,-2.865003,2.881903,1.363649,-0.048942,0.228741,0.008541,-2.865003,2.881903,1.363649,-0.048942,0.228741,0.008541,-2.865003,2.881903,1.363649,-0.048942,0.228741,0.271858,-91.195877,91.733810,43.406296,-1.557861,13.455349,0.271858,-91.195877,91.733810,43.406296,-1.557861,13.455349,1954,1042,3075,2500,2015,2115,,0,,,,1.61,,0.03,0.52,1.70,33.26
17,0,0.5666666666666667,-29.364,0,0,0.008607,-2.862092,2.920832,1.362867,-0.049866,0.227751,0.008687,-2.865442,2.882015,1.363842,-0.048922,0.228707,0.008687,-2.865442,2.882015,1.363842,-0.048922,0.228707,0.008687,-2.865442,2.882015,1.363842,-0.048922,0.228707,0.276505,-91.209839,91.737396,43.412445,-1.557228,13.453341,0.276505,-91.209839,91.737396,43.412445,-1.557228,13.453341,1955,1042,3075,2500,2015,2115,,0,,,,1.47,,0.03,0.43,1.67,33.12
18,0,0.6,-29.147,0,0,0.008607,-2.862092,2.920832,1.362867,-0.049866,0.227751,0.008785,-2.865858,2.882134,1.364048,-0.048905,0.228707,0.008785,-2.865858,2.882134,1.364048,-0.048905,0.228707,0.008785,-2.865858,2.882134,1.364048,-0.048905,0.228707,0.279617,-91.223099,91.741165,43.418991,-1.556686,13.453325,0.279617,-91.223099,91.741165,43.418991,-1.556686,13.453325,1955,1042,3075,2500,2015,2115,,0,,,,1.64,,0.04,0.52,1.66,33.17
19,0,0.6333333333333333,-29.533,0,0,0.008607,-2.862092,2.920832,1.362867,-0.049866,0.227751,0.008835,-2.866227,2.882244,1.364266,-0.048890,0.228692,0.008835,-2.866227,2.882244,1.364266,-0.048890,0.228692,0.008835,-2.866227,2.882244,1.364266,-0.048890,0.228692,0.281212,-91.234840,91.744690,43.425934,-1.556206,13.452482,0.281212,-91.234840,91.744690,43.425934,-1.556206,13.452482,1955,1042,3075,2500,2015,2115,,0,,,,1.46,,0.02,0.46,1.55,33.17
20,0,0.6666666666666666,-29.473,0,0,0.008607,-2.862092,2.920832,1.362867,-0.049866,0.227751,0.008812,-2.866528,2.882336,1.364492,-0.048875,0.228636,0.008812,-2.866528,2.882336,1.364492,-0.048875,0.228636,0.008812,-2.866529,2.882336,1.364493,-0.048875,0.228636,0.280510,-91.244431,91.747620,43.433136,-1.555756,13.449192,0.280510,-91.244431,91.747620,43.433136,-1.555756,13.449192,1955,1042,3075,2500,2015,2115,,0,,,,1.53,,0.03,0.42,1.61,33.20
21,0,0.7,-29.501,0,0,0.008607,-2.862092,2.920832,1.362867,-0.049866,0.227751,0.008728,-2.866734,2.882375,1.364718,-0.048861,0.228564,0.008728,-2.866734,2.882375,1.364718,-0.048861,0.228564,0.008728,-2.866734,2.882375,1.364718,-0.048861,0.228564,0.277817,-91.250977,91.748856,43.440323,-1.555283,13.444937,0.277817,-91.250977,91.748856,43.440323,-1.555283,13.444937,1955,1042,3075,2500,2015,2115,,0,,,,1.47,,0.03,0.45,1.59,33.22
22,0,0.7333333333333333,-29.653,0,0,0.008607,-2.862092,2.920832,1.362867,-0.049866,0.227751,0.008634,-2.866854,2.882365,1.364978,-0.048842,0.228522,0.008634,-2.866854,2.882365,1.364978,-0.048842,0.228522,0.008634,-2.866854,2.882365,1.364978,-0.048842,0.228522,0.274811,-91.254784,91.748520,43.448578,-1.554680,13.442451,0.274811,-91.254784,91.748520,43.448578,-1.554680,13.442451,1955,1042,3075,2500,2015,2115,,0,,,,1.39,,0.03,0.41,1.54,33.12
23,0,0.7666666666666667,-29.042,0,0,0.008607,-2.862092,2.920832,1.362867,-0.049866,0.227751,0.008574,-2.866911,2.882327,1.365309,-0.048817,0.228542,0.008574,-2.866911,2.882327,1.365309,-0.048817,0.228542,0.008574,-2.866911,2.882327,1.365309,-0.048817,0.228542,0.272926,-91.256599,91.747314,43.459137,-1.553894,13.443622,0.272926,-91.256599,91.747314,43.459137,-1.553894,13.443622,1954,1042,3075,2500,2015,2115,,0,,,,1.39,,0.03,0.84,1.75,33.19
24,0,0.8,-29.419,0,0,0.008607,-2.862092,2.920832,1.362867,-0.049866,0.227751,0.008585,-2.866906,2.882263,1.365688,-0.048784,0.228632,0.008585,-2.866906,2.882263,1.365688,-0.048784,0.228632,0.008585,-2.866906,2.882263,1.365688,-0.048784,0.228632,0.273277,-91.256439,91.745285,43.471207,-1.552841,13.448921,0.273277,-91.256439,91.745285,43.471207,-1.552841,13.448921,1954,1042,3075,2501,2015,2115,,0,,,,1.50,,0.03,0.49,1.61,33.18
25,0,0.8333333333333334,-29.583,0,0,0.008607,-2.862092,2.920832,1.362867,-0.049866,0.227751,0.008682,-2.866825,2.882159,1.366030,-0.048745,0.228776,0.008682,-2.866825,2.882159,1.366030,-0.048745,0.228776,0.008682,-2.866825,2.882159,1.366030,-0.048745,0.228776,0.276352,-91.253883,91.741974,43.482086,-1.551598,13.457409,0.276352,-91.253883,91.741974,43.482086,-1.551598,13.457409,1955,1042,3075,2501,2015,2115,,0,,,,1.44,,0.03,0.42,1.61,33.25
26,0,0.8666666666666667,-29.110,0,0,0.008607,-2.862092,2.920832,1.362867,-0.049866,0.227751,0.008803,-2.866688,2.882029,1.366287,-0.048708,0.228937,0.008803,-2.866688,2.882029,1.366287,-0.048708,0.228937,0.008803,-2.866688,2.882029,1.366287,-0.048708,0.228937,0.280205,-91.249519,91.737823,43.490250,-1.550438,13.466862,0.280205,-91.249519,91.737823,43.490250,-1.550438,13.466862,1955,1042,3075,2501,2015,2116,,0,,,,1.51,,0.03,0.42,1.94,33.19
27,0,0.9,-29.383,0,0,0.008607,-2.862092,2.920832,1.362867,-0.049866,0.227751,0.008868,-2.866529,2.881894,1.366458,-0.048682,0.229078,0.008868,-2.866529,2.881894,1.366458,-0.048682,0.229078,0.008868,-2.866529,2.881894,1.366458,-0.048682,0.229078,0.282288,-91.244461,91.733536,43.495697,-1.549591,13.475198,0.282288,-91.244461,91.733536,43.495697,-1.549591,13.475198,1955,1042,3075,2501,2015,2116,,0,,,,1.57,,0.03,0.46,1.59,33.19
28,0,0.9333333333333333,-29.522,0,0,0.008607,-2.862092,2.920832,1.362867,-0.049866,0.227751,0.008830,-2.866391,2.881790,1.366582,-0.048668,0.229184,0.008830,-2.866391,2.881790,1.366582,-0.048668,0.229184,0.008830,-2.866391,2.881790,1.366582,-0.048668,0.229184,0.281075,-91.240051,91.730240,43.499664,-1.549149,13.481426,0.281075,-91.240051,91.730240,43.499664,-1.549149,13.481426,1955,1042,3075,2501,2015,2116,,0,,,,1.53,,0.02,0.39,1.58,33.19
29,0,0.9666666666666667,-29.579,0,0,0.008607,-2.862092,2.920832,1.362867,-0.049866,0.227751,0.008722,-2.866302,2.881748,1.366681,-0.048666,0.229244,0.008722,-2.866302,2.881748,1.366681,-0.048666,0.229244,0.008722,-2.866302,2.881748,1.366681,-0.048666,0.229244,0.277641,-91.237213,91.728897,43.502808,-1.549103,13.484952,0.277641,-91.237213,91.728897,43.502808,-1.549103,13.484952,1955,1042,3075,2501,2015,2116,,0,,,,1.46,,0.03,0.42,1.52,33.18
30,0,1.0,-29.268,0,0,0.008607,-2.862092,2.920832,1.362867,-0.049866,0.227751,0.008574,-2.866274,2.881793,1.366733,-0.048676,0.229246,0.008574,-2.866274,2.881793,1.366733,-0.048676,0.229246,0.008574,-2.866274,2.881793,1.366733,-0.048676,0.229246,0.272919,-91.236343,91.730316,43.504471,-1.549393,13.485065,0.272919,-91.236343,91.730316,43.504471,-1.549393,13.485065,1954,1042,3075,2501,2015,2116,,0,,,,1.40,,0.03,0.44,1.91,33.21
31,0,1.0333333333333334,-29.553,0,0,0.008607,-2.862092,2.920832,1.362867,-0.049866,0.227751,0.008394,-2.866304,2.881932,1.366683,-0.048694,0.229155,0.008394,-2.866304,2.881932,1.366683,-0.048694,0.229155,0.008394,-2.866304,2.881932,1.366683,-0.048694,0.229155,0.267181,-91.237297,91.734741,43.502869,-1.549980,13.479731,0.267181,-91.237297,91.734741,43.502869,-1.549980,13.479731,1954,1042,3075,2501,2015,2116,,0,,,,1.47,,0.03,0.41,1.55,33.17
32,0,1.0666666666666667,-29.748,0,0,0.008607,-2.862092,2.920832,1.362867,-0.049866,0.227751,0.008180,-2.866365,2.882164,1.366482,-0.048724,0.228983,0.008180,-2.866365,2.882164,1.366482,-0.048724,0.228983,0.008180,-2.866365,2.882164,1.366482,-0.048724,0.228983,0.260376,-91.239227,91.742126,43.496475,-1.550934,13.469559,0.260376,-91.239227,91.742126,43.496475,-1.550934,13.469559,1954,1042,3075,2501,2015,2116,,0,,,,1.34,,0.02,0.40,1.52,33.21
33,0,1.1,-29.028,0,0,0.008607,-2.862092,2.920832,1.362867,-0.049866,0.227751,0.007955,-2.866419,2.882447,1.366084,-0.048765,0.228809,0.007955,-2.866419,2.882447,1.366084,-0.048765,0.228809,0.007955,-2.866419,2.882447,1.366084,-0.048765,0.228809,0.253212,-91.240952,91.751144,43.483810,-1.552238,13.459360,0.253212,-91.240952,91.751144,43.483810,-1.552238,13.459360,1954,1042,3075,2501,2015,2115,,0,,,,1.64,,0.03,0.56,1.72,33.17
34,0,1.1333333333333333,-28.842,0,0,0.008607,-2.862092,2.920832,1.362867,-0.049866,0.227751,0.007745,-2.866455,2.882735,1.365512,-0.048811,0.228740,0.007745,-2.866455,2.882735,1.365512,-0.048811,0.228740,0.007745,-2.866455,2.882735,1.365512,-0.048811,0.228740,0.246536,-91.242081,91.760315,43.465591,-1.553711,13.455280,0.246536,-91.242081,91.760315,43.465591,-1.553711,13.455280,1954,1042,3075,2500,2015,2115,,0,,,,1.73,,0.03,0.49,1.85,33.18
35,0,1.1666666666666667,-28.277,0,0,0.008607,-2.862092,2.920832,1.362867,-0.049866,0.227751,0.007544,-2.866495,2.882989,1.364854,-0.048858,0.228833,0.007544,-2.866495,2.882989,1.364854,-0.048858,0.228833,0.007544,-2.866495,2.882989,1.364854,-0.048857,0.228833,0.240135,-91.243355,91.768372,43.444656,-1.555183,13.460743,0.240135,-91.243355,91.768372,43.444656,-1.555183,13.460743,1954,1042,3075,2500,2015,2115,,0,,,,2.27,,0.03,0.48,1.84,33.14
36,0,1.2,-29.152,0,0,0.008607,-2.862092,2.920832,1.362867,-0.049866,0.227751,0.007346,-2.866556,2.883175,1.364211,-0.048898,0.229087,0.007346,-2.866556,2.883175,1.364211,-0.048898,0.229087,0.007346,-2.866556,2.883175,1.364211,-0.048898,0.229087,0.233818,-91.245316,91.774292,43.424179,-1.556473,13.475698,0.233818,-91.245316,91.774292,43.424179,-1.556473,13.475698,1954,1042,3075,2500,2015,2116,,0,,,,1.64,,0.03,0.53,1.63,33.22
37,0,1.2333333333333334,-29.568,0,0,0.008607,-2.862092,2.920832,1.362867,-0.049866,0.227751,0.007144,-2.866645,2.883288,1.363658,-0.048928,0.229453,0.007144,-2.866645,2.883288,1.363658,-0.048928,0.229453,0.007144,-2.866645,2.883288,1.363658,-0.048928,0.229453,0.227394,-91.248138,91.777893,43.406586,-1.557411,13.497242,0.227394,-91.248138,91.777893,43.406586,-1.557411,13.497242,1954,1042,3075,2500,2015,2116,,0,,,,1.41,,0.02,0.40,1.46,33.02
38,0,1.2666666666666666,-29.690,0,0,0.008607,-2.862092,2.920832,1.362867,-0.049866,0.227751,0.006988,-2.866784,2.883346,1.363271,-0.048944,0.229843,0.006988,-2.866784,2.883346,1.363271,-0.048944,0.229843,0.006988,-2.866784,2.883346,1.363271,-0.048944,0.229843,0.222443,-91.252579,91.779755,43.394241,-1.557930,13.520148,0.222443,-91.252579,91.779755,43.394241,-1.557930,13.520148,1954,1042,3075,2500,2015,2116,,0,,,,1.34,,0.02,0.40,1.59,33.24
39,0,1.3,-29.426,0,0,0.008607,-2.862092,2.920832,1.362867,-0.049866,0.227751,0.006951,-2.866964,2.883355,1.363060,-0.048944,0.230152,0.006951,-2.866964,2.883355,1.363060,-0.048944,0.230152,0.006951,-2.866964,2.883355,1.363060,-0.048944,0.230152,0.221252,-91.258293,91.780029,43.387543,-1.557922,13.538376,0.221252,-91.258293,91.780029,43.387543,-1.557922,13.538376,1954,1042,3075,2500,2015,2117,,0,,,,1.53,,0.06,0.41,1.54,33.10
40,0,1.3333333333333333,-29.564,0,0,0.008607,-2.862092,2.920832,1.362867,-0.049866,0.227751,0.007053,-2.867116,2.883269,1.362920,-0.048925,0.230309,0.007053,-2.867116,2.883269,1.362920,-0.048925,0.230309,0.007053,-2.867117,2.883268,1.362920,-0.048925,0.230309,0.224518,-91.263153,91.777283,43.383087,-1.557327,13.547564,0.224518,-91.263153,91.777283,43.383087,-1.557327,13.547564,1954,1042,3075,2500,2015,2117,,0,,,,1.53,,0.02,0.40,1.53,33.21
41,0,1.3666666666666667,-29.068,0,0,0.008607,-2.862092,2.920832,1.362867,-0.049866,0.227751,0.007259,-2.867208,2.883077,1.362768,-0.048891,0.230266,0.007259,-2.867208,2.883077,1.362768,-0.048891,0.230266,0.007259,-2.867208,2.883077,1.362768,-0.048891,0.230266,0.231049,-91.266075,91.771194,43.378265,-1.556252,13.545039,0.231049,-91.266075,91.771194,43.378265,-1.556252,13.545039,1954,1042,3075,2499,2015,2117,,0,,,,1.42,,0.02,0.50,1.97,33.15
42,0,1.4,-29.704,0,0,0.008607,-2.862092,2.920832,1.362867,-0.049866,0.227751,0.007416,-2.867236,2.882801,1.362574,-0.048850,0.230021,0.007416,-2.867236,2.882801,1.362574,-0.048850,0.230021,0.007416,-2.867236,2.882801,1.362574,-0.048850,0.230021,0.236046,-91.266953,91.762405,43.372070,-1.554947,13.530621,0.236046,-91.266953,91.762405,43.372070,-1.554947,13.530621,1954,1042,3075,2499,2015,2116,,0,,,,1.35,,0.02,0.46,1.51,33.20
43,0,1.4333333333333333,-29.745,0,0,0.008607,-2.862092,2.920832,1.362867,-0.049866,0.227751,0.007429,-2.867222,2.882499,1.362356,-0.048812,0.229593,0.007429,-2.867222,2.882499,1.362356,-0.048812,0.229593,0.007429,-2.867222,2.882499,1.362356,-0.048812,0.229593,0.236488,-91.266510,91.752792,43.365143,-1.553741,13.505498,0.236488,-91.266510,91.752792,43.365143,-1.553741,13.505498,1954,1042,3075,2499,2015,2116,,0,,,,1.34,,0.02,0.45,1.49,33.17
44,0,1.4666666666666666,-29.477,0,0,0.008607,-2.862092,2.920832,1.362867,-0.049866,0.227751,0.007348,-2.867176,2.882205,1.362097,-0.048784,0.229008,0.007348,-2.867176,2.882205,1.362097,-0.048784,0.229008,0.007348,-2.867176,2.882205,1.362097,-0.048784,0.229008,0.233902,-91.265053,91.743439,43.356888,-1.552841,13.471031,0.233902,-91.265053,91.743439,43.356888,-1.552841,13.471031,1954,1042,3075,2499,2015,2116,,0,,,,1.59,,0.03,0.42,1.53,33.23
45,0,1.5,-29.382,0,0,0.008607,-2.862092,2.920832,1.362867,-0.049866,0.227751,0.007346,-2.867106,2.881916,1.361790,-0.048763,0.228312,0.007346,-2.867106,2.881916,1.361790,-0.048763,0.228312,0.007346,-2.867106,2.881916,1.361790,-0.048763,0.228312,0.233841,-91.262817,91.734238,43.347122,-1.552170,13.430110,0.233841,-91.262817,91.734238,43.347122,-1.552170,13.430110,1954,1042,3075,2499,2015,2115,,0,,,,1.45,,0.02,0.47,1.68,33.22
46,0,1.5333333333333334,-29.388,0,0,0.008607,-2.862092,2.920832,1.362867,-0.049866,0.227751,0.007478,-2.867050,2.881652,1.361500,-0.048746,0.227574,0.007478,-2.867050,2.881652,1.361500,-0.048746,0.227574,0.007478,-2.867050,2.881653,1.361500,-0.048746,0.227574,0.238037,-91.261024,91.725845,43.337891,-1.551636,13.386724,0.238037,-91.261024,91.725845,43.337891,-1.551636,13.386724,1954,1042,3075,2499,2015,2114,,0,,,,1.47,,0.03,0.47,1.58,33.15
47,0,1.5666666666666667,-29.543,0,0,0.008607,-2.862092,2.920832,1.362867,-0.049866,0.227751,0.007698,-2.867067,2.881474,1.361339,-0.048735,0.226876,0.007698,-2.867067,2.881474,1.361339,-0.048735,0.226876,0.007698,-2.867067,2.881474,1.361338,-0.048735,0.226876,0.245033,-91.261566,91.720169,43.332748,-1.551285,13.345641,0.245033,-91.261566,91.720169,43.332748,-1.551285,13.345641,1954,1042,3075,2499,2015,2114,,0,,,,1.50,,0.03,0.40,1.50,33.09
48,0,1.6,-29.737,0,0,0.008607,-2.862092,2.920832,1.362867,-0.049866,0.227751,0.007951,-2.867182,2.881401,1.361346,-0.048729,0.226311,0.007951,-2.867182,2.881401,1.361346,-0.048729,0.226311,0.007951,-2.867182,2.881401,1.361346,-0.048729,0.226311,0.253105,-91.265244,91.717834,43.332977,-1.551086,13.312432,0.253105,-91.265244,91.717834,43.332977,-1.551086,13.312432,1954,1042,3075,2499,2015,2113,,0,,,,1.44,,0.02,0.43,1.42,33.22
49,0,1.6333333333333333,-29.575,0,0,0.008607,-2.862092,2.920832,1.362867,-0.049866,0.227751,0.008200,-2.867349,2.881372,1.361442,-0.048722,0.225944,0.008200,-2.867349,2.881372,1.361442,-0.048722,0.225944,0.008200,-2.867349,2.881372,1.361442,-0.048722,0.225944,0.261017,-91.270546,91.716919,43.336029,-1.550865,13.290795,0.261017,-91.270546,91.716919,43.336029,-1.550865,13.290795,1954,1042,3075,2499,2015,2113,,0,,,,1.43,,0.02,0.39,1.59,33.16
50,0,1.6666666666666667,-29.863,0,0,0.008607,-2.862092,2.920832,1.362867,-0.049866,0.227751,0.008411,-2.867505,2.881332,1.361572,-0.048714,0.225770,0.008411,-2.867505,2.881332,1.361572,-0.048714,0.225770,0.008411,-2.867505,2.881333,1.361572,-0.048714,0.225770,0.267723,-91.275528,91.715652,43.340179,-1.550606,13.280577,0.267723,-91.275528,91.715652,43.340179,-1.550606,13.280577,1954,1042,3075,2499,2015,2113,,0,,,,1.31,,0.02,0.38,1.48,33.20
51,0,1.7,-29.584,0,0,0.008607,-2.862092,2.920832,1.362867,-0.049866,0.227751,0.008636,-2.867604,2.881273,1.361720,-0.048703,0.225772,0.008636,-2.867604,2.881273,1.361720,-0.048703,0.225772,0.008636,-2.867604,2.881273,1.361721,-0.048703,0.225772,0.274887,-91.278671,91.713760,43.344910,-1.550278,13.280731,0.274887,-91.278671,91.713760,43.344910,-1.550278,13.280731,1955,1042,3075,2499,2015,2113,,0,,,,1.37,,0.04,0.53,1.52,33.24
52,0,1.7333333333333334,-28.975,0,0,0.008607,-2.862092,2.920832,1.362867,-0.049866,0.227751,0.008974,-2.867612,2.881223,1.361868,-0.048689,0.225910,0.008974,-2.867612,2.881223,1.361868,-0.048689,0.225910,0.008974,-2.867612,2.881223,1.361868,-0.048689,0.225910,0.285652,-91.278931,91.712189,43.349609,-1.549828,13.288850,0.285652,-91.278931,91.712189,43.349609,-1.549828,13.288850,1955,1042,3075,2499,2015,2113,,0,,,,1.62,,0.03,0.54,1.77,33.12
53,0,1.7666666666666666,-29.449,0,0,0.008607,-2.862092,2.920832,1.362867,-0.049866,0.227751,0.009445,-2.867519,2.881229,1.361986,-0.048671,0.226149,0.009445,-2.867519,2.881229,1.361986,-0.048671,0.226149,0.009445,-2.867519,2.881229,1.361986,-0.048671,0.226149,0.300644,-91.275955,91.712372,43.353363,-1.549232,13.302896,0.300644,-91.275955,91.712372,43.353363,-1.549232,13.302896,1955,1042,3075,2499,2015,2113,,0,,,,1.40,,0.03,0.54,1.60,33.22
54,0,1.8,-29.314,0,0,0.008607,-2.862092,2.920832,1.362867,-0.049866,0.227751,0.009960,-2.867329,2.881315,1.362021,-0.048648,0.226452,0.009960,-2.867329,2.881315,1.362021,-0.048648,0.226452,0.009960,-2.867329,2.881315,1.362021,-0.048648,0.226452,0.317047,-91.269920,91.715118,43.354462,-1.548508,13.320714,0.317047,-91.269920,91.715118,43.354462,-1.548508,13.320714,1955,1042,3075,2499,2015,2113,,0,,,,1.69,,0.03,0.39,1.53,33.10
55,0,1.8333333333333333,-29.655,0,0,0.008607,-2.862092,2.920832,1.362867,-0.049866,0.227751,0.010420,-2.867108,2.881530,1.362003,-0.048623,0.226763,0.010420,-2.867108,2.881530,1.362003,-0.048623,0.226763,0.010420,-2.867108,2.881530,1.362003,-0.048623,0.226763,0.331665,-91.262871,91.721954,43.353897,-1.547714,13.339004,0.331665,-91.262871,91.721954,43.353897,-1.547714,13.339004,1955,1042,3075,2499,2015,2114,,0,,,,1.48,,0.02,0.41,1.49,33.21
56,0,1.8666666666666667,-29.392,0,0,0.008607,-2.862092,2.920832,1.362867,-0.049866,0.227751,0.010801,-2.866907,2.881886,1.361951,-0.048597,0.227005,0.010801,-2.866907,2.881886,1.361951,-0.048597,0.227005,0.010801,-2.866907,2.881886,1.361951,-0.048597,0.227005,0.343796,-91.256477,91.733292,43.352234,-1.546898,13.353231,0.343796,-91.256477,91.733292,43.352234,-1.546898,13.353231,1955,1042,3075,2499,2015,2114,,0,,,,1.58,,0.03,0.42,1.56,33.16
57,0,1.9,-29.558,0,0,0.008607,-2.862092,2.920832,1.362867,-0.049866,0.227751,0.011070,-2.866739,2.882331,1.361816,-0.048577,0.227094,0.011070,-2.866739,2.882331,1.361816,-0.048577,0.227094,0.011070,-2.866739,2.882331,1.361816,-0.048577,0.227094,0.352356,-91.251122,91.747421,43.347946,-1.546257,13.358456,0.352356,-91.251122,91.747421,43.347946,-1.546257,13.358456,1955,1042,3075,2499,2015,2114,,0,,,,1.49,,0.03,0.42,1.54,33.15
58,0,1.9333333333333333,-29.705,0,0,0.008607,-2.862092,2.920832,1.362867,-0.049866,0.227751,0.011157,-2.866560,2.882728,1.361510,-0.048566,0.226996,0.011157,-2.866560,2.882728,1.361510,-0.048566,0.226996,0.011157,-2.866560,2.882728,1.361510,-0.048566,0.226996,0.355148,-91.245453,91.760086,43.338196,-1.545906,13.352680,0.355148,-91.245453,91.760086,43.338196,-1.545906,13.352680,1955,1042,3075,2499,2015,2114,,0,,,,1.47,,0.02,0.40,1.49,33.17
59,0,1.9666666666666666,-29.478,0,0,0.008607,-2.862092,2.920832,1.362867,-0.049866,0.227751,0.011069,-2.866377,2.883002,1.361118,-0.048563,0.226754,0.011069,-2.866377,2.883002,1.361118,-0.048563,0.226754,0.011069,-2.866377,2.883002,1.361118,-0.048563,0.226754,0.352333,-91.239624,91.768784,43.325729,-1.545815,13.338473,0.352333,-91.239624,91.768784,43.325729,-1.545815,13.338473,1955,1042,3075,2499,2015,2114,,0,,,,1.50,,0.04,0.51,1.57,33.25
60,0,2.0,-29.721,0,0,0.008607,-2.862092,2.920832,1.362867,-0.049866,0.227751,0.010906,-2.866205,2.883127,1.360811,-0.048566,0.226423,0.010906,-2.866205,2.883127,1.360811,-0.048566,0.226423,0.010906,-2.866205,2.883127,1.360811,-0.048566,0.226423,0.347160,-91.234154,91.772781,43.315964,-1.545891,13.319010,0.347160,-91.234154,91.772781,43.315964,-1.545891,13.319010,1955,1042,3075,2499,2015,2113,,0,,,,1.29,,0.02,0.47,1.54,33.17
61,0,2.033333333333333,-29.118,0,0,0.008607,-2.862092,2.920832,1.362867,-0.049866,0.227751,0.010747,-2.866012,2.883085,1.360679,-0.048570,0.226070,0.010747,-2.866012,2.883085,1.360679,-0.048570,0.226070,0.010747,-2.866012,2.883085,1.360679,-0.048570,0.226070,0.342094,-91.227982,91.771423,43.311752,-1.546028,13.298246,0.342094,-91.227982,91.771423,43.311752,-1.546028,13.298246,1955,1042,3075,2499,2015,2113,,0,,,,1.63,,0.04,0.46,1.75,33.22
62,0,2.066666666666667,-28.995,0,0,0.008607,-2.862092,2.920832,1.362867,-0.049866,0.227751,0.010579,-2.865725,2.882846,1.360688,-0.048574,0.225751,0.010579,-2.865725,2.882846,1.360688,-0.048574,0.225751,0.010579,-2.865725,2.882846,1.360688,-0.048574,0.225751,0.336731,-91.218842,91.763824,43.312057,-1.546165,13.279483,0.336731,-91.218842,91.763824,43.312057,-1.546165,13.279483,1955,1042,3075,2499,2015,2113,,0,,,,1.74,,0.03,0.42,1.76,33.16
63,0,2.1,-29.290,0,0,0.008607,-2.862092,2.920832,1.362867,-0.049866,0.227751,0.010355,-2.865309,2.882431,1.360790,-0.048577,0.225501,0.010355,-2.865309,2.882431,1.360790,-0.048577,0.225501,0.010355,-2.865308,2.882431,1.360790,-0.048577,0.225501,0.329628,-91.205597,91.750626,43.315277,-1.546242,13.264781,0.329628,-91.205597,91.750626,43.315277,-1.546242,13.264781,1955,1042,3075,2499,2015,2113,,0,,,,1.56,,0.03,0.47,1.66,33.18
64,0,2.1333333333333333,-29.510,0,0,0.008607,-2.862092,2.920832,1.362867,-0.049866,0.227751,0.010056,-2.864750,2.881890,1.360881,-0.048578,0.225347,0.010056,-2.864750,2.881890,1.360881,-0.048578,0.225347,0.010056,-2.864750,2.881890,1.360881,-0.048578,0.225347,0.320099,-91.187828,91.733398,43.318192,-1.546295,13.255707,0.320099,-91.187828,91.733398,43.318192,-1.546295,13.255707,1955,1043,3075,2499,2015,2112,,0,,,,1.53,,0.02,0.40,1.58,33.19
65,0,2.1666666666666665,-29.650,0,0,0.008607,-2.862092,2.920832,1.362867,-0.049866,0.227751,0.009764,-2.864074,2.881288,1.360914,-0.048579,0.225305,0.009764,-2.864074,2.881288,1.360914,-0.048579,0.225305,0.009764,-2.864074,2.881288,1.360914,-0.048579,0.225305,0.310791,-91.166306,91.714249,43.319229,-1.546326,13.253236,0.310791,-91.166306,91.714249,43.319229,-1.546326,13.253236,1955,1043,3075,2499,2015,2112,,0,,,,1.45,,0.02,0.37,1.54,33.18
66,0,2.2,-29.591,0,0,0.008607,-2.862092,2.920832,1.362867,-0.049866,0.227751,0.009514,-2.863353,2.880718,1.360912,-0.048582,0.225374,0.009514,-2.863353,2.880718,1.360912,-0.048582,0.225374,0.009514,-2.863353,2.880718,1.360912,-0.048582,0.225374,0.302841,-91.143341,91.696121,43.319168,-1.546410,13.257318,0.302841,-91.143341,91.696121,43.319168,-1.546410,13.257318,1955,1043,3074,2499,2015,2112,,0,,,,1.40,,0.02,0.48,1.55,33.19
67,0,2.2333333333333334,-29.640,0,0,0.008607,-2.862092,2.920832,1.362867,-0.049866,0.227751,0.009259,-2.862655,2.880247,1.360867,-0.048587,0.225529,0.009259,-2.862655,2.880247,1.360867,-0.048587,0.225529,0.009259,-2.862655,2.880246,1.360867,-0.048587,0.225529,0.294708,-91.121124,91.681091,43.317749,-1.546577,13.266402,0.294708,-91.121124,91.681091,43.317749,-1.546577,13.266402,1955,1043,3074,2499,2015,2113,,0,,,,1.50,,0.02,0.39,1.49,33.19
68,0,2.2666666666666666,-29.220,0,0,0.008607,-2.862092,2.920832,1.362867,-0.049866,0.227751,0.008957,-2.862035,2.879896,1.360750,-0.048598,0.225704,0.008957,-2.862035,2.879896,1.360750,-0.048598,0.225704,0.008957,-2.862035,2.879896,1.360750,-0.048598,0.225704,0.285103,-91.101410,91.669952,43.314026,-1.546921,13.276702,0.285103,-91.101410,91.669952,43.314026,-1.546921,13.276702,1955,1044,3074,2499,2015,2113,,0,,,,1.31,,0.02,0.40,2.06,33.29
69,0,2.3,-29.027,0,0,0.008607,-2.862092,2.920832,1.362867,-0.049866,0.227751,0.008639,-2.861559,2.879693,1.360595,-0.048612,0.225814,0.008639,-2.861559,2.879693,1.360595,-0.048612,0.225814,0.008639,-2.861559,2.879693,1.360595,-0.048612,0.225814,0.274994,-91.086243,91.663483,43.309082,-1.547371,13.283175,0.274994,-91.086243,91.663483,43.309082,-1.547371,13.283175,1955,1044,3074,2499,2015,2113,,0,,,,1.52,,0.03,0.47,1.60,33.47
70,0,2.3333333333333335,-28.236,0,0,0.008607,-2.862092,2.920832,1.362867,-0.049866,0.227751,0.008344,-2.861270,2.879647,1.360478,-0.048631,0.225800,0.008344,-2.861270,2.879647,1.360478,-0.048631,0.225800,0.008344,-2.861270,2.879647,1.360478,-0.048631,0.225800,0.265594,-91.077057,91.662018,43.305359,-1.547966,13.282362,0.265594,-91.077057,91.662018,43.305359,-1.547966,13.282362,1954,1044,3074,2499,2015,2113,,0,,,,1.70,,0.04,0.47,1.95,32.61
71,0,2.3666666666666667,-29.217,0,0,0.008607,-2.862092,2.920832,1.362867,-0.049866,0.227751,0.008050,-2.861148,2.879703,1.360385,-0.048652,0.225662,0.008050,-2.861148,2.879703,1.360385,-0.048652,0.225662,0.008050,-2.861148,2.879703,1.360385,-0.048652,0.225662,0.256226,-91.073166,91.663788,43.302399,-1.548653,13.274229,0.256226,-91.073166,91.663788,43.302399,-1.548653,13.274229,1954,1044,3074,2499,2015,2113,,0,,,,1.52,,0.03,0.41,1.63,32.99
72,0,2.4,-29.432,0,0,0.008607,-2.862092,2.920832,1.362867,-0.049866,0.227751,0.007699,-2.861156,2.879809,1.360297,-0.048676,0.225442,0.007699,-2.861156,2.879809,1.360297,-0.048676,0.225442,0.007699,-2.861156,2.879809,1.360297,-0.048676,0.225442,0.245071,-91.073410,91.667175,43.299591,-1.549408,13.261292,0.245071,-91.073410,91.667175,43.299591,-1.549408,13.261292,1954,1044,3074,2499,2015,2113,,0,,,,1.52,,0.03,0.37,1.48,32.99
73,0,2.433333333333333,-29.244,0,0,0.008607,-2.862092,2.920832,1.362867,-0.049866,0.227751,0.007294,-2.861253,2.879941,1.360241,-0.048701,0.225176,0.007294,-2.861253,2.879941,1.360241,-0.048701,0.225176,0.007294,-2.861253,2.879941,1.360241,-0.048701,0.225176,0.232170,-91.076500,91.671371,43.297821,-1.550186,13.245633,0.232170,-91.076500,91.671371,43.297821,-1.550186,13.245633,1954,1044,3074,2499,2015,2112,,0,,,,1.65,,0.03,0.43,1.64,33.19
74,0,2.466666666666667,-29.565,0,0,0.008607,-2.862092,2.920832,1.362867,-0.049866,0.227751,0.006912,-2.861415,2.880104,1.360239,-0.048721,0.224877,0.006912,-2.861415,2.880104,1.360239,-0.048721,0.224877,0.006912,-2.861415,2.880104,1.360239,-0.048721,0.224877,0.220016,-91.081665,91.676544,43.297760,-1.550842,13.228032,0.220016,-91.081665,91.676544,43.297760,-1.550842,13.228032,1954,1044,3074,2499,2015,2112,,0,,,,1.47,,0.02,0.39,1.58,33.20
75,0,2.5,-29.303,0,0,0.008607,-2.862092,2.920832,1.362867,-0.049866,0.227751,0.006616,-2.861633,2.880320,1.360266,-0.048737,0.224582,0.006616,-2.861633,2.880320,1.360266,-0.048737,0.224582,0.006616,-2.861633,2.880320,1.360266,-0.048737,0.224582,0.210609,-91.088608,91.683441,43.298615,-1.551346,13.210714,0.210609,-91.088608,91.683441,43.298615,-1.551346,13.210714,1954,1044,3074,2499,2015,2112,,0,,,,1.48,,0.03,0.47,1.70,33.17
76,0,2.533333333333333,-29.245,0,0,0.008607,-2.862092,2.920832,1.362867,-0.049866,0.227751,0.006358,-2.861912,2.880629,1.360286,-0.048750,0.224372,0.006358,-2.861912,2.880629,1.360286,-0.048750,0.224372,0.006358,-2.861912,2.880629,1.360286,-0.048750,0.224372,0.202385,-91.097504,91.693268,43.299240,-1.551773,13.198352,0.202385,-91.097504,91.693268,43.299240,-1.551773,13.198352,1954,1044,3074,2499,2015,2112,,0,,,,1.55,,0.03,0.52,1.65,33.24
77,0,2.566666666666667,-29.648,0,0,0.008607,-2.862092,2.920832,1.362867,-0.049866,0.227751,0.006089,-2.862284,2.881101,1.360277,-0.048765,0.224320,0.006089,-2.862284,2.881101,1.360277,-0.048765,0.224320,0.006089,-2.862284,2.881101,1.360277,-0.048765,0.224320,0.193810,-91.109329,91.708298,43.298965,-1.552254,13.195292,0.193810,-91.109329,91.708298,43.298965,-1.552254,13.195292,1954,1043,3074,2499,2015,2112,,0,,,,1.41,,0.02,0.38,1.51,33.07
78,0,2.6,-29.138,0,0,0.008607,-2.862092,2.920832,1.362867,-0.049866,0.227751,0.005851,-2.862809,2.881803,1.360193,-0.048780,0.224450,0.005851,-2.862809,2.881803,1.360193,-0.048780,0.224450,0.005851,-2.862809,2.881803,1.360193,-0.048780,0.224450,0.186249,-91.126030,91.730637,43.296295,-1.552727,13.202914,0.186249,-91.126030,91.730637,43.296295,-1.552727,13.202914,1954,1043,3075,2499,2015,2112,,0,,,,1.54,,0.03,0.48,1.88,33.24
79,0,2.6333333333333333,-29.062,0,0,0.008607,-2.862092,2.920832,1.362867,-0.049866,0.227751,0.005708,-2.863614,2.882806,1.360006,-0.048794,0.224732,0.005708,-2.863614,2.882806,1.360006,-0.048794,0.224732,0.005708,-2.863614,2.882806,1.360006,-0.048794,0.224732,0.181702,-91.151665,91.762558,43.290344,-1.553146,13.219521,0.181702,-91.151665,91.762558,43.290344,-1.553146,13.219521,1954,1043,3075,2498,2015,2112,,0,,,,1.48,,0.02,0.37,2.08,33.19
80,0,2.6666666666666665,-29.593,0,0,0.008607,-2.862092,2.920832,1.362867,-0.049866,0.227751,0.005702,-2.864873,2.884196,1.359750,-0.048805,0.225099,0.005702,-2.864873,2.884196,1.359750,-0.048805,0.225099,0.005702,-2.864873,2.884196,1.359750,-0.048805,0.225099,0.181511,-91.191750,91.806793,43.282181,-1.553520,13.241127,0.181511,-91.191750,91.806793,43.282181,-1.553520,13.241127,1954,1043,3076,2498,2015,2112,,0,,,,1.48,,0.02,0.39,1.55,33.20
81,0,2.7,-29.615,0,0,0.008607,-2.862092,2.920832,1.362867,-0.049866,0.227751,0.005734,-2.866690,2.886007,1.359429,-0.048824,0.225480,0.005734,-2.866690,2.886007,1.359429,-0.048824,0.225480,0.005734,-2.866690,2.886007,1.359429,-0.048824,0.225480,0.182533,-91.249565,91.864456,43.271957,-1.554115,13.263554,0.182533,-91.249565,91.864456,43.271957,-1.554115,13.263554,1954,1042,3076,2498,2015,2113,,0,,,,1.43,,0.04,0.44,1.49,33.19
82,0,2.7333333333333334,-29.592,0,0,0.008607,-2.862092,2.920832,1.362867,-0.049866,0.227751,0.005711,-2.869072,2.888199,1.359046,-0.048854,0.225804,0.005711,-2.869072,2.888199,1.359046,-0.048854,0.225804,0.005711,-2.869072,2.888200,1.359046,-0.048854,0.225804,0.181770,-91.325409,91.934235,43.259781,-1.555084,13.282615,0.181770,-91.325409,91.934235,43.259781,-1.555084,13.282615,1954,1041,3077,2498,2015,2113,,0,,,,1.50,,0.02,0.39,1.52,33.16
83,0,2.7666666666666666,-29.568,0,0,0.008607,-2.862092,2.920832,1.362867,-0.049866,0.227751,0.005606,-2.871964,2.890703,1.358666,-0.048899,0.226031,0.005606,-2.871964,2.890703,1.358666,-0.048899,0.226031,0.005606,-2.871964,2.890703,1.358666,-0.048899,0.226031,0.178444,-91.417465,92.013947,43.247681,-1.556503,13.295945,0.178444,-91.417465,92.013947,43.247681,-1.556503,13.295945,1954,1040,3078,2498,2015,2113,,0,,,,1.42,,0.02,0.38,1.65,33.28
84,0,2.8,-29.194,0,0,0.008607,-2.862092,2.920832,1.362867,-0.049866,0.227751,0.005476,-2.875184,2.893382,1.358348,-0.048956,0.226164,0.005476,-2.875184,2.893382,1.358348,-0.048956,0.226164,0.005476,-2.875184,2.893382,1.358348,-0.048956,0.226164,0.174309,-91.519958,92.099213,43.237564,-1.558311,13.303786,0.174309,-91.519958,92.099213,43.237564,-1.558311,13.303786,1954,1039,3079,2498,2015,2113,,0,,,,1.62,,0.03,0.40,1.55,32.95
85,0,2.8333333333333335,-29.604,0,0,0.008607,-2.862092,2.920832,1.362867,-0.049866,0.227751,0.005330,-2.878362,2.895932,1.358042,-0.049019,0.226238,0.005330,-2.878362,2.895932,1.358042,-0.049019,0.226238,0.005330,-2.878362,2.895932,1.358042,-0.049019,0.226238,0.169647,-91.621101,92.180389,43.227829,-1.560333,13.308102,0.169647,-91.621101,92.180389,43.227829,-1.560333,13.308102,1954,1038,3080,2498,2015,2113,,0,,,,1.47,,0.02,0.41,1.52,33.18
86,0,2.8666666666666667,-29.809,0,0,0.008607,-2.862092,2.920832,1.362867,-0.049866,0.227751,0.005155,-2.880985,2.897923,1.357691,-0.049081,0.226289,0.005155,-2.880985,2.897923,1.357691,-0.049081,0.226289,0.005155,-2.880985,2.897923,1.357691,-0.049081,0.226289,0.164093,-91.704582,92.243744,43.216644,-1.562294,13.311109,0.164093,-91.704582,92.243744,43.216644,-1.562294,13.311109,1953,1037,3080,2498,2015,2113,,0,,,,1.30,,0.02,0.39,1.52,33.20
87,0,2.9,-29.432,0,0,0.008607,-2.862092,2.920832,1.362867,-0.049866,0.227751,0.004991,-2.882422,2.898834,1.357430,-0.049126,0.226349,0.004991,-2.882422,2.898834,1.357430,-0.049126,0.226349,0.004991,-2.882422,2.898834,1.357430,-0.049126,0.226349,0.158867,-91.750336,92.272766,43.208328,-1.563713,13.314661,0.158867,-91.750336,92.272766,43.208328,-1.563713,13.314661,1953,1036,3081,2498,2015,2113,,0,,,,1.52,,0.03,0.46,1.55,33.25
88,0,2.933333333333333,-29.450,0,0,0.008607,-2.862092,2.920832,1.362867,-0.049866,0.227751,0.004894,-2.881844,2.897963,1.357464,-0.049134,0.226482,0.004894,-2.881844,2.897963,1.357464,-0.049134,0.226482,0.004894,-2.881844,2.897963,1.357464,-0.049134,0.226482,0.155769,-91.731926,92.245026,43.209412,-1.563988,13.322460,0.155769,-91.731926,92.245026,43.209412,-1.563988,13.322460,1953,1036,3080,2498,2015,2113,,0,,,,1.52,,0.03,0.41,1.52,33.09
89,0,2.966666666666667,-29.296,0,0,0.008607,-2.862092,2.920832,1.362867,-0.049866,0.227751,0.004863,-2.878220,2.894400,1.358063,-0.049083,0.226823,0.004863,-2.878220,2.894400,1.358063,-0.049083,0.226823,0.004863,-2.878220,2.894400,1.358063,-0.049083,0.226823,0.154808,-91.616577,92.131607,43.228500,-1.562363,13.342535,0.154808,-91.616577,92.131607,43.228500,-1.562363,13.342535,1953,1038,3079,2498,2015,2114,,0,,,,1.55,,0.03,0.57,1.54,33.11
90,1,3.0,-19.943,0,0,0.008607,-2.862092,2.920832,1.362867,-0.049866,0.227751,0.010346,-2.876369,2.921512,1.356574,-0.050142,0.223758,0.010346,-2.876369,2.921512,1.356574,-0.050142,0.223758,0.010346,-2.876369,2.921512,1.356574,-0.050143,0.223758,0.329315,-91.557678,92.994614,43.181091,-1.596085,13.162255,0.329315,-91.557678,92.994614,43.181091,-1.596085,13.162255,1955,1038,3089,2497,2014,2111,,0,128,1789054464.185509,15.3,1.59,7.11,2.13,0.43,1.70,33.08
91,0,3.033333333333333,-29.393,0,0,0.008607,-2.862092,2.920832,1.362867,-0.049866,0.227751,0.010346,-2.879747,2.925738,1.355305,-0.050137,0.223574,0.010346,-2.879747,2.925738,1.355305,-0.050137,0.223574,0.010346,-2.879747,2.925738,1.355306,-0.050137,0.223574,0.329330,-91.665192,93.129135,43.140717,-1.595917,13.151425,0.329330,-91.665192,93.129135,43.140717,-1.595917,13.151425,1955,1037,3090,2497,2014,2111,,0,,,,1.65,,0.03,0.44,1.51,33.18
92,0,3.066666666666667,-29.549,0,0,0.008607,-2.862092,2.929323,1.362867,-0.049866,0.227751,0.010408,-2.880287,2.927467,1.354254,-0.050093,0.224056,0.010408,-2.880287,2.927467,1.354254,-0.050093,0.224056,0.010408,-2.880287,2.927466,1.354254,-0.050093,0.224056,0.331291,-91.682373,93.184143,43.107254,-1.594528,13.179794,0.331291,-91.682373,93.184143,43.107254,-1.594528,13.179794,1955,1037,3091,2496,2014,2111,,0,,,,1.47,,0.02,0.38,1.60,33.18
93,0,3.1,-29.615,0,0,0.008607,-2.862092,2.949135,1.362867,-0.049866,0.227751,0.010392,-2.876691,2.925524,1.353882,-0.049947,0.225453,0.010392,-2.876691,2.925524,1.353882,-0.049947,0.225453,0.010392,-2.876691,2.925524,1.353882,-0.049948,0.225453,0.330795,-91.567909,93.122345,43.095398,-1.589874,13.261932,0.330795,-91.567909,93.122345,43.095398,-1.589874,13.261932,1955,1038,3090,2496,2014,2113,,0,,,,1.44,,0.02,0.46,1.49,33.18
94,0,3.1333333333333333,-29.547,0,0,0.008607,-2.862092,2.960456,1.362867,-0.049866,0.227751,0.010333,-2.867821,2.918808,1.354676,-0.049663,0.227948,0.010333,-2.867821,2.918808,1.354676,-0.049663,0.227948,0.010333,-2.867821,2.918808,1.354676,-0.049663,0.227948,0.328911,-91.285591,92.908539,43.120667,-1.580811,13.408727,0.328911,-91.285591,92.908539,43.120667,-1.580811,13.408727,1955,1041,3088,2497,2015,2115,,0,,,,1.49,,0.02,0.38,1.52,33.13
95,0,3.1666666666666665,-29.494,0,0,0.008607,-2.862092,2.963286,1.362867,-0.051401,0.227751,0.010330,-2.852512,2.906183,1.356905,-0.049222,0.231715,0.010330,-2.852512,2.906183,1.356905,-0.049222,0.231715,0.010330,-2.852512,2.906183,1.356905,-0.049222,0.231715,0.328804,-90.798286,92.506699,43.191620,-1.566788,13.630295,0.328804,-90.798286,92.506699,43.191620,-1.566788,13.630295,1955,1047,3083,2497,2015,2118,,0,,,,1.41,,0.03,0.45,1.64,33.20
96,0,3.2,-29.612,0,0,0.008607,-2.862092,2.963286,1.362867,-0.051401,0.227751,0.010300,-2.829780,2.886717,1.360726,-0.048587,0.236928,0.010300,-2.829780,2.886717,1.360726,-0.048587,0.236928,0.010300,-2.829781,2.886717,1.360726,-0.048587,0.236928,0.327858,-90.074707,91.887039,43.313248,-1.546570,13.936928,0.327858,-90.074707,91.887039,43.313248,-1.546570,13.936928,1955,1055,3076,2499,2015,2122,,0,,,,1.39,,0.02,0.52,1.50,33.20
97,0,3.2333333333333334,-29.255,0,0,0.008607,-2.862092,2.963286,1.362867,-0.051401,0.227751,0.010039,-2.798954,2.859772,1.366333,-0.047760,0.243730,0.010039,-2.798954,2.859772,1.366333,-0.047760,0.243730,0.010039,-2.798954,2.859773,1.366332,-0.047760,0.243730,0.319565,-89.093483,91.029388,43.491714,-1.520241,14.337069,0.319565,-89.093483,91.029388,43.491714,-1.520241,14.337069,1955,1066,3067,2501,2016,2128,,0,,,,1.53,,0.03,0.44,1.77,33.24
98,0,3.2666666666666666,-28.790,0,0,0.008607,-2.850912,2.963286,1.362867,-0.051401,0.227751,0.009543,-2.759454,2.824838,1.373765,-0.046718,0.252230,0.009543,-2.759454,2.824838,1.373765,-0.046718,0.252230,0.009543,-2.759454,2.824839,1.373765,-0.046718,0.252230,0.303772,-87.836128,89.917404,43.728302,-1.487091,14.837080,0.303772,-87.836128,89.917404,43.728302,-1.487091,14.837080,1955,1080,3055,2503,2017,2136,,0,,,,1.54,,0.03,0.46,2.11,33.16
99,0,3.3,-28.623,0,0,0.008607,-2.828551,2.963286,1.362867,-0.051401,0.227751,0.008909,-2.710956,2.781652,1.383001,-0.045454,0.262501,0.008909,-2.710956,2.781652,1.383001,-0.045454,0.262501,0.008909,-2.710956,2.781652,1.383001,-0.045454,0.262501,0.283585,-86.292412,88.542740,44.022278,-1.446831,15.441224,0.283585,-86.292412,88.542740,44.022278,-1.446831,15.441224,1955,1098,3039,2507,2017,2144,,0,,,,1.90,,0.03,0.49,1.79,33.01
100,0,3.3333333333333335,-29.505,0,0,0.008607,-2.800601,2.963286,1.365611,-0.049866,0.232399,0.008259,-2.653408,2.730270,1.394134,-0.043964,0.274569,0.008259,-2.653408,2.730270,1.394134,-0.043964,0.274569,0.008259,-2.653408,2.730270,1.394134,-0.043964,0.274569,0.262878,-84.460602,86.907181,44.376663,-1.399429,16.151117,0.262878,-84.460602,86.907181,44.376663,-1.399429,16.151117,1954,1118,3021,2511,2018,2155,,0,,,,1.51,,0.02,0.42,1.56,33.17
101,0,3.3666666666666667,-29.434,0,0,0.008607,-2.764266,2.949135,1.376591,-0.049866,0.244019,0.007455,-2.586950,2.670942,1.407314,-0.042262,0.288439,0.007455,-2.586950,2.670942,1.407314,-0.042262,0.288439,0.007455,-2.586950,2.670943,1.407314,-0.042262,0.288439,0.237289,-82.345184,85.018738,44.796188,-1.345238,16.967028,0.237289,-82.345184,85.018738,44.796188,-1.345238,16.967028,1954,1142,3000,2516,2019,2167,,0,,,,1.66,,0.02,0.39,1.52,33.18
102,0,3.4,-29.477,0,0,0.008607,-2.719546,2.920832,1.387571,-0.049866,0.254477,0.006364,-2.511805,2.603917,1.422428,-0.040358,0.304186,0.006364,-2.511805,2.603917,1.422428,-0.040358,0.304186,0.006364,-2.511805,2.603917,1.422428,-0.040358,0.304186,0.202560,-79.953232,82.885239,45.277298,-1.284630,17.893297,0.202560,-79.953232,82.885239,45.277298,-1.284630,17.893297,1954,1169,2977,2521,2021,2180,,0,,,,1.42,,0.02,0.48,1.62,33.19
103,0,3.433333333333333,-29.495,0,0,0.008607,-2.669236,2.878378,1.398551,-0.049866,0.267259,0.004906,-2.428292,2.529454,1.439214,-0.038265,0.321848,0.004906,-2.428292,2.529454,1.439214,-0.038265,0.321848,0.004906,-2.428292,2.529455,1.439214,-0.038265,0.321848,0.156166,-77.294937,80.515045,45.811600,-1.218002,18.932230,0.156166,-77.294937,80.515045,45.811600,-1.218002,18.932230,1953,1199,2950,2527,2022,2195,,0,,,,1.50,,0.02,0.39,1.61,33.16
104,0,3.466666666666667,-29.875,0,0,0.008607,-2.610541,2.830263,1.412276,-0.049866,0.281203,0.003116,-2.336842,2.447941,1.457392,-0.035982,0.341340,0.003116,-2.336842,2.447941,1.457392,-0.035982,0.341340,0.003116,-2.336843,2.447941,1.457392,-0.035982,0.341340,0.099197,-74.384003,77.920380,46.390228,-1.145348,20.078819,0.099197,-74.384003,77.920380,46.390228,-1.145348,20.078819,1953,1231,2921,2534,2024,2212,,0,,,,1.33,,0.02,0.38,1.47,33.21
105,0,3.5,-29.325,0,0,0.008607,-2.537870,2.770828,1.426000,-0.049866,0.296309,0.001125,-2.238067,2.359952,1.476862,-0.033515,0.362542,0.001125,-2.238067,2.359952,1.476862,-0.033515,0.362542,0.001125,-2.238067,2.359952,1.476862,-0.033515,0.362542,0.035812,-71.239876,75.119598,47.009964,-1.066818,21.326017,0.035812,-71.239876,75.119598,47.009964,-1.066818,21.326017,1952,1267,2890,2541,2025,2230,,0,,,,1.47,,0.03,0.62,1.62,33.17
106,0,3.533333333333333,-29.709,0,0,0.008607,-2.462405,2.702902,1.442470,-0.049866,0.313739,-0.001052,-2.132709,2.266163,1.497613,-0.030885,0.385291,-0.001052,-2.132709,2.266163,1.497613,-0.030885,0.385291,-0.001052,-2.132709,2.266163,1.497613,-0.030885,0.385291,-0.033478,-67.886238,72.134201,47.670502,-0.983086,22.664188,-0.033478,-67.886238,72.134201,47.670502,-0.983086,22.664188,1952,1304,2857,2549,2027,2250,,0,,,,1.45,,0.03,0.39,1.51,33.20
107,0,3.566666666666667,-29.757,0,0,0.008607,-2.378555,2.629315,1.458940,-0.049866,0.331169,-0.003499,-2.021487,2.167233,1.519486,-0.028113,0.409386,-0.003499,-2.021487,2.167233,1.519486,-0.028113,0.409386,-0.003499,-2.021488,2.167233,1.519486,-0.028113,0.409386,-0.111366,-64.345947,68.985168,48.366730,-0.894867,24.081505,-0.111366,-64.345947,68.985168,48.366730,-0.894867,24.081505,1951,1344,2822,2557,2029,2271,,0,,,,1.38,,0.02,0.37,1.54,33.20
108,0,3.6,-29.827,0,0,0.008607,-2.289114,2.550068,1.478154,-0.046798,0.350923,-0.006227,-1.905146,2.063810,1.542227,-0.025224,0.434640,-0.006227,-1.905146,2.063810,1.542227,-0.025224,0.434640,-0.006227,-1.905146,2.063810,1.542227,-0.025224,0.434640,-0.198204,-60.642662,65.693115,49.090607,-0.802917,25.567087,-0.198204,-60.642662,65.693115,49.090607,-0.802917,25.567087,1950,1386,2786,2565,2031,2293,,0,,,,1.39,,0.02,0.44,1.39,33.25
109,0,3.6333333333333333,-29.866,0,0,0.008607,-2.188494,2.465160,1.500114,-0.039126,0.373001,-0.009154,-1.784499,1.956567,1.565549,-0.022237,0.460880,-0.009154,-1.784499,1.956567,1.565549,-0.022237,0.460880,-0.009154,-1.784499,1.956567,1.565549,-0.022237,0.460880,-0.291382,-56.802380,62.279449,49.832962,-0.707825,27.110582,-0.291382,-56.802380,62.279449,49.832962,-0.707825,27.110582,1949,1429,2748,2573,2033,2315,,0,,,,1.33,,0.02,0.36,1.42,33.13
110,0,3.6666666666666665,-29.628,0,0,0.008607,-2.085078,2.374592,1.519329,-0.034523,0.395079,-0.012234,-1.660480,1.846294,1.589308,-0.019173,0.487882,-0.012234,-1.660480,1.846294,1.589308,-0.019173,0.487882,-0.012234,-1.660480,1.846294,1.589308,-0.019172,0.487882,-0.389420,-52.854717,58.769363,50.589233,-0.610283,28.698912,-0.389420,-52.854717,58.769363,50.589233,-0.610283,28.698912,1948,1473,2709,2582,2035,2338,,0,,,,1.30,,0.03,0.44,1.65,33.20
111,0,3.7,-29.567,0,0,0.008607,-1.978868,2.281193,1.538543,-0.028386,0.419481,-0.015401,-1.534088,1.733891,1.613442,-0.016055,0.515400,-0.015401,-1.534088,1.733891,1.613442,-0.016055,0.515400,-0.015401,-1.534088,1.733891,1.613442,-0.016055,0.515400,-0.490242,-48.831524,55.191452,51.357452,-0.511032,30.317646,-0.490242,-48.831524,55.191452,51.357452,-0.511032,30.317646,1948,1519,2669,2591,2037,2362,,0,,,,1.42,,0.02,0.43,1.58,33.20
112,0,3.7333333333333334,-29.304,0,0,0.008607,-1.861478,2.179303,1.563248,-0.023782,0.443882,-0.018535,-1.406370,1.620312,1.637826,-0.012907,0.543128,-0.018535,-1.406370,1.620312,1.637826,-0.012907,0.543128,-0.018535,-1.406370,1.620312,1.637826,-0.012907,0.543128,-0.589996,-44.766151,51.576126,52.133606,-0.410851,31.948685,-0.589996,-44.766151,51.576126,52.133606,-0.410851,31.948685,1947,1564,2629,2600,2039,2386,,0,,,,1.62,,0.02,0.37,1.68,33.15
113,0,3.7666666666666666,-29.822,0,0,0.008607,-1.744087,2.071753,1.585207,-0.020714,0.469446,-0.021661,-1.278363,1.506506,1.662246,-0.009761,0.570759,-0.021661,-1.278363,1.506506,1.662246,-0.009761,0.570759,-0.021661,-1.278363,1.506506,1.662246,-0.009761,0.570759,-0.689499,-40.691547,47.953568,52.910919,-0.310715,33.574078,-0.689499,-40.691547,47.953568,52.910919,-0.310715,33.574078,1946,1610,2589,2609,2041,2410,,0,,,,1.41,,0.02,0.37,1.44,33.20
114,0,3.8,-29.510,0,0,0.008607,-1.618312,1.967033,1.607167,-0.017645,0.496172,-0.024868,-1.151071,1.393394,1.686431,-0.006644,0.598095,-0.024868,-1.151071,1.393394,1.686431,-0.006644,0.598095,-0.024868,-1.151071,1.393394,1.686431,-0.006644,0.598095,-0.791557,-36.639721,44.353104,53.680756,-0.211487,35.182034,-0.791557,-36.639721,44.353104,53.680756,-0.211487,35.182034,1945,1656,2549,2617,2043,2433,,0,,,,1.49,,0.03,0.41,1.57,33.17
115,0,3.8333333333333335,-29.489,0,0,0.008607,-1.492536,1.853822,1.631871,-0.014576,0.524060,-0.028011,-1.025522,1.281906,1.710205,-0.003576,0.624957,-0.028011,-1.025522,1.281906,1.710205,-0.003576,0.624957,-0.028011,-1.025522,1.281906,1.710205,-0.003576,0.624957,-0.891624,-32.643372,40.804352,54.437531,-0.113815,36.762173,-0.891624,-32.643372,40.804352,54.437531,-0.113815,36.762173,1944,1701,2509,2626,2045,2456,,0,,,,1.49,,0.03,0.45,1.58,33.20
116,0,3.8666666666666667,-29.652,0,0,0.008607,-1.363966,1.746273,1.653831,-0.009973,0.550786,-0.030973,-0.902802,1.173013,1.733526,-0.000583,0.651173,-0.030973,-0.902802,1.173013,1.733526,-0.000583,0.651173,-0.030973,-0.902802,1.173013,1.733526,-0.000583,0.651173,-0.985909,-28.737076,37.338165,55.179840,-0.018570,38.304295,-0.985909,-28.737076,37.338165,55.179840,-0.018570,38.304295,1943,1744,2471,2635,2047,2479,,0,,,,1.47,,0.03,0.48,1.42,33.19
117,0,3.9,-29.764,0,0,0.008607,-1.235395,1.633062,1.678536,-0.006905,0.577512,-0.033793,-0.783939,1.067599,1.756293,0.002303,0.676584,-0.033793,-0.783939,1.067599,1.756293,0.002303,0.676584,-0.033793,-0.783939,1.067599,1.756293,0.002303,0.676584,-1.075661,-24.953552,33.982727,55.904526,0.073311,39.799030,-1.075661,-24.953552,33.982727,55.904526,0.073311,39.799030,1942,1787,2434,2643,2049,2501,,0,,,,1.32,,0.02,0.45,1.47,33.19
118,0,3.933333333333333,-29.333,0,0,0.008607,-1.104029,1.519852,1.703241,-0.003836,0.604238,-0.036619,-0.669867,0.966465,1.778245,0.005053,0.700986,-0.036619,-0.669867,0.966465,1.778245,0.005053,0.700986,-0.036619,-0.669867,0.966465,1.778245,0.005053,0.700986,-1.165619,-21.322533,30.763535,56.603287,0.160851,41.234459,-1.165619,-21.322533,30.763535,56.603287,0.160851,41.234459,1941,1828,2398,2651,2050,2522,,0,,,,1.29,,0.02,0.36,2.05,33.20
119,0,3.966666666666667,-29.605,0,0,0.008607,-0.972664,1.412302,1.725199,-0.002301,0.630964,-0.039428,-0.561481,0.870404,1.799081,0.007647,0.724151,-0.039428,-0.561481,0.870404,1.799081,0.007647,0.724151,-0.039428,-0.561481,0.870404,1.799082,0.007647,0.724151,-1.255020,-17.872490,27.705826,57.266541,0.243401,42.597122,-1.255020,-17.872490,27.705826,57.266541,0.243401,42.597122,1941,1867,2364,2658,2052,2542,,0,,,,1.39,,0.03,0.47,1.57,33.22
120,0,4.0,-29.607,0,0,0.001721,-0.846888,1.301921,1.747159,0.000767,0.657690,-0.042210,-0.459658,0.780190,1.818641,0.010067,0.745880,-0.042210,-0.459658,0.780190,1.818641,0.010067,0.745880,-0.042210,-0.459658,0.780190,1.818641,0.010067,0.745880,-1.343597,-14.631355,24.834206,57.889145,0.320457,43.875317,-1.343597,-14.631355,24.834206,57.889145,0.320457,43.875317,1940,1903,2332,2666,2054,2560,,0,,,,1.46,,0.02,0.44,1.50,33.12
121,0,4.033333333333333,-29.816,0,0,-0.008607,-0.723908,1.197201,1.769119,0.002301,0.682092,-0.044935,-0.365170,0.696494,1.836788,0.012301,0.765989,-0.044935,-0.365170,0.696494,1.836788,0.012301,0.765989,-0.044935,-0.365170,0.696494,1.836788,0.012301,0.765989,-1.430336,-11.623734,22.170082,58.466797,0.391541,45.058197,-1.430336,-11.623734,22.170082,58.466797,0.391541,45.058197,1939,1937,2303,2672,2055,2578,,0,,,,1.42,,0.02,0.37,1.46,33.22
122,0,4.066666666666666,-29.699,0,0,-0.022378,-0.603722,1.092482,1.788334,0.006904,0.704170,-0.047560,-0.278715,0.619895,1.853412,0.014328,0.784292,-0.047560,-0.278715,0.619895,1.853412,0.014328,0.784292,-0.047560,-0.278715,0.619895,1.853412,0.014328,0.784292,-1.513878,-8.871773,19.731857,58.995926,0.456070,46.134811,-1.513878,-8.871773,19.731857,58.995926,0.456070,46.134811,1938,1968,2276,2678,2056,2593,,0,,,,1.37,,0.02,0.38,1.60,33.20
123,0,4.1,-29.825,0,0,-0.043036,-0.489127,0.999083,1.810293,0.008439,0.727409,-0.049978,-0.200898,0.550915,1.868439,0.016138,0.800660,-0.049978,-0.200898,0.550915,1.868439,0.016138,0.800660,-0.049978,-0.200898,0.550915,1.868439,0.016138,0.800660,-1.590851,-6.394783,17.536186,59.474274,0.513672,47.097668,-1.590851,-6.394783,17.536186,59.474274,0.513672,47.097668,1937,1996,2251,2684,2058,2608,,0,,,,1.25,,0.03,0.46,1.51,33.19
124,0,4.133333333333334,-29.853,0,0,-0.049921,-0.380121,0.905684,1.826762,0.008439,0.747163,-0.052153,-0.132218,0.490010,1.881814,0.017725,0.815002,-0.052153,-0.132218,0.490010,1.881814,0.017725,0.815002,-0.052153,-0.132218,0.490010,1.881813,0.017725,0.815002,-1.660072,-4.208626,15.597511,59.899979,0.564194,47.941296,-1.660072,-4.208626,15.597511,59.899979,0.564194,47.941296,1937,2020,2230,2689,2059,2620,,0,,,,1.30,,0.03,0.42,1.47,33.24
125,0,4.166666666666667,-29.679,0,0,-0.049921,-0.279501,0.820777,1.843232,0.008439,0.766917,-0.054073,-0.072973,0.437442,1.893470,0.019087,0.827246,-0.054073,-0.072973,0.437442,1.893470,0.019087,0.827246,-0.054073,-0.072973,0.437442,1.893470,0.019087,0.827246,-1.721207,-2.322792,13.924217,60.270996,0.607559,48.661541,-1.721207,-2.322792,13.924217,60.270996,0.607559,48.661541,1936,2041,2211,2693,2059,2630,,0,,,,1.43,,0.02,0.39,1.48,33.17
126,0,4.2,-29.540,0,0,-0.046478,-0.190061,0.747190,1.859702,0.008439,0.784347,-0.055688,-0.023203,0.393209,1.903365,0.020224,0.837410,-0.055688,-0.023203,0.393209,1.903365,0.020224,0.837410,-0.055688,-0.023203,0.393209,1.903365,0.020224,0.837410,-1.772621,-0.738571,12.516235,60.585999,0.643753,49.259438,-1.772621,-0.738571,12.516235,60.585999,0.643753,49.259438,1936,2059,2195,2696,2060,2639,,0,,,,1.46,,0.03,0.46,1.48,33.15
127,0,4.233333333333333,-29.479,0,0,-0.039593,-0.111800,0.676433,1.876172,0.008439,0.799453,-0.056954,0.017279,0.357077,1.911483,0.021140,0.845596,-0.056954,0.017279,0.357077,1.911483,0.021140,0.845596,-0.056954,0.017279,0.357077,1.911483,0.021140,0.845596,-1.812920,0.550011,11.366104,60.844376,0.672913,49.740925,-1.812920,0.550011,11.366104,60.844376,0.672913,49.740925,1935,2074,2183,2699,2061,2646,,0,,,,1.47,,0.02,0.37,1.63,33.10
128,0,4.266666666666667,-29.596,0,0,-0.039593,-0.041925,0.616997,1.887151,0.008439,0.813397,-0.057935,0.048887,0.328598,1.917911,0.021842,0.851937,-0.057935,0.048887,0.328598,1.917911,0.021842,0.851937,-0.057935,0.048887,0.328598,1.917911,0.021842,0.851937,-1.844147,1.556122,10.459587,61.048996,0.695267,50.113941,-1.844147,1.556122,10.459587,61.048996,0.695267,50.113941,1935,2085,2173,2702,2061,2652,,0,,,,1.36,,0.02,0.36,1.69,33.22
129,0,4.3,-29.334,0,0,-0.043036,0.016770,0.566053,1.895387,0.008439,0.825017,-0.058720,0.072246,0.307165,1.922925,0.022344,0.856573,-0.058720,0.072246,0.307165,1.922925,0.022344,0.856573,-0.058720,0.072246,0.307165,1.922924,0.022344,0.856573,-1.869110,2.299667,9.777382,61.208588,0.711235,50.386654,-1.869110,2.299667,9.777382,61.208588,0.711235,50.386654,1935,2093,2165,2704,2062,2656,,0,,,,1.64,,0.03,0.42,1.55,33.14
130,0,4.333333333333333,-29.874,0,0,-0.046478,0.061490,0.523599,1.906366,0.008439,0.834313,-0.059359,0.088230,0.291965,1.926807,0.022669,0.859674,-0.059359,0.088230,0.291965,1.926807,0.022669,0.859674,-0.059359,0.088230,0.291965,1.926807,0.022669,0.859674,-1.889458,2.808449,9.293541,61.332184,0.721573,50.569046,-1.889458,2.808449,9.293541,61.332184,0.721573,50.569046,1935,2099,2160,2705,2062,2658,,0,,,,1.28,,0.02,0.37,1.51,33.22
131,0,4.366666666666666,-29.469,0,0,-0.049921,0.092236,0.489636,1.914601,0.011508,0.842447,-0.059909,0.097996,0.281948,1.929751,0.022848,0.861468,-0.059909,0.097996,0.281948,1.929751,0.022848,0.861468,-0.059909,0.097996,0.281948,1.929750,0.022848,0.861468,-1.906960,3.119324,8.974693,61.425858,0.727287,50.674576,-1.906960,3.119324,8.974693,61.425858,0.727287,50.674576,1935,2103,2156,2706,2062,2660,,0,,,,1.51,,0.03,0.48,1.51,33.14
132,0,4.4,-29.688,0,0,-0.049921,0.117390,0.464163,1.920091,0.016111,0.848257,-0.060411,0.102909,0.275953,1.931885,0.022916,0.862278,-0.060411,0.102909,0.275953,1.931885,0.022916,0.862278,-0.060411,0.102909,0.275953,1.931885,0.022916,0.862278,-1.922951,3.275681,8.783867,61.493805,0.729431,50.722248,-1.922951,3.275681,8.783867,61.493805,0.729431,50.722248,1934,2104,2154,2707,2062,2661,,0,,,,1.54,,0.02,0.43,1.38,33.19
133,0,4.433333333333334,-29.530,0,0,-0.049921,0.136955,0.441521,1.922836,0.017645,0.852905,-0.060797,0.104383,0.272875,1.933404,0.022904,0.862479,-0.060797,0.104383,0.272875,1.933404,0.022904,0.862479,-0.060797,0.104383,0.272875,1.933404,0.022904,0.862479,-1.935219,3.322624,8.685875,61.542160,0.729073,50.734032,-1.935219,3.322624,8.685875,61.542160,0.729073,50.734032,1934,2105,2153,2707,2062,2661,,0,,,,1.39,,0.03,0.44,1.65,33.20
134,0,4.466666666666667,-29.701,0,0,-0.049921,0.145341,0.424540,1.928326,0.017645,0.856391,-0.061005,0.103874,0.271733,1.934465,0.022842,0.862362,-0.061005,0.103874,0.271733,1.934465,0.022842,0.862362,-0.061005,0.103874,0.271733,1.934465,0.022842,0.862362,-1.941856,3.306412,8.649513,61.575943,0.727081,50.727169,-1.941856,3.306412,8.649513,61.575943,0.727081,50.727169,1934,2105,2153,2708,2062,2661,,0,,,,1.46,,0.02,0.37,1.51,33.20
135,0,4.5,-29.606,0,0,-0.049921,0.150930,0.416049,1.928326,0.017645,0.858715,-0.061120,0.102810,0.271732,1.935080,0.022748,0.862200,-0.061120,0.102810,0.271732,1.935080,0.022748,0.862200,-0.061120,0.102810,0.271732,1.935080,0.022748,0.862200,-1.945496,3.272560,8.649490,61.595505,0.724091,50.717651,-1.945496,3.272560,8.649490,61.595505,0.724091,50.717651,1934,2104,2153,2708,2062,2660,,0,,,,1.47,,0.02,0.43,1.52,33.18
136,0,4.533333333333333,-29.859,0,0,-0.049921,0.150930,0.407558,1.928326,0.017645,0.858715,-0.061229,0.102460,0.272342,1.935040,0.022639,0.862134,-0.061229,0.102460,0.272342,1.935040,0.022639,0.862134,-0.061229,0.102460,0.272342,1.935040,0.022639,0.862134,-1.948990,3.261398,8.668922,61.594254,0.720634,50.713764,-1.948990,3.261398,8.668922,61.594254,0.720634,50.713764,1934,2104,2153,2708,2062,2660,,0,,,,1.26,,0.02,0.36,1.54,33.18
137,0,4.566666666666666,-29.166,0,0,-0.049921,0.150930,0.404727,1.928326,0.017645,0.858715,-0.061363,0.103795,0.273348,1.933974,0.022530,0.862187,-0.061363,0.103795,0.273348,1.933974,0.022530,0.862187,-0.061363,0.103795,0.273348,1.933974,0.022530,0.862187,-1.953239,3.303909,8.700943,61.560303,0.717148,50.716877,-1.953239,3.303909,8.700943,61.560303,0.717148,50.716877,1934,2105,2153,2708,2062,2660,,0,,,,1.40,,0.03,0.44,1.97,33.22
138,0,4.6,-29.452,0,0,-0.049921,0.150930,0.401897,1.928326,0.017645,0.858715,-0.061480,0.107484,0.274743,1.931493,0.022430,0.862377,-0.061480,0.107484,0.274743,1.931493,0.022430,0.862377,-0.061480,0.107484,0.274743,1.931493,0.022430,0.862377,-1.956963,3.421310,8.745338,61.481323,0.713982,50.728054,-1.956963,3.421310,8.745338,61.481323,0.713982,50.728054,1934,2106,2154,2707,2062,2661,,0,,,,1.51,,0.05,0.44,1.52,33.15
139,0,4.633333333333334,-29.508,0,0,-0.049921,0.150930,0.401897,1.928326,0.017645,0.858715,-0.061518,0.113877,0.276651,1.927306,0.022346,0.862749,-0.061518,0.113877,0.276651,1.927306,0.022346,0.862749,-0.061518,0.113877,0.276651,1.927306,0.022346,0.862749,-1.958183,3.624817,8.806084,61.348068,0.711311,50.749924,-1.958183,3.624817,8.806084,61.348068,0.711311,50.749924,1934,2108,2154,2705,2062,2661,,0,,,,1.43,,0.03,0.40,1.62,33.14
140,0,4.666666666666667,-29.669,0,0,-0.049921,0.150930,0.401897,1.928326,0.017645,0.858715,-0.061445,0.123069,0.279249,1.921204,0.022273,0.863295,-0.061445,0.123069,0.279249,1.921204,0.022273,0.863295,-0.061445,0.123069,0.279249,1.921204,0.022273,0.863295,-1.955872,3.917397,8.888771,61.153824,0.708961,50.782074,-1.955872,3.917397,8.888771,61.153824,0.708961,50.782074,1934,2112,2155,2703,2062,2661,,0,,,,1.39,,0.03,0.47,1.50,33.20
141,0,4.7,-29.807,0,0,-0.049921,0.150930,0.401897,1.928326,0.017645,0.858715,-0.061267,0.134945,0.282687,1.913119,0.022199,0.864014,-0.061267,0.134945,0.282687,1.913119,0.022199,0.864014,-0.061267,0.134945,0.282687,1.913119,0.022199,0.864014,-1.950180,4.295418,8.998199,60.896454,0.706627,50.824333,-1.950180,4.295418,8.998199,60.896454,0.706627,50.824333,1934,2116,2156,2700,2061,2662,,0,,,,1.38,,0.02,0.42,1.44,33.19
142,0,4.733333333333333,-29.420,0,0,-0.049921,0.150930,0.401897,1.928326,0.017645,0.858715,-0.061032,0.149237,0.287057,1.903163,0.022116,0.864893,-0.061032,0.149237,0.287057,1.903163,0.022116,0.864893,-0.061032,0.149237,0.287057,1.903163,0.022116,0.864893,-1.942719,4.750351,9.137306,60.579559,0.703979,50.876034,-1.942719,4.750351,9.137306,60.579559,0.703979,50.876034,1934,2121,2158,2696,2061,2663,,0,,,,1.40,,0.02,0.39,1.79,33.20
143,0,4.766666666666667,-29.431,0,0,-0.049921,0.156521,0.401897,1.928326,0.017645,0.858715,-0.060790,0.165568,0.292402,1.891554,0.022017,0.865850,-0.060790,0.165568,0.292402,1.891554,0.022017,0.865850,-0.060790,0.165568,0.292402,1.891554,0.022017,0.865850,-1.935005,5.270210,9.307457,60.210037,0.700821,50.932343,-1.935005,5.270210,9.307457,60.210037,0.700821,50.932343,1934,2127,2160,2692,2061,2664,,0,,,,1.56,,0.03,0.43,1.57,33.22
144,0,4.8,-29.400,0,0,-0.049921,0.176086,0.401897,1.922836,0.017645,0.858715,-0.060585,0.183536,0.298646,1.878522,0.021896,0.866761,-0.060585,0.183536,0.298646,1.878522,0.021896,0.866761,-0.060585,0.183536,0.298646,1.878522,0.021896,0.866761,-1.928467,5.842140,9.506187,59.795197,0.696968,50.985962,-1.928467,5.842140,9.506187,59.795197,0.696968,50.985962,1934,2133,2162,2687,2061,2664,,0,,,,1.60,,0.03,0.41,1.53,33.11
145,0,4.833333333333333,-29.669,0,0,-0.049921,0.198446,0.401897,1.911856,0.017645,0.858715,-0.060439,0.202734,0.305594,1.864299,0.021752,0.867523,-0.060439,0.202734,0.305594,1.864299,0.021752,0.867523,-0.060439,0.202734,0.305594,1.864299,0.021752,0.867523,-1.923843,6.453232,9.727348,59.342484,0.692390,51.030766,-1.923843,6.453232,9.727348,59.342484,0.692390,51.030766,1934,2140,2164,2682,2061,2665,,0,,,,1.46,,0.03,0.43,1.49,33.20
146,0,4.866666666666666,-29.916,0,0,-0.049921,0.218011,0.401897,1.900876,0.017645,0.858715,-0.060347,0.222699,0.313049,1.849227,0.021587,0.868093,-0.060347,0.222699,0.313049,1.849227,0.021587,0.868093,-0.060347,0.222699,0.313049,1.849227,0.021587,0.868093,-1.920891,7.088730,9.964661,58.862732,0.687134,51.064289,-1.920891,7.088730,9.964661,58.862732,0.687134,51.064289,1934,2147,2167,2677,2061,2666,,0,,,,1.34,,0.02,0.37,1.43,33.21
147,0,4.9,-29.176,0,0,-0.049921,0.234781,0.401897,1.887151,0.017645,0.858715,-0.060288,0.242919,0.320808,1.833741,0.021406,0.868439,-0.060288,0.242919,0.320808,1.833741,0.021406,0.868439,-0.060288,0.242919,0.320808,1.833741,0.021406,0.868439,-1.919022,7.732368,10.211632,58.369797,0.681366,51.084637,-1.919022,7.732368,10.211632,58.369797,0.681366,51.084637,1934,2154,2170,2671,2061,2666,,0,,,,1.58,,0.03,0.76,1.52,33.21
148,0,4.933333333333334,-29.428,0,0,-0.049921,0.251551,0.401897,1.873427,0.017645,0.858715,-0.060239,0.262881,0.328619,1.818299,0.021217,0.868554,-0.060239,0.262881,0.328619,1.818299,0.021217,0.868554,-0.060239,0.262881,0.328619,1.818299,0.021217,0.868554,-1.917473,8.367752,10.460266,57.878250,0.675369,51.091438,-1.917473,8.367752,10.460266,57.878250,0.675369,51.091438,1935,2162,2173,2665,2061,2666,,0,,,,1.47,,0.03,0.53,1.55,33.20
149,0,4.966666666666667,-29.677,0,0,-0.049921,0.265526,0.401897,1.862448,0.017645,0.858715,-0.060176,0.282072,0.336211,1.803385,0.021033,0.868445,-0.060176,0.282072,0.336211,1.803385,0.021033,0.868445,-0.060176,0.282072,0.336211,1.803385,0.021033,0.868445,-1.915466,8.978630,10.701927,57.403519,0.669495,51.085007,-1.915466,8.978630,10.701927,57.403519,0.669495,51.085007,1935,2168,2175,2660,2061,2666,,0,,,,1.32,,0.03,0.48,1.50,33.14
150,0,5.0,-29.469,0,0,-0.049921,0.279501,0.399067,1.851467,0.017645,0.858715,-0.060099,0.300000,0.343318,1.789439,0.020862,0.868095,-0.060099,0.300000,0.343318,1.789439,0.020862,0.868095,-0.060099,0.300000,0.343318,1.789439,0.020862,0.868095,-1.913017,9.549309,10.928154,56.959625,0.664055,51.064430,-1.913017,9.549309,10.928154,56.959625,0.664055,51.064430,1935,2175,2178,2655,2061,2666,,0,,,,1.56,,0.02,0.40,1.60,33.20
151,0,5.033333333333333,-29.492,0,0,-0.049921,0.290681,0.399067,1.843232,0.017645,0.858715,-0.060029,0.316238,0.349701,1.776819,0.020712,0.867554,-0.060029,0.316238,0.349701,1.776819,0.020712,0.867554,-0.060029,0.316238,0.349701,1.776819,0.020712,0.867554,-1.910782,10.066177,11.131332,56.557922,0.659271,51.032616,-1.910782,10.066177,11.131332,56.557922,0.659271,51.032616,1935,2181,2180,2650,2060,2665,,0,,,,1.46,,0.03,0.39,1.62,33.18
152,0,5.066666666666666,-29.466,0,0,-0.049921,0.304656,0.399067,1.834997,0.017645,0.858715,-0.059984,0.330437,0.355170,1.765781,0.020587,0.866907,-0.059984,0.330437,0.355170,1.765781,0.020587,0.866907,-0.059984,0.330437,0.355170,1.765781,0.020587,0.866907,-1.909348,10.518143,11.305405,56.206558,0.655296,50.994534,-1.909348,10.518143,11.305405,56.206558,0.655296,50.994534,1935,2186,2182,2646,2060,2665,,0,,,,1.64,,0.03,0.42,1.50,33.16
153,0,5.1,-29.800,0,0,-0.049921,0.315836,0.399067,1.826762,0.017645,0.858715,-0.059935,0.342308,0.359670,1.756547,0.020489,0.866212,-0.059935,0.342308,0.359670,1.756547,0.020489,0.866212,-0.059935,0.342308,0.359670,1.756547,0.020489,0.866212,-1.907784,10.895988,11.448647,55.912643,0.652168,50.953621,-1.907784,10.895988,11.448647,55.912643,0.652168,50.953621,1935,2190,2184,2643,2060,2664,,0,,,,1.40,,0.02,0.47,1.39,33.23
154,0,5.133333333333334,-29.568,0,0,-0.049921,0.327017,0.399067,1.815783,0.017645,0.858715,-0.059856,0.351676,0.363216,1.749261,0.020416,0.865529,-0.059856,0.351676,0.363216,1.749261,0.020416,0.865529,-0.059856,0.351676,0.363216,1.749261,0.020416,0.865529,-1.905273,11.194183,11.561516,55.680710,0.649872,50.913452,-1.905273,11.194183,11.561516,55.680710,0.649872,50.913452,1935,2193,2185,2640,2060,2663,,0,,,,1.46,,0.03,0.41,1.54,33.18
155,0,5.166666666666667,-29.684,0,0,-0.049921,0.335401,0.399067,1.807548,0.017645,0.858715,-0.059765,0.358536,0.365854,1.743912,0.020365,0.864910,-0.059765,0.358536,0.365854,1.743912,0.020365,0.864910,-0.059765,0.358536,0.365854,1.743912,0.020365,0.864910,-1.902382,11.412552,11.645485,55.510437,0.648247,50.877064,-1.902382,11.412552,11.645485,55.510437,0.648247,50.877064,1935,2196,2186,2638,2060,2663,,0,,,,1.40,,0.02,0.40,1.54,33.18
156,0,5.2,-29.001,0,0,-0.049921,0.343787,0.399067,1.802058,0.017645,0.858715,-0.059689,0.363084,0.367678,1.740309,0.020336,0.864402,-0.059689,0.363084,0.367678,1.740309,0.020336,0.864402,-0.059689,0.363084,0.367678,1.740309,0.020336,0.864402,-1.899948,11.557320,11.703552,55.395737,0.647331,50.847149,-1.899948,11.557320,11.703552,55.395737,0.647331,50.847149,1935,2197,2186,2637,2060,2662,,0,,,,1.32,,0.02,0.42,2.28,33.22
157,0,5.233333333333333,-28.779,0,0,-0.049921,0.349376,0.399067,1.796568,0.017645,0.858715,-0.059633,0.365677,0.368828,1.738159,0.020333,0.864050,-0.059633,0.365677,0.368828,1.738159,0.020333,0.864050,-0.059633,0.365677,0.368828,1.738159,0.020333,0.864050,-1.898170,11.639854,11.740158,55.327332,0.647209,50.826462,-1.898170,11.639854,11.740158,55.327332,0.647209,50.826462,1935,2198,2187,2636,2060,2662,,0,,,,1.39,,0.03,0.39,2.37,33.16
158,0,5.266666666666667,-29.678,0,0,-0.049921,0.352171,0.396237,1.791078,0.017645,0.858715,-0.059606,0.366791,0.369490,1.737086,0.020352,0.863870,-0.059606,0.366791,0.369490,1.737086,0.020352,0.863870,-0.059606,0.366791,0.369490,1.737086,0.020352,0.863870,-1.897331,11.675308,11.761238,55.293152,0.647820,50.815857,-1.897331,11.675308,11.761238,55.293152,0.647820,50.815857,1935,2199,2187,2636,2060,2662,,0,,,,1.41,,0.02,0.39,1.51,33.15
159,0,5.3,-29.793,0,0,-0.049921,0.352171,0.396237,1.788334,0.017645,0.858715,-0.059629,0.366973,0.369889,1.736629,0.020386,0.863830,-0.059629,0.366973,0.369889,1.736629,0.020386,0.863830,-0.059629,0.366973,0.369889,1.736629,0.020386,0.863830,-1.898048,11.681107,11.773918,55.278625,0.648903,50.813515,-1.898048,11.681107,11.773918,55.278625,0.648903,50.813515,1935,2199,2187,2636,2060,2662,,0,,,,1.39,,0.02,0.43,1.45,33.22
160,0,5.333333333333333,-29.519,0,0,-0.049921,0.352171,0.396237,1.785589,0.017645,0.858715,-0.059690,0.366796,0.370253,1.736319,0.020427,0.863870,-0.059690,0.366796,0.370253,1.736319,0.020427,0.863870,-0.059690,0.366796,0.370253,1.736319,0.020427,0.863870,-1.899979,11.675476,11.785507,55.268738,0.650230,50.815891,-1.899979,11.675476,11.785507,55.268738,0.650230,50.815891,1935,2199,2187,2636,2060,2662,,0,,,,1.37,,0.02,0.48,1.65,33.18
161,0,5.366666666666666,-29.658,0,0,-0.049921,0.354966,0.396237,1.785589,0.017645,0.858715,-0.059759,0.366815,0.370758,1.735726,0.020472,0.863912,-0.059759,0.366815,0.370758,1.735726,0.020472,0.863912,-0.059759,0.366815,0.370758,1.735726,0.020472,0.863912,-1.902176,11.676071,11.801575,55.249863,0.651642,50.818336,-1.902176,11.676071,11.801575,55.249863,0.651642,50.818336,1935,2199,2187,2635,2060,2662,,0,,,,1.41,,0.03,0.41,1.56,33.22
162,0,5.4,-29.368,0,0,-0.049921,0.357761,0.396237,1.785589,0.017645,0.858715,-0.059823,0.367501,0.371515,1.734484,0.020516,0.863916,-0.059823,0.367501,0.371515,1.734484,0.020516,0.863916,-0.059823,0.367501,0.371515,1.734484,0.020516,0.863916,-1.904221,11.697914,11.825684,55.210342,0.653038,50.818573,-1.904221,11.697914,11.825684,55.210342,0.653038,50.818573,1935,2199,2188,2635,2060,2662,,0,,,,1.62,,0.03,0.47,1.48,33.18
163,0,5.433333333333334,-29.605,0,0,-0.049921,0.357761,0.396237,1.785589,0.017645,0.858715,-0.059922,0.369188,0.372591,1.732354,0.020556,0.863902,-0.059922,0.369188,0.372591,1.732354,0.020556,0.863902,-0.059922,0.369188,0.372591,1.732354,0.020556,0.863902,-1.907387,11.751602,11.859955,55.142563,0.654327,50.817776,-1.907387,11.751602,11.859955,55.142563,0.654327,50.817776,1935,2200,2188,2634,2060,2662,,0,,,,1.40,,0.02,0.38,1.65,33.20
164,0,5.466666666666667,-29.752,0,0,-0.049921,0.357761,0.396237,1.785589,0.017645,0.858715,-0.060063,0.372071,0.374007,1.729232,0.020591,0.863921,-0.060063,0.372071,0.374007,1.729232,0.020591,0.863921,-0.060063,0.372071,0.374007,1.729232,0.020591,0.863921,-1.911880,11.843369,11.904999,55.043152,0.655434,50.818878,-1.911880,11.843369,11.904999,55.043152,0.655434,50.818878,1935,2201,2189,2633,2060,2662,,0,,,,1.33,,0.02,0.43,1.52,33.21
165,0,5.5,-29.331,0,0,-0.049921,0.357761,0.396237,1.785589,0.017645,0.858715,-0.060192,0.376251,0.375731,1.725075,0.020620,0.864026,-0.060192,0.376251,0.375731,1.725075,0.020620,0.864026,-0.060192,0.376251,0.375731,1.725075,0.020620,0.864026,-1.915977,11.976433,11.959885,54.910858,0.656357,50.825073,-1.915977,11.976433,11.959885,54.910858,0.656357,50.825073,1935,2202,2189,2631,2060,2662,,0,,,,1.45,,0.03,0.46,1.72,33.14
166,0,5.533333333333333,-29.413,0,0,-0.049921,0.357761,0.396237,1.785589,0.017645,0.858715,-0.060277,0.381758,0.377699,1.719877,0.020643,0.864211,-0.060277,0.381758,0.377699,1.719877,0.020643,0.864211,-0.060277,0.381758,0.377699,1.719877,0.020643,0.864211,-1.918671,12.151741,12.022530,54.745361,0.657104,50.835930,-1.918671,12.151741,12.022530,54.745361,0.657104,50.835930,1934,2204,2190,2630,2060,2662,,0,,,,1.61,,0.03,0.40,1.49,33.11
167,0,5.566666666666666,-29.782,0,0,-0.049921,0.357761,0.396237,1.782843,0.017645,0.858715,-0.060336,0.388573,0.379869,1.713642,0.020664,0.864417,-0.060336,0.388573,0.379869,1.713642,0.020664,0.864417,-0.060336,0.388573,0.379869,1.713643,0.020664,0.864417,-1.920563,12.368652,12.091599,54.546936,0.657745,50.848072,-1.920563,12.368652,12.091599,54.546936,0.657745,50.848072,1934,2207,2191,2627,2060,2662,,0,,,,1.38,,0.02,0.39,1.49,33.21
168,0,5.6,-29.492,0,0,-0.049921,0.357761,0.396237,1.777354,0.017645,0.858715,-0.060368,0.396615,0.382194,1.706434,0.020684,0.864564,-0.060368,0.396615,0.382194,1.706434,0.020684,0.864564,-0.060368,0.396615,0.382194,1.706434,0.020684,0.864564,-1.921570,12.624649,12.165619,54.317474,0.658401,50.856678,-1.921570,12.624649,12.165619,54.317474,0.658401,50.856678,1934,2209,2192,2625,2060,2663,,0,,,,1.39,,0.06,0.50,1.54,33.16
169,0,5.633333333333334,-29.950,0,0,-0.049921,0.366147,0.396237,1.769119,0.017645,0.858715,-0.060375,0.405732,0.384641,1.698406,0.020708,0.864610,-0.060375,0.405732,0.384641,1.698406,0.020708,0.864610,-0.060375,0.405732,0.384641,1.698406,0.020708,0.864610,-1.921806,12.914848,12.243507,54.061951,0.659142,50.859440,-1.921806,12.914848,12.243507,54.061951,0.659142,50.859440,1934,2213,2192,2622,2060,2663,,0,,,,1.30,,0.02,0.37,1.43,33.22
170,0,5.666666666666667,-29.292,0,0,-0.049921,0.371737,0.396237,1.763629,0.017645,0.858715,-0.060401,0.415694,0.387186,1.689759,0.020733,0.864578,-0.060401,0.415694,0.387186,1.689759,0.020733,0.864578,-0.060401,0.415694,0.387186,1.689759,0.020733,0.864578,-1.922615,13.231949,12.324509,53.786713,0.659958,50.857521,-1.922615,13.231949,12.324509,53.786713,0.659958,50.857521,1934,2216,2193,2619,2061,2663,,0,,,,1.51,,0.03,0.43,1.73,33.19
171,0,5.7,-29.336,0,0,-0.049921,0.380121,0.396237,1.755394,0.017645,0.858715,-0.060461,0.426214,0.389815,1.680701,0.020759,0.864513,-0.060461,0.426214,0.389815,1.680701,0.020759,0.864513,-0.060461,0.426214,0.389815,1.680701,0.020759,0.864513,-1.924530,13.566803,12.408188,53.498367,0.660767,50.853695,-1.924530,13.566803,12.408188,53.498367,0.660767,50.853695,1934,2220,2194,2615,2061,2662,,0,,,,1.42,,0.03,0.46,1.78,33.19
172,0,5.733333333333333,-29.565,0,0,-0.046478,0.385711,0.396237,1.747159,0.017645,0.858715,-0.060496,0.436985,0.392476,1.671441,0.020786,0.864459,-0.060496,0.436985,0.392476,1.671441,0.020786,0.864459,-0.060496,0.436985,0.392476,1.671441,0.020786,0.864459,-1.925652,13.909653,12.492897,53.203613,0.661636,50.850498,-1.925652,13.909653,12.492897,53.203613,0.661636,50.850498,1934,2224,2195,2612,2061,2662,,0,,,,1.45,,0.03,0.39,1.55,33.15
173,0,5.766666666666667,-29.700,0,0,-0.046478,0.391301,0.396237,1.736180,0.017645,0.858715,-0.060513,0.447681,0.395109,1.662232,0.020821,0.864433,-0.060513,0.447681,0.395109,1.662232,0.020821,0.864433,-0.060513,0.447681,0.395109,1.662232,0.020821,0.864433,-1.926201,14.250137,12.576714,52.910477,0.662743,50.848991,-1.926201,14.250137,12.576714,52.910477,0.662743,50.848991,1934,2228,2196,2609,2061,2662,,0,,,,1.41,,0.02,0.39,1.55,33.20
174,0,5.8,-29.758,0,0,-0.046478,0.396892,0.396237,1.727945,0.017645,0.858715,-0.060544,0.457976,0.397689,1.653332,0.020865,0.864425,-0.060544,0.457976,0.397689,1.653332,0.020865,0.864425,-0.060544,0.457976,0.397689,1.653333,0.020865,0.864425,-1.927193,14.577820,12.658844,52.627213,0.664162,50.848557,-1.927193,14.577820,12.658844,52.627213,0.664162,50.848557,1934,2231,2197,2605,2061,2662,,0,,,,1.41,,0.02,0.43,1.46,33.21
175,0,5.833333333333333,-29.508,0,0,-0.046478,0.402482,0.396237,1.719710,0.017645,0.858715,-0.060575,0.467576,0.400188,1.644963,0.020918,0.864398,-0.060575,0.467576,0.400188,1.644963,0.020918,0.864398,-0.060575,0.467576,0.400188,1.644963,0.020918,0.864398,-1.928146,14.883400,12.738396,52.360794,0.665855,50.846935,-1.928146,14.883400,12.738396,52.360794,0.665855,50.846935,1934,2235,2198,2602,2061,2662,,0,,,,1.44,,0.03,0.42,1.60,33.17
176,0,5.866666666666666,-29.290,0,0,-0.046478,0.408072,0.396237,1.711475,0.017645,0.858715,-0.060539,0.476247,0.402544,1.637315,0.020981,0.864307,-0.060539,0.476247,0.402544,1.637315,0.020981,0.864307,-0.060539,0.476247,0.402544,1.637315,0.020981,0.864307,-1.927010,15.159416,12.813377,52.117355,0.667831,50.841557,-1.927010,15.159416,12.813377,52.117355,0.667831,50.841557,1934,2238,2199,2599,2061,2662,,0,,,,1.52,,0.02,0.40,1.75,33.15
177,0,5.9,-29.257,0,0,-0.046478,0.410867,0.396237,1.703241,0.017645,0.858715,-0.060425,0.483793,0.404687,1.630586,0.021052,0.864119,-0.060425,0.483793,0.404687,1.630586,0.021052,0.864119,-0.060425,0.483793,0.404687,1.630586,0.021052,0.864119,-1.923393,15.399597,12.881577,51.903168,0.670097,50.830521,-1.923393,15.399597,12.881577,51.903168,0.670097,50.830521,1934,2241,2199,2597,2061,2662,,0,,,,1.56,,0.03,0.46,1.68,33.19
178,0,5.933333333333334,-29.839,0,0,-0.046478,0.416457,0.396237,1.695005,0.017645,0.858715,-0.060289,0.490039,0.406574,1.624975,0.021132,0.863801,-0.060289,0.490039,0.406574,1.624975,0.021132,0.863801,-0.060289,0.490039,0.406574,1.624975,0.021132,0.863801,-1.919075,15.598442,12.941650,51.724548,0.672653,50.811813,-1.919075,15.598442,12.941650,51.724548,0.672653,50.811813,1934,2243,2200,2595,2061,2662,,0,,,,1.40,,0.02,0.37,1.45,33.21
179,0,5.966666666666667,-28.784,0,0,-0.046478,0.422047,0.396237,1.686770,0.017645,0.858715,-0.060155,0.494890,0.408194,1.620573,0.021219,0.863325,-0.060155,0.494890,0.408194,1.620573,0.021219,0.863325,-0.060155,0.494890,0.408194,1.620573,0.021219,0.863325,-1.914803,15.752838,12.993217,51.584442,0.675430,50.783802,-1.914803,15.752838,12.993217,51.584442,0.675430,50.783802,1935,2245,2201,2593,2061,2661,,0,,,,1.61,,0.03,0.38,2.22,33.23
180,1,6.0,-19.688,0,0,-0.046478,0.422047,0.396237,1.675791,0.017645,0.858715,-0.048142,0.434858,0.401566,1.644374,0.016760,0.856000,-0.048142,0.434858,0.401566,1.644374,0.016760,0.856000,-0.048142,0.434858,0.401566,1.644374,0.016760,0.856000,-1.532410,13.841965,12.782242,52.342041,0.533485,50.352966,-1.532410,13.841965,12.782242,52.342041,0.533485,50.352966,1938,2223,2198,2602,2058,2655,,0,213,1789054467.176319,24.4,1.56,6.86,2.48,0.47,1.89,33.17
181,0,6.033333333333333,-29.380,0,0,-0.046478,0.422047,0.396237,1.670301,0.017645,0.858715,-0.047122,0.442705,0.406673,1.636311,0.016624,0.856537,-0.047122,0.442705,0.406673,1.636311,0.016624,0.856537,-0.047122,0.442705,0.406673,1.636311,0.016624,0.856537,-1.499947,14.091728,12.944794,52.085403,0.529160,50.384552,-1.499947,14.091728,12.944794,52.085403,0.529160,50.384552,1938,2226,2200,2599,2058,2656,,0,,,,1.43,,0.03,0.44,1.55,33.02
182,0,6.066666666666666,-29.673,0,0,-0.046478,0.422047,0.393407,1.670301,0.017645,0.858715,-0.046202,0.450505,0.411348,1.627557,0.016570,0.856169,-0.046202,0.450505,0.411348,1.627557,0.016570,0.856169,-0.046202,0.450505,0.411348,1.627557,0.016570,0.856169,-1.470665,14.340019,13.093613,51.806732,0.527428,50.362885,-1.470665,14.340019,13.093613,51.806732,0.527428,50.362885,1939,2229,2202,2596,2058,2655,,0,,,,1.29,,0.02,0.47,1.58,33.67
183,0,6.1,-29.079,0,0,-0.046478,0.422047,0.396237,1.664811,0.017645,0.858715,-0.045486,0.458024,0.415478,1.618462,0.016503,0.854977,-0.045486,0.458024,0.415478,1.618462,0.016503,0.854977,-0.045486,0.458024,0.415478,1.618462,0.016503,0.854977,-1.447868,14.579353,13.225067,51.517258,0.525322,50.292786,-1.447868,14.579353,13.225067,51.517258,0.525322,50.292786,1939,2231,2203,2593,2058,2654,,0,,,,1.37,,0.02,0.49,1.62,32.73
184,0,6.133333333333334,-29.303,0,0,-0.046478,0.422047,0.401897,1.662066,0.017645,0.858715,-0.045233,0.464911,0.419288,1.609675,0.016478,0.853222,-0.045233,0.464911,0.419288,1.609675,0.016478,0.853222,-0.045233,0.464911,0.419288,1.609675,0.016478,0.853222,-1.439827,14.798569,13.346352,51.237549,0.524521,50.189518,-1.439827,14.798569,13.346352,51.237549,0.524521,50.189518,1939,2234,2205,2589,2058,2653,,0,,,,1.47,,0.02,0.39,1.84,33.19
185,0,6.166666666666667,-29.695,0,0,-0.043036,0.422047,0.407558,1.653831,0.017645,0.858715,-0.045393,0.470999,0.422917,1.601759,0.016467,0.851252,-0.045393,0.470999,0.422917,1.601759,0.016467,0.851252,-0.045393,0.470999,0.422917,1.601759,0.016467,0.851252,-1.444893,14.992378,13.461861,50.985565,0.524162,50.073654,-1.444893,14.992378,13.461861,50.985565,0.524162,50.073654,1939,2236,2206,2587,2058,2651,,0,,,,1.47,,0.02,0.37,1.48,33.19
186,0,6.2,-29.647,0,0,-0.043036,0.422047,0.413218,1.648341,0.017645,0.858715,-0.045796,0.476231,0.426270,1.594713,0.016439,0.849472,-0.045796,0.476231,0.426270,1.594713,0.016439,0.849472,-0.045796,0.476231,0.426270,1.594713,0.016439,0.849472,-1.457726,15.158913,13.568588,50.761292,0.523285,49.968918,-1.457726,15.158913,13.568588,50.761292,0.523285,49.968918,1939,2238,2207,2584,2058,2650,,0,,,,1.41,,0.02,0.46,1.50,33.18
187,0,6.233333333333333,-29.574,0,0,-0.043036,0.422047,0.416049,1.642851,0.017645,0.858715,-0.046317,0.480605,0.429172,1.588321,0.016419,0.848382,-0.046317,0.480605,0.429172,1.588321,0.016419,0.848382,-0.046317,0.480605,0.429172,1.588321,0.016419,0.848382,-1.474312,15.298141,13.660957,50.557831,0.522652,49.904804,-1.474312,15.298141,13.660957,50.557831,0.522652,49.904804,1939,2239,2208,2582,2058,2649,,0,,,,1.55,,0.03,0.39,1.50,33.17
188,0,6.266666666666667,-28.608,0,0,-0.043036,0.422047,0.418879,1.634617,0.017645,0.858715,-0.046826,0.484051,0.431539,1.582529,0.016397,0.848245,-0.046826,0.484051,0.431539,1.582529,0.016397,0.848245,-0.046826,0.484051,0.431539,1.582529,0.016397,0.848245,-1.490524,15.407837,13.736320,50.373459,0.521919,49.896782,-1.490524,15.407837,13.736320,50.373459,0.521919,49.896782,1938,2241,2209,2580,2058,2648,,0,,,,1.29,,0.02,1.04,2.03,33.22
189,0,6.3,-29.546,0,0,-0.043036,0.422047,0.418879,1.629127,0.017645,0.858715,-0.047268,0.486404,0.433444,1.577576,0.016375,0.848981,-0.047268,0.486404,0.433444,1.577576,0.016375,0.848981,-0.047268,0.486404,0.433444,1.577576,0.016375,0.848981,-1.504585,15.482727,13.796936,50.215805,0.521217,49.940086,-1.504585,15.482727,13.796936,50.215805,0.521217,49.940086,1938,2242,2210,2578,2058,2649,,0,,,,1.36,,0.03,0.46,1.62,33.21
190,0,6.333333333333333,-29.301,0,0,-0.043036,0.422047,0.421709,1.623636,0.017645,0.858715,-0.047668,0.487530,0.435052,1.573904,0.016351,0.850504,-0.047668,0.487530,0.435052,1.573904,0.016351,0.850504,-0.047668,0.487530,0.435052,1.573904,0.016351,0.850504,-1.517311,15.518547,13.848129,50.098907,0.520470,50.029640,-1.517311,15.518547,13.848129,50.098907,0.520470,50.029640,1938,2242,2210,2576,2058,2650,,0,,,,1.54,,0.03,0.44,1.57,33.05
191,0,6.366666666666666,-29.724,0,0,-0.043036,0.422047,0.421709,1.618146,0.017645,0.856391,-0.048121,0.487365,0.436543,1.571903,0.016311,0.852750,-0.048121,0.487365,0.436543,1.571903,0.016311,0.852750,-0.048121,0.487365,0.436543,1.571903,0.016311,0.852750,-1.531754,15.513313,13.895584,50.035233,0.519196,50.161789,-1.531754,15.513313,13.895584,50.035233,0.519196,50.161789,1938,2242,2211,2576,2058,2652,,0,,,,1.38,,0.02,0.39,1.52,33.18
192,0,6.4,-29.642,0,0,-0.043036,0.422047,0.424540,1.609912,0.017645,0.854067,-0.048657,0.486175,0.438014,1.571417,0.016242,0.855290,-0.048657,0.486175,0.438014,1.571417,0.016242,0.855290,-0.048657,0.486175,0.438014,1.571417,0.016242,0.855290,-1.548805,15.475418,13.942406,50.019745,0.517014,50.311172,-1.548805,15.475418,13.942406,50.019745,0.517014,50.311172,1938,2241,2211,2575,2058,2655,,0,,,,1.41,,0.02,0.45,1.54,33.21
193,0,6.433333333333334,-29.535,0,0,-0.043036,0.422047,0.424540,1.609912,0.017645,0.854067,-0.049245,0.484417,0.439426,1.571823,0.016152,0.857624,-0.049245,0.484417,0.439426,1.571823,0.016152,0.857624,-0.049245,0.484417,0.439426,1.571823,0.016152,0.857624,-1.567528,15.419479,13.987373,50.032684,0.514137,50.448494,-1.567528,15.419479,13.987373,50.032684,0.514137,50.448494,1938,2241,2212,2576,2058,2657,,0,,,,1.42,,0.02,0.38,1.67,33.25
194,0,6.466666666666667,-29.617,0,0,-0.043036,0.422047,0.424540,1.609912,0.017645,0.854067,-0.049822,0.482581,0.440649,1.572360,0.016033,0.859540,-0.049822,0.482581,0.440649,1.572360,0.016033,0.859540,-0.049822,0.482581,0.440649,1.572360,0.016033,0.859540,-1.585892,15.361023,14.026299,50.049774,0.510361,50.561195,-1.585892,15.361023,14.026299,50.049774,0.510361,50.561195,1938,2240,2212,2576,2057,2658,,0,,,,1.33,,0.03,0.39,1.59,33.10
195,0,6.5,-29.814,0,0,-0.043036,0.422047,0.427370,1.609912,0.017645,0.854067,-0.050316,0.481039,0.441648,1.572551,0.015913,0.861007,-0.050316,0.481039,0.441648,1.572551,0.015913,0.861007,-0.050316,0.481039,0.441648,1.572551,0.015913,0.861007,-1.601601,15.311958,14.058075,50.055847,0.506531,50.647472,-1.601601,15.311958,14.058075,50.055847,0.506531,50.647472,1937,2240,2213,2576,2057,2659,,0,,,,1.37,,0.02,0.43,1.41,33.21
196,0,6.533333333333333,-29.405,0,0,-0.043036,0.422047,0.430200,1.609912,0.017645,0.854067,-0.050712,0.479957,0.442512,1.572338,0.015809,0.861994,-0.050712,0.479957,0.442512,1.572338,0.015809,0.861994,-0.050712,0.479957,0.442512,1.572338,0.015809,0.861994,-1.614204,15.277496,14.085594,50.049072,0.503220,50.705536,-1.614204,15.277496,14.085594,50.049072,0.503220,50.705536,1937,2239,2213,2576,2057,2660,,0,,,,1.45,,0.02,0.39,1.68,33.11
197,0,6.566666666666666,-29.694,0,0,-0.043036,0.422047,0.430200,1.609912,0.017645,0.854067,-0.051019,0.479304,0.443301,1.571961,0.015721,0.862398,-0.051019,0.479304,0.443301,1.571961,0.015721,0.862398,-0.051019,0.479304,0.443301,1.571961,0.015721,0.862398,-1.623985,15.256714,14.110710,50.037079,0.500420,50.729305,-1.623985,15.256714,14.110710,50.037079,0.500420,50.729305,1937,2239,2213,2576,2057,2661,,0,,,,1.42,,0.02,0.38,1.52,33.18
198,0,6.6,-29.343,0,0,-0.043036,0.422047,0.430200,1.609912,0.017645,0.854067,-0.051207,0.479005,0.444005,1.571594,0.015654,0.862161,-0.051207,0.479005,0.444005,1.571594,0.015654,0.862161,-0.051207,0.479005,0.444005,1.571594,0.015654,0.862161,-1.629974,15.247192,14.133118,50.025391,0.498283,50.715363,-1.629974,15.247192,14.133118,50.025391,0.498283,50.715363,1937,2239,2213,2576,2057,2660,,0,,,,1.47,,0.02,0.54,1.61,33.13
199,0,6.633333333333334,-29.859,0,0,-0.043036,0.422047,0.430200,1.609912,0.017645,0.854067,-0.051270,0.479100,0.444588,1.571182,0.015607,0.861422,-0.051270,0.479100,0.444588,1.571182,0.015607,0.861422,-0.051270,0.479100,0.444588,1.571182,0.015607,0.861422,-1.631958,15.250229,14.151695,50.012253,0.496796,50.671864,-1.631958,15.250229,14.151695,50.012253,0.496796,50.671864,1937,2239,2214,2575,2057,2660,,0,,,,1.38,,0.02,0.39,1.42,33.20
200,0,6.666666666666667,-29.547,0,0,-0.043036,0.422047,0.430200,1.609912,0.017645,0.854067,-0.051317,0.479615,0.445049,1.570543,0.015572,0.860478,-0.051317,0.479615,0.445049,1.570543,0.015572,0.860478,-0.051317,0.479615,0.445049,1.570543,0.015572,0.860478,-1.633476,15.266624,14.166351,49.991943,0.495674,50.616352,-1.633476,15.266624,14.166351,49.991943,0.495674,50.616352,1937,2239,2214,2575,2057,2659,,0,,,,1.64,,0.03,0.42,1.43,33.20
201,0,6.7,-29.869,0,0,-0.043036,0.422047,0.430200,1.609912,0.017645,0.854067,-0.051459,0.480519,0.445490,1.569585,0.015528,0.859556,-0.051459,0.480519,0.445490,1.569585,0.015528,0.859556,-0.051459,0.480519,0.445490,1.569585,0.015528,0.859556,-1.637993,15.295395,14.180374,49.961426,0.494263,50.562138,-1.637993,15.295395,14.180374,49.961426,0.494263,50.562138,1937,2239,2214,2575,2057,2658,,0,,,,1.29,,0.02,0.45,1.46,33.23
202,0,6.733333333333333,-29.566,0,0,-0.043036,0.422047,0.430200,1.609912,0.017645,0.854067,-0.051708,0.481725,0.446006,1.568346,0.015463,0.858651,-0.051708,0.481725,0.446006,1.568346,0.015463,0.858651,-0.051708,0.481725,0.446006,1.568346,0.015463,0.858651,-1.645920,15.333794,14.196815,49.921997,0.492203,50.508873,-1.645920,15.333794,14.196815,49.921997,0.492203,50.508873,1937,2240,2214,2574,2057,2657,,0,,,,1.45,,0.02,0.47,1.48,33.14
203,0,6.766666666666667,-29.023,0,0,-0.043036,0.422047,0.430200,1.609912,0.017645,0.854067,-0.052048,0.483239,0.446551,1.566864,0.015382,0.857667,-0.052048,0.483239,0.446551,1.566864,0.015382,0.857667,-0.052048,0.483239,0.446551,1.566864,0.015382,0.857667,-1.656731,15.381981,14.214149,49.874847,0.489632,50.451000,-1.656731,15.381981,14.214149,49.874847,0.489632,50.451000,1937,2240,2214,2574,2057,2657,,0,,,,1.74,,0.03,0.52,1.59,33.09
204,0,6.8,-29.338,0,0,-0.043036,0.422047,0.430200,1.609912,0.017645,0.854067,-0.052416,0.485138,0.446973,1.565046,0.015302,0.856656,-0.052416,0.485138,0.446973,1.565046,0.015302,0.856656,-0.052416,0.485138,0.446973,1.565046,0.015302,0.856656,-1.668457,15.442429,14.227608,49.816940,0.487091,50.391537,-1.668457,15.442429,14.227608,49.816940,0.487091,50.391537,1937,2241,2214,2573,2057,2656,,0,,,,1.54,,0.08,0.47,1.59,33.16
205,0,6.833333333333333,-29.765,0,0,-0.043036,0.422047,0.430200,1.609912,0.017645,0.854067,-0.052605,0.487437,0.447215,1.562877,0.015257,0.855901,-0.052605,0.487437,0.447215,1.562877,0.015257,0.855901,-0.052605,0.487437,0.447215,1.562877,0.015257,0.855901,-1.674461,15.515587,14.235306,49.747925,0.485657,50.347107,-1.674461,15.515587,14.235306,49.747925,0.485657,50.347107,1937,2242,2215,2572,2057,2655,,0,,,,1.43,,0.02,0.36,1.48,33.20
206,0,6.866666666666666,-29.772,0,0,-0.043036,0.422047,0.430200,1.609912,0.017645,0.854067,-0.052436,0.489972,0.447387,1.560539,0.015282,0.855584,-0.052436,0.489972,0.447387,1.560539,0.015282,0.855584,-0.052436,0.489972,0.447387,1.560539,0.015282,0.855584,-1.669090,15.596298,14.240753,49.673508,0.486443,50.328457,-1.669090,15.596298,14.240753,49.673508,0.486443,50.328457,1937,2243,2215,2572,2057,2655,,0,,,,1.41,,0.02,0.38,1.45,33.17
207,0,6.9,-29.105,0,0,-0.043036,0.422047,0.430200,1.607167,0.017645,0.854067,-0.051826,0.492499,0.447656,1.558182,0.015408,0.855726,-0.051826,0.492499,0.447656,1.558182,0.015408,0.855726,-0.051826,0.492499,0.447656,1.558182,0.015408,0.855726,-1.649673,15.676735,14.249329,49.598465,0.490463,50.336845,-1.649673,15.676735,14.249329,49.598465,0.490463,50.336845,1937,2244,2215,2571,2057,2655,,0,,,,1.21,,0.02,0.51,2.20,33.24
208,0,6.933333333333334,-29.416,0,0,-0.043036,0.422047,0.433031,1.601678,0.017645,0.854067,-0.050783,0.494797,0.448139,1.555809,0.015660,0.856330,-0.050783,0.494797,0.448139,1.555809,0.015660,0.856330,-0.050783,0.494797,0.448139,1.555809,0.015660,0.856330,-1.616486,15.749863,14.264702,49.522919,0.498474,50.372345,-1.616486,15.749863,14.264702,49.522919,0.498474,50.372345,1937,2245,2215,2570,2057,2655,,0,,,,1.49,,0.03,0.41,1.57,33.13
209,0,6.966666666666667,-29.183,0,0,-0.043036,0.422047,0.433031,1.596187,0.017645,0.854067,-0.049317,0.496651,0.448902,1.553502,0.016051,0.857482,-0.049317,0.496651,0.448902,1.553502,0.016051,0.857482,-0.049317,0.496651,0.448902,1.553502,0.016051,0.857482,-1.569809,15.808891,14.288986,49.449509,0.510918,50.440109,-1.569809,15.808891,14.288986,49.449509,0.510918,50.440109,1938,2245,2215,2569,2057,2656,,0,,,,1.53,,0.03,0.42,1.76,33.13
210,0,7.0,-29.760,0,0,-0.043036,0.422047,0.435861,1.593442,0.017645,0.854067,-0.047597,0.497835,0.449955,1.551535,0.016572,0.859257,-0.047597,0.497835,0.449955,1.551535,0.016572,0.859257,-0.047597,0.497835,0.449955,1.551535,0.016572,0.859257,-1.515053,15.846573,14.322517,49.386902,0.527504,50.544518,-1.515053,15.846573,14.322517,49.386902,0.527504,50.544518,1938,2246,2215,2568,2058,2658,,0,,,,1.40,,0.03,0.40,1.46,33.19
211,0,7.033333333333333,-29.685,0,0,-0.043036,0.422047,0.435861,1.593442,0.017645,0.854067,-0.045730,0.498223,0.451176,1.550099,0.017222,0.861579,-0.045730,0.498223,0.451176,1.550099,0.017222,0.861579,-0.045730,0.498223,0.451176,1.550099,0.017222,0.861579,-1.455643,15.858925,14.361366,49.341171,0.548210,50.681091,-1.455643,15.858925,14.361366,49.341171,0.548210,50.681091,1939,2246,2216,2568,2058,2660,,0,,,,1.44,,0.02,0.39,1.49,33.17
212,0,7.066666666666666,-29.379,0,0,-0.043036,0.422047,0.435861,1.590698,0.017645,0.854067,-0.043613,0.497908,0.452387,1.549125,0.018007,0.864209,-0.043613,0.497908,0.452387,1.549125,0.018007,0.864209,-0.043613,0.497908,0.452387,1.549124,0.018007,0.864209,-1.388252,15.848907,14.399933,49.310165,0.573181,50.835793,-1.388252,15.848907,14.399933,49.310165,0.573181,50.835793,1939,2246,2216,2567,2059,2662,,0,,,,1.38,,0.02,0.66,1.60,33.22
213,0,7.1,-29.544,0,0,-0.043036,0.422047,0.435861,1.587952,0.017645,0.854067,-0.040970,0.497075,0.453483,1.548466,0.018919,0.866753,-0.040970,0.497075,0.453483,1.548466,0.018919,0.866753,-0.040970,0.497075,0.453483,1.548466,0.018919,0.866753,-1.304108,15.822388,14.434799,49.289200,0.602196,50.985485,-1.304108,15.822388,14.434799,49.289200,0.602196,50.985485,1940,2245,2217,2567,2059,2664,,0,,,,1.45,,0.03,0.46,1.52,33.16
214,0,7.133333333333334,-29.291,0,0,-0.043036,0.422047,0.435861,1.582462,0.017645,0.854067,-0.037715,0.495902,0.454449,1.547971,0.019933,0.868740,-0.037715,0.495902,0.454449,1.547971,0.019933,0.868740,-0.037715,0.495902,0.454449,1.547971,0.019933,0.868740,-1.200500,15.785065,14.465561,49.273438,0.634476,51.102375,-1.200500,15.785065,14.465561,49.273438,0.634476,51.102375,1941,2245,2217,2567,2060,2666,,0,,,,1.43,,0.03,0.40,1.87,33.19
215,0,7.166666666666667,-29.503,0,0,-0.043036,0.422047,0.438691,1.582462,0.017645,0.854067,-0.034005,0.494506,0.455321,1.547532,0.021013,0.869836,-0.034005,0.494506,0.455321,1.547532,0.021013,0.869836,-0.034005,0.494506,0.455321,1.547532,0.021013,0.869836,-1.082420,15.740608,14.493309,49.259476,0.668884,51.166798,-1.082420,15.740608,14.493309,49.259476,0.668884,51.166798,1942,2244,2217,2567,2061,2667,,0,,,,1.56,,0.03,0.42,1.54,33.30
216,0,7.2,-28.874,0,0,-0.043036,0.422047,0.438691,1.579717,0.017645,0.856391,-0.030074,0.492906,0.456196,1.547195,0.022119,0.869938,-0.030074,0.492906,0.456196,1.547195,0.022119,0.869938,-0.030074,0.492906,0.456196,1.547195,0.022119,0.869938,-0.957298,15.689674,14.521156,49.248734,0.704063,51.172810,-0.957298,15.689674,14.521156,49.248734,0.704063,51.172810,1943,2244,2218,2567,2061,2667,,0,,,,1.71,,0.03,0.46,1.86,33.13
217,0,7.233333333333333,-29.460,0,0,-0.043036,0.422047,0.438691,1.576973,0.017645,0.861039,-0.026189,0.491031,0.457226,1.547200,0.023196,0.869175,-0.026189,0.491031,0.457226,1.547200,0.023196,0.869175,-0.026189,0.491031,0.457226,1.547200,0.023196,0.869175,-0.833618,15.630005,14.553963,49.248901,0.738358,51.127930,-0.833618,15.630005,14.553963,49.248901,0.738358,51.127930,1944,2243,2218,2567,2062,2667,,0,,,,1.65,,0.03,0.41,1.50,33.20
218,0,7.266666666666667,-29.598,0,0,-0.043036,0.422047,0.438691,1.576973,0.017645,0.864525,-0.022629,0.488718,0.458516,1.547901,0.024194,0.867799,-0.022629,0.488718,0.458516,1.547901,0.024194,0.867799,-0.022629,0.488718,0.458516,1.547901,0.024194,0.867799,-0.720322,15.556358,14.595032,49.271210,0.770103,51.047016,-0.720322,15.556358,14.595032,49.271210,0.770103,51.047016,1945,2242,2219,2567,2063,2665,,0,,,,1.50,,0.02,0.41,1.48,33.15
219,0,7.3,-29.591,0,0,-0.043036,0.422047,0.438691,1.576973,0.017645,0.864525,-0.019554,0.485917,0.460021,1.549363,0.025070,0.865945,-0.019554,0.485917,0.460021,1.549363,0.025070,0.865945,-0.019553,0.485917,0.460021,1.549363,0.025070,0.865945,-0.622406,15.467224,14.642921,49.317764,0.798012,50.937958,-0.622406,15.467224,14.642921,49.317764,0.798012,50.937958,1946,2241,2219,2567,2063,2664,,0,,,,1.44,,0.03,0.44,1.53,33.22
220,0,7.333333333333333,-29.835,0,0,-0.043036,0.422047,0.438691,1.576973,0.017645,0.864525,-0.016949,0.482849,0.461527,1.551167,0.025808,0.863506,-0.016949,0.482849,0.461527,1.551167,0.025808,0.863506,-0.016949,0.482849,0.461527,1.551167,0.025808,0.863506,-0.539520,15.369568,14.690865,49.375183,0.821480,50.794456,-0.539520,15.369568,14.690865,49.375183,0.821480,50.794456,1947,2240,2220,2568,2064,2662,,0,,,,1.31,,0.02,0.39,1.42,33.10
221,0,7.366666666666666,-29.021,0,0,-0.043036,0.422047,0.438691,1.576973,0.017645,0.864525,-0.014773,0.479807,0.462807,1.552747,0.026402,0.860353,-0.014773,0.479807,0.462807,1.552747,0.026402,0.860353,-0.014773,0.479807,0.462807,1.552747,0.026402,0.860353,-0.470253,15.272728,14.731598,49.425476,0.840416,50.608994,-0.470253,15.272728,14.731598,49.425476,0.840416,50.608994,1948,2239,2220,2569,2064,2659,,0,,,,1.60,,0.02,0.38,1.97,33.24
222,0,7.4,-28.953,0,0,-0.043036,0.422047,0.438691,1.576973,0.017645,0.864525,-0.013026,0.477009,0.463751,1.553734,0.026866,0.856666,-0.013026,0.477009,0.463751,1.553734,0.026866,0.856666,-0.013026,0.477009,0.463751,1.553734,0.026866,0.856666,-0.414619,15.183655,14.761642,49.456894,0.855186,50.392105,-0.414619,15.183655,14.761642,49.456894,0.855186,50.392105,1948,2238,2220,2569,2065,2656,,0,,,,2.05,,0.02,0.42,1.58,33.18
223,0,7.433333333333334,-29.613,0,0,-0.043036,0.422047,0.438691,1.576973,0.017645,0.864525,-0.011643,0.474647,0.464396,1.553900,0.027224,0.852872,-0.011643,0.474647,0.464396,1.553900,0.027224,0.852872,-0.011643,0.474647,0.464396,1.553900,0.027224,0.852872,-0.370621,15.108490,14.782166,49.462173,0.866570,50.168919,-0.370621,15.108490,14.782166,49.462173,0.866570,50.168919,1949,2237,2221,2569,2065,2652,,0,,,,1.52,,0.03,0.43,1.44,33.19
224,0,7.466666666666667,-29.905,0,0,-0.043036,0.422047,0.444351,1.576973,0.017645,0.864525,-0.010499,0.472772,0.464826,1.553242,0.027503,0.849377,-0.010499,0.472772,0.464826,1.553242,0.027503,0.849377,-0.010499,0.472772,0.464826,1.553242,0.027503,0.849377,-0.334206,15.048813,14.795860,49.441238,0.875450,49.963345,-0.334206,15.048813,14.795860,49.441238,0.875450,49.963345,1949,2237,2221,2569,2065,2649,,0,,,,1.34,,0.02,0.37,1.41,33.20
225,0,7.5,-29.679,0,0,-0.043036,0.422047,0.447182,1.576973,0.017645,0.864525,-0.009442,0.471196,0.465158,1.552045,0.027724,0.846326,-0.009442,0.471196,0.465158,1.552045,0.027724,0.846326,-0.009442,0.471196,0.465158,1.552045,0.027724,0.846326,-0.300537,14.998650,14.806435,49.403122,0.882492,49.783909,-0.300537,14.998650,14.806435,49.403122,0.882492,49.783909,1949,2236,2221,2568,2065,2647,,0,,,,1.41,,0.02,0.41,1.52,33.18
226,0,7.533333333333333,-29.541,0,0,-0.043036,0.422047,0.450012,1.576973,0.017645,0.859877,-0.008283,0.469644,0.465584,1.550757,0.027901,0.843506,-0.008283,0.469644,0.465584,1.550757,0.027901,0.843506,-0.008283,0.469644,0.465584,1.550757,0.027901,0.843506,-0.263657,14.949242,14.819992,49.362122,0.888123,49.617989,-0.263657,14.949242,14.819992,49.362122,0.888123,49.617989,1950,2236,2221,2568,2065,2644,,0,,,,1.44,,0.04,0.47,1.53,33.21
227,0,7.566666666666666,-29.251,0,0,-0.043036,0.422047,0.450012,1.576973,0.017645,0.852905,-0.006901,0.467931,0.466378,1.549844,0.028036,0.840442,-0.006901,0.467931,0.466378,1.549844,0.028036,0.840442,-0.006901,0.467931,0.466378,1.549844,0.028036,0.840442,-0.219650,14.894714,14.845261,49.333054,0.892426,49.437748,-0.219650,14.894714,14.845261,49.333054,0.892426,49.437748,1950,2235,2221,2568,2065,2642,,0,,,,1.36,,0.02,0.41,1.99,33.19
228,0,7.6,-29.756,0,0,-0.043036,0.422047,0.450012,1.576973,0.017645,0.849419,-0.005408,0.466060,0.467769,1.549505,0.028124,0.836580,-0.005408,0.466060,0.467769,1.549505,0.028124,0.836580,-0.005408,0.466060,0.467769,1.549505,0.028124,0.836580,-0.172134,14.835152,14.889542,49.322266,0.895226,49.210594,-0.172134,14.835152,14.889542,49.322266,0.895226,49.210594,1950,2234,2222,2567,2065,2638,,0,,,,1.37,,0.02,0.43,1.47,33.18
229,0,7.633333333333334,-29.063,0,0,-0.039593,0.422047,0.450012,1.576973,0.017645,0.845933,-0.004009,0.464217,0.469717,1.549489,0.028170,0.831273,-0.004009,0.464217,0.469717,1.549489,0.028170,0.831273,-0.004009,0.464217,0.469717,1.549490,0.028170,0.831273,-0.127602,14.776482,14.951538,49.321777,0.896667,48.898426,-0.127602,14.776482,14.951538,49.321777,0.896667,48.898426,1951,2234,2222,2567,2065,2634,,0,,,,1.44,,0.03,0.89,1.57,33.17
230,0,7.666666666666667,-29.710,0,0,-0.032707,0.422047,0.450012,1.576973,0.017645,0.840123,-0.002834,0.462674,0.471818,1.549256,0.028183,0.823830,-0.002834,0.462674,0.471818,1.549256,0.028183,0.823830,-0.002834,0.462674,0.471818,1.549256,0.028183,0.823830,-0.090195,14.727379,15.018425,49.314362,0.897110,48.460587,-0.090195,14.727379,15.018425,49.314362,0.897110,48.460587,1951,2233,2223,2567,2065,2627,,0,,,,1.40,,0.02,0.37,1.54,33.23
231,0,7.7,-29.113,0,0,-0.029264,0.422047,0.450012,1.576973,0.017645,0.835475,-0.001861,0.461632,0.473561,1.548497,0.028181,0.813488,-0.001861,0.461632,0.473561,1.548497,0.028181,0.813488,-0.001861,0.461632,0.473561,1.548497,0.028181,0.813488,-0.059242,14.694214,15.073906,49.290207,0.897041,47.852226,-0.059242,14.694214,15.073906,49.290207,0.897041,47.852226,1951,2233,2224,2567,2065,2619,,0,,,,1.73,,0.03,0.46,1.65,33.17
232,0,7.733333333333333,-29.757,0,0,-0.029264,0.422047,0.450012,1.576973,0.017645,0.829665,-0.001070,0.461117,0.474653,1.547439,0.028172,0.799709,-0.001070,0.461117,0.474653,1.547439,0.028172,0.799709,-0.001070,0.461117,0.474653,1.547439,0.028172,0.799709,-0.034073,14.677811,15.108658,49.256500,0.896751,47.041698,-0.034073,14.677811,15.108658,49.256500,0.896751,47.041698,1952,2232,2224,2567,2065,2607,,0,,,,1.45,,0.02,0.37,1.43,33.19
233,0,7.766666666666667,-29.712,0,0,-0.029264,0.422047,0.450012,1.576973,0.017645,0.822693,-0.000482,0.461036,0.474983,1.546588,0.028165,0.782301,-0.000482,0.461036,0.474983,1.546588,0.028165,0.782301,-0.000482,0.461036,0.474983,1.546588,0.028165,0.782301,-0.015350,14.675247,15.119194,49.229416,0.896515,46.017681,-0.015350,14.675247,15.119194,49.229416,0.896515,46.017681,1952,2232,2224,2566,2065,2592,,0,,,,1.28,,0.02,0.45,1.52,33.13
234,0,7.8,-29.719,0,0,-0.029264,0.422047,0.450012,1.576973,0.017645,0.812235,-0.000129,0.461308,0.474488,1.546291,0.028162,0.761418,-0.000129,0.461308,0.474488,1.546291,0.028162,0.761418,-0.000129,0.461308,0.474488,1.546291,0.028162,0.761418,-0.004105,14.683891,15.103409,49.219955,0.896416,44.789307,-0.004105,14.683891,15.103409,49.219955,0.896416,44.789307,1952,2233,2224,2566,2065,2574,,0,,,,1.39,,0.02,0.42,1.48,33.19
235,0,7.833333333333333,-29.130,0,0,-0.029264,0.422047,0.450012,1.576973,0.017645,0.799453,0.000020,0.461897,0.473160,1.546600,0.028163,0.737450,0.000020,0.461897,0.473160,1.546600,0.028163,0.737450,0.000020,0.461897,0.473160,1.546600,0.028163,0.737450,0.000618,14.702644,15.061142,49.229813,0.896454,43.379406,0.000618,14.702644,15.061142,49.229813,0.896454,43.379406,1952,2233,2224,2566,2065,2553,,0,,,,1.57,,0.03,0.40,1.77,33.15
236,0,7.866666666666666,-29.466,0,0,-0.029264,0.422047,0.450012,1.576973,0.017645,0.784347,0.000028,0.462718,0.471155,1.547471,0.028161,0.710943,0.000028,0.462718,0.471155,1.547471,0.028161,0.710943,0.000028,0.462718,0.471155,1.547471,0.028161,0.710943,0.000893,14.728760,14.997314,49.257538,0.896385,41.820148,0.000893,14.728760,14.997314,49.257538,0.896385,41.820148,1952,2233,2223,2567,2065,2530,,0,,,,1.45,,0.02,0.38,1.55,33.07
237,0,7.9,-29.689,0,0,-0.029264,0.422047,0.450012,1.576973,0.017645,0.765755,-0.000107,0.463670,0.468747,1.548768,0.028150,0.682561,-0.000107,0.463670,0.468747,1.548768,0.028150,0.682561,-0.000107,0.463670,0.468747,1.548768,0.028150,0.682561,-0.003410,14.759064,14.920685,49.298813,0.896049,40.150650,-0.003410,14.759064,14.920685,49.298813,0.896049,40.150650,1952,2233,2222,2567,2065,2506,,0,,,,1.45,,0.03,0.42,1.45,33.19
238,0,7.933333333333334,-29.607,0,0,-0.029264,0.422047,0.450012,1.576973,0.017645,0.744839,-0.000407,0.464659,0.466257,1.550278,0.028128,0.652883,-0.000407,0.464659,0.466257,1.550278,0.028128,0.652883,-0.000407,0.464659,0.466257,1.550278,0.028128,0.652883,-0.012947,14.790550,14.841415,49.346878,0.895332,38.404900,-0.012947,14.790550,14.841415,49.346878,0.895332,38.404900,1952,2234,2221,2568,2065,2480,,0,,,,1.45,,0.03,0.40,1.55,33.19
239,0,7.966666666666667,-29.810,0,0,-0.025821,0.419252,0.450012,1.576973,0.017645,0.721599,-0.000815,0.465534,0.464037,1.551891,0.028095,0.622381,-0.000815,0.465534,0.464037,1.551891,0.028095,0.622381,-0.000815,0.465534,0.464037,1.551891,0.028095,0.622381,-0.025948,14.818420,14.770744,49.398209,0.894295,36.610657,-0.025948,14.818420,14.770744,49.398209,0.894295,36.610657,1952,2234,2220,2568,2065,2454,,0,,,,1.33,,0.02,0.38,1.52,33.19
240,0,8.0,-29.465,0,0,-0.025821,0.419252,0.450012,1.576973,0.017645,0.694874,-0.001298,0.466128,0.462359,1.553623,0.028057,0.591439,-0.001298,0.466128,0.462359,1.553623,0.028057,0.591439,-0.001298,0.466128,0.462359,1.553623,0.028057,0.591439,-0.041321,14.837303,14.717354,49.453369,0.893066,34.790508,-0.041321,14.837303,14.717354,49.453369,0.893066,34.790508,1952,2234,2220,2569,2065,2427,,0,,,,1.35,,0.04,0.55,1.65,33.21
241,0,8.033333333333333,-29.670,0,0,-0.025821,0.419252,0.450012,1.576973,0.017645,0.668148,-0.001842,0.466331,0.461356,1.555496,0.028019,0.560221,-0.001842,0.466331,0.461356,1.555496,0.028019,0.560221,-0.001842,0.466331,0.461356,1.555496,0.028019,0.560221,-0.058624,14.843765,14.685417,49.512955,0.891891,32.954189,-0.058624,14.843765,14.685417,49.512955,0.891891,32.954189,1951,2234,2220,2570,2065,2401,,0,,,,1.37,,0.02,0.39,1.57,33.19
242,0,8.066666666666666,-29.367,0,0,-0.025821,0.419252,0.450012,1.576973,0.017645,0.639098,-0.002436,0.466186,0.460992,1.557379,0.027996,0.528605,-0.002436,0.466186,0.460992,1.557379,0.027996,0.528605,-0.002436,0.466186,0.460992,1.557379,0.027996,0.528605,-0.077545,14.839172,14.673843,49.572937,0.891129,31.094423,-0.077545,14.839172,14.673843,49.572937,0.891129,31.094423,1951,2234,2219,2570,2065,2373,,0,,,,1.55,,0.03,0.56,1.54,33.15
243,0,8.1,-29.880,0,0,-0.025821,0.419252,0.450012,1.576973,0.017645,0.610048,-0.003084,0.465846,0.461157,1.559067,0.027996,0.496236,-0.003084,0.465846,0.461157,1.559067,0.027996,0.496236,-0.003084,0.465846,0.461157,1.559067,0.027996,0.496236,-0.098175,14.828339,14.679077,49.626648,0.891151,29.190380,-0.098175,14.828339,14.679077,49.626648,0.891151,29.190380,1951,2234,2219,2571,2065,2346,,0,,,,1.35,,0.02,0.42,1.44,33.23
244,0,8.133333333333333,-29.619,0,0,-0.025821,0.419252,0.450012,1.576973,0.017645,0.579836,-0.003764,0.465534,0.461724,1.560308,0.028027,0.462787,-0.003764,0.465534,0.461724,1.560308,0.028027,0.462787,-0.003764,0.465534,0.461724,1.560308,0.028027,0.462787,-0.119820,14.818405,14.697121,49.666138,0.892128,27.222771,-0.119820,14.818405,14.697121,49.666138,0.892128,27.222771,1951,2234,2220,2571,2065,2317,,0,,,,1.41,,0.02,0.43,1.56,33.20
245,0,8.166666666666666,-29.130,0,0,-0.025821,0.419252,0.450012,1.576973,0.017645,0.548462,-0.004356,0.465451,0.462610,1.560922,0.028086,0.428203,-0.004356,0.465451,0.462610,1.560922,0.028086,0.428203,-0.004356,0.465451,0.462610,1.560922,0.028086,0.428203,-0.138672,14.815773,14.725349,49.685699,0.893997,25.188402,-0.138672,14.815773,14.725349,49.685699,0.893997,25.188402,1951,2234,2220,2572,2065,2287,,0,,,,1.78,,0.03,0.44,1.58,33.21
246,0,8.2,-29.553,0,0,-0.025821,0.419252,0.450012,1.576973,0.017645,0.517088,-0.004813,0.465712,0.463749,1.560866,0.028167,0.392872,-0.004813,0.465712,0.463749,1.560866,0.028167,0.392872,-0.004813,0.465712,0.463749,1.560866,0.028167,0.392872,-0.153198,14.824059,14.761581,49.683899,0.896599,23.110146,-0.153198,14.824059,14.761581,49.683899,0.896599,23.110146,1951,2234,2220,2572,2065,2257,,0,,,,1.41,,0.04,0.47,1.54,33.24
247,0,8.233333333333333,-29.003,0,0,-0.025821,0.419252,0.450012,1.576973,0.017645,0.484552,-0.005169,0.466322,0.465035,1.560192,0.028269,0.357554,-0.005169,0.466322,0.465035,1.560192,0.028269,0.357554,-0.005169,0.466322,0.465035,1.560192,0.028269,0.357554,-0.164543,14.843491,14.802528,49.662445,0.899826,21.032604,-0.164543,14.843491,14.802528,49.662445,0.899826,21.032604,1950,2234,2221,2571,2065,2226,,0,,,,1.82,,0.05,0.46,1.59,33.07
248,0,8.266666666666667,-29.541,0,0,-0.025821,0.419252,0.450012,1.576973,0.017645,0.452016,-0.005455,0.467205,0.466350,1.559040,0.028387,0.323121,-0.005455,0.467205,0.466350,1.559040,0.028387,0.323121,-0.005455,0.467205,0.466350,1.559040,0.028387,0.323121,-0.173653,14.871613,14.844391,49.625778,0.903580,19.007107,-0.173653,14.871613,14.844391,49.625778,0.903580,19.007107,1950,2235,2221,2571,2066,2197,,0,,,,1.49,,0.03,0.38,1.60,33.20
249,0,8.3,-29.725,0,0,-0.025821,0.419252,0.450012,1.576973,0.017645,0.419481,-0.005638,0.468234,0.467601,1.557606,0.028516,0.290380,-0.005638,0.468234,0.467601,1.557606,0.028516,0.290380,-0.005638,0.468234,0.467601,1.557606,0.028516,0.290380,-0.179459,14.904343,14.884201,49.580139,0.907692,17.081154,-0.179459,14.904343,14.884201,49.580139,0.907692,17.081154,1950,2235,2222,2570,2066,2168,,0,,,,1.37,,0.02,0.43,1.49,33.18
250,0,8.333333333333334,-29.530,0,0,-0.025821,0.419252,0.450012,1.576973,0.017645,0.384621,-0.005731,0.469271,0.468744,1.556075,0.028647,0.260110,-0.005731,0.469271,0.468744,1.556075,0.028647,0.260110,-0.005731,0.469271,0.468744,1.556075,0.028647,0.260110,-0.182426,14.937355,14.920578,49.531403,0.911880,15.300587,-0.182426,14.937355,14.920578,49.531403,0.911880,15.300587,1950,2235,2222,2570,2066,2142,,0,,,,1.46,,0.03,0.39,1.62,33.17
251,0,8.366666666666667,-29.768,0,0,-0.025821,0.419252,0.450012,1.576973,0.017645,0.352085,-0.005769,0.470206,0.469776,1.554573,0.028771,0.233108,-0.005769,0.470206,0.469776,1.554573,0.028771,0.233108,-0.005769,0.470206,0.469776,1.554573,0.028771,0.233108,-0.183640,14.967133,14.953445,49.483612,0.915802,13.712221,-0.183640,14.967133,14.953445,49.483612,0.915802,13.712221,1950,2236,2222,2569,2066,2119,,0,,,,1.40,,0.02,0.38,1.50,33.25
252,0,8.4,-29.551,0,0,-0.025821,0.419252,0.450012,1.576973,0.017645,0.320711,-0.005808,0.470919,0.470721,1.553229,0.028875,0.210042,-0.005808,0.470919,0.470721,1.553229,0.028875,0.210042,-0.005808,0.470919,0.470721,1.553229,0.028875,0.210042,-0.184875,14.989815,14.983521,49.440796,0.919113,12.355417,-0.184875,14.989815,14.983521,49.440796,0.919113,12.355417,1950,2236,2223,2569,2066,2099,,0,,,,1.44,,0.03,0.44,1.51,33.11
253,0,8.433333333333334,-29.483,0,0,-0.025821,0.419252,0.450012,1.576973,0.019180,0.292823,-0.005895,0.471238,0.471587,1.552198,0.028948,0.191241,-0.005895,0.471238,0.471587,1.552198,0.028948,0.191241,-0.005895,0.471238,0.471587,1.552198,0.028948,0.191241,-0.187645,14.999962,15.011070,49.407990,0.921455,11.249458,-0.187645,14.999962,15.011070,49.407990,0.921455,11.249458,1950,2236,2223,2568,2066,2083,,0,,,,1.48,,0.06,0.46,1.52,33.34
254,0,8.466666666666667,-29.185,0,0,-0.015493,0.419252,0.450012,1.574228,0.019180,0.264935,-0.006040,0.470999,0.472364,1.551607,0.028985,0.176632,-0.006040,0.470999,0.472364,1.551607,0.028985,0.176632,-0.006041,0.470999,0.472364,1.551607,0.028985,0.176632,-0.192276,14.992371,15.035820,49.389191,0.922623,10.390142,-0.192276,14.992371,15.035820,49.389191,0.922623,10.390142,1950,2236,2223,2568,2066,2071,,0,,,,1.50,,0.03,0.49,1.65,32.99
255,0,8.5,-28.893,0,0,0.001721,0.419252,0.450012,1.571483,0.019180,0.240533,-0.006235,0.470133,0.473073,1.551507,0.028985,0.165808,-0.006235,0.470133,0.473073,1.551507,0.028985,0.165808,-0.006235,0.470133,0.473073,1.551507,0.028985,0.165808,-0.198456,14.964783,15.058388,49.385986,0.922630,9.753394,-0.198456,14.964783,15.058388,49.385986,0.922630,9.753394,1950,2236,2224,2568,2066,2061,,0,,,,1.52,,0.02,0.47,1.57,32.64
256,0,8.533333333333333,-29.801,0,0,0.005164,0.419252,0.450012,1.568737,0.019180,0.220779,-0.006490,0.468735,0.473764,1.551799,0.028955,0.158169,-0.006490,0.468735,0.473764,1.551799,0.028955,0.158169,-0.006490,0.468735,0.473764,1.551799,0.028955,0.158169,-0.206596,14.920303,15.080383,49.395294,0.921669,9.304070,-0.206596,14.920303,15.080383,49.395294,0.921669,9.304070,1950,2235,2224,2568,2066,2055,,0,,,,1.38,,0.02,0.36,1.51,33.20
257,0,8.566666666666666,-29.745,0,0,0.008607,0.422047,0.450012,1.563248,0.019180,0.202187,-0.006823,0.467018,0.474464,1.552280,0.028903,0.153105,-0.006823,0.467018,0.474464,1.552280,0.028903,0.153105,-0.006823,0.467018,0.474464,1.552280,0.028903,0.153105,-0.217186,14.865646,15.102646,49.410614,0.920013,9.006166,-0.217186,14.865646,15.102646,49.410614,0.920013,9.006166,1950,2235,2224,2569,2066,2050,,0,,,,1.43,,0.02,0.36,1.51,33.23
258,0,8.6,-29.448,0,0,0.012050,0.422047,0.450012,1.563248,0.019180,0.189405,-0.007189,0.465257,0.475111,1.552702,0.028843,0.149969,-0.007189,0.465257,0.475111,1.552702,0.028843,0.149969,-0.007188,0.465257,0.475111,1.552702,0.028843,0.149969,-0.228813,14.809586,15.123238,49.424042,0.918114,8.821684,-0.228813,14.809586,15.123238,49.424042,0.918114,8.821684,1950,2234,2224,2569,2066,2048,,0,,,,1.40,,0.03,0.46,1.63,33.16
259,0,8.633333333333333,-28.564,0,0,0.012050,0.422047,0.450012,1.560503,0.019180,0.178947,-0.007538,0.463734,0.475594,1.552888,0.028791,0.148008,-0.007538,0.463734,0.475594,1.552888,0.028791,0.148008,-0.007538,0.463734,0.475594,1.552888,0.028791,0.148008,-0.239937,14.761101,15.138626,49.429947,0.916458,8.706369,-0.239937,14.761101,15.138626,49.429947,0.916458,8.706369,1950,2233,2225,2569,2066,2046,,0,,,,1.85,,0.02,0.38,1.83,32.85
260,0,8.666666666666666,-28.783,0,0,0.012050,0.422047,0.450012,1.557758,0.019180,0.171975,-0.007806,0.462696,0.475853,1.552788,0.028756,0.146390,-0.007806,0.462696,0.475853,1.552788,0.028756,0.146390,-0.007806,0.462696,0.475853,1.552788,0.028756,0.146390,-0.248466,14.728073,15.146866,49.426788,0.915321,8.611149,-0.248466,14.728073,15.146866,49.426788,0.915321,8.611149,1950,2233,2225,2569,2066,2044,,0,,,,2.13,,0.03,0.40,1.64,33.18
261,0,8.7,-28.729,0,0,0.015493,0.422047,0.450012,1.557758,0.019180,0.167327,-0.008037,0.462349,0.475846,1.552404,0.028738,0.144315,-0.008037,0.462349,0.475846,1.552404,0.028738,0.144315,-0.008037,0.462349,0.475846,1.552404,0.028738,0.144315,-0.255821,14.717033,15.146637,49.414566,0.914749,8.489114,-0.255821,14.717033,15.146637,49.414566,0.914749,8.489114,1950,2233,2225,2569,2066,2043,,0,,,,1.42,,0.04,1.17,1.57,33.09
262,0,8.733333333333333,-29.612,0,0,0.015493,0.422047,0.450012,1.555013,0.019180,0.163841,-0.008273,0.462815,0.475533,1.551765,0.028742,0.141183,-0.008273,0.462815,0.475533,1.551765,0.028742,0.141183,-0.008273,0.462815,0.475533,1.551765,0.028742,0.141183,-0.263329,14.731850,15.136673,49.394211,0.914894,8.304887,-0.263329,14.731850,15.136673,49.394211,0.914894,8.304887,1950,2233,2225,2568,2066,2040,,0,,,,1.43,,0.02,0.37,1.58,33.16
263,0,8.766666666666667,-29.665,0,0,0.015493,0.422047,0.450012,1.555013,0.019180,0.160355,-0.008505,0.464070,0.474898,1.551012,0.028773,0.136756,-0.008505,0.464070,0.474898,1.551012,0.028773,0.136756,-0.008505,0.464070,0.474898,1.551012,0.028773,0.136756,-0.270737,14.771805,15.116463,49.370239,0.915871,8.044455,-0.270737,14.771805,15.116463,49.370239,0.915871,8.044455,1950,2234,2224,2568,2066,2036,,0,,,,1.32,,0.02,0.36,1.69,33.26
264,0,8.8,-29.405,0,0,0.015493,0.422047,0.450012,1.555013,0.019180,0.156869,-0.008682,0.465978,0.473922,1.550351,0.028832,0.131200,-0.008682,0.465978,0.473922,1.550351,0.028832,0.131200,-0.008682,0.465978,0.473922,1.550351,0.028832,0.131200,-0.276352,14.832542,15.085411,49.349213,0.917747,7.717654,-0.276352,14.832542,15.085411,49.349213,0.917747,7.717654,1949,2234,2224,2568,2066,2031,,0,,,,1.59,,0.03,0.41,1.49,33.13
265,0,8.833333333333334,-29.727,0,0,0.015493,0.422047,0.450012,1.555013,0.019180,0.153383,-0.008788,0.468412,0.472502,1.549902,0.028916,0.124908,-0.008788,0.468412,0.472502,1.549902,0.028916,0.124908,-0.008788,0.468412,0.472502,1.549902,0.028916,0.124908,-0.279716,14.910004,15.040207,49.334900,0.920425,7.347509,-0.279716,14.910004,15.040207,49.334900,0.920425,7.347509,1949,2235,2223,2568,2066,2026,,0,,,,1.30,,0.03,0.41,1.49,33.14
266,0,8.866666666666667,-29.763,0,0,0.015493,0.422047,0.450012,1.555013,0.019180,0.148735,-0.008815,0.471327,0.470492,1.549675,0.029023,0.118277,-0.008815,0.471327,0.470492,1.549675,0.029023,0.118277,-0.008815,0.471327,0.470492,1.549675,0.029023,0.118277,-0.280586,15.002800,14.976212,49.327682,0.923836,6.957495,-0.280586,15.002800,14.976212,49.327682,0.923836,6.957495,1949,2236,2223,2568,2066,2020,,0,,,,1.42,,0.02,0.36,1.48,33.17
267,0,8.9,-29.876,0,0,0.015493,0.424842,0.450012,1.555013,0.019180,0.142926,-0.008752,0.474701,0.467840,1.549767,0.029152,0.111685,-0.008752,0.474701,0.467840,1.549767,0.029152,0.111685,-0.008752,0.474701,0.467840,1.549767,0.029152,0.111685,-0.278572,15.110191,14.891800,49.330627,0.927925,6.569701,-0.278572,15.110191,14.891800,49.330627,0.927925,6.569701,1949,2237,2222,2568,2066,2015,,0,,,,1.32,,0.02,0.43,1.43,33.20
268,0,8.933333333333334,-29.315,0,0,0.015493,0.424842,0.450012,1.555013,0.019180,0.137116,-0.008558,0.478544,0.464545,1.550263,0.029301,0.105524,-0.008558,0.478544,0.464545,1.550263,0.029301,0.105524,-0.008558,0.478544,0.464545,1.550263,0.029301,0.105524,-0.272392,15.232536,14.786926,49.346390,0.932678,6.207278,-0.272392,15.232536,14.786926,49.346390,0.932678,6.207278,1950,2239,2221,2568,2066,2009,,0,,,,1.76,,0.03,0.42,1.51,33.17
269,0,8.966666666666667,-29.732,0,0,0.015493,0.424842,0.450012,1.555013,0.019180,0.130144,-0.008216,0.482852,0.460605,1.551177,0.029470,0.100107,-0.008216,0.482852,0.460605,1.551177,0.029470,0.100107,-0.008216,0.482852,0.460605,1.551177,0.029470,0.100107,-0.261528,15.369644,14.661514,49.375488,0.938072,5.888638,-0.261528,15.369644,14.661514,49.375488,0.938072,5.888638,1950,2240,2219,2568,2066,2005,,0,,,,1.39,,0.02,0.37,1.53,33.19
270,1,9.0,-19.710,0,0,0.015493,0.424842,0.450012,1.552268,0.019180,0.123172,0.012914,0.407125,0.442468,1.523665,0.015073,0.165127,0.012914,0.407125,0.442468,1.523665,0.015073,0.165127,0.012914,0.407125,0.442468,1.523665,0.015073,0.165127,0.411072,12.959183,14.084198,48.499756,0.479782,9.713325,0.411072,12.959183,14.084198,48.499756,0.479782,9.713325,1956,2213,2213,2558,2057,2061,,0,301,1789054470.178320,22.2,1.37,7.42,2.36,0.43,1.68,33.12
271,0,9.033333333333333,-29.802,0,0,0.015493,0.424842,0.450012,1.552268,0.019180,0.118524,0.013778,0.418712,0.450945,1.511461,0.014829,0.160051,0.013778,0.418712,0.450945,1.511461,0.014829,0.160051,0.013778,0.418712,0.450945,1.511461,0.014829,0.160051,0.438568,13.328003,14.354012,48.111298,0.472008,9.414780,0.438568,13.328003,14.354012,48.111298,0.472008,9.414780,1956,2217,2216,2554,2057,2056,,0,,,,1.41,,0.02,0.38,1.40,33.14
272,0,9.066666666666666,-29.964,0,0,0.015493,0.422047,0.450012,1.552268,0.019180,0.118524,0.014426,0.432564,0.460685,1.498779,0.014768,0.148980,0.014426,0.432564,0.460685,1.498779,0.014768,0.148980,0.014426,0.432564,0.460685,1.498779,0.014768,0.148980,0.459206,13.768936,14.664062,47.707611,0.470062,8.763545,0.459206,13.768936,14.664062,47.707611,0.470062,8.763545,1956,2222,2219,2549,2057,2047,,0,,,,1.25,,0.02,0.36,1.47,33.19
273,0,9.1,-29.619,0,0,0.018935,0.413662,0.450012,1.544033,0.019180,0.130144,0.015088,0.447651,0.470114,1.486053,0.014791,0.132499,0.015088,0.447651,0.470114,1.486053,0.014791,0.132499,0.015088,0.447651,0.470114,1.486053,0.014791,0.132499,0.480270,14.249168,14.964172,47.302536,0.470802,7.794085,0.480270,14.249168,14.964172,47.302536,0.470802,7.794085,1956,2228,2223,2544,2057,2033,,0,,,,1.43,,0.03,0.48,1.44,33.17
274,0,9.133333333333333,-29.433,0,0,0.018935,0.413662,0.452842,1.530308,0.019180,0.139440,0.015796,0.463352,0.478354,1.473464,0.015016,0.111309,0.015796,0.463352,0.478354,1.473464,0.015016,0.111309,0.015796,0.463352,0.478354,1.473464,0.015016,0.111309,0.502815,14.748970,15.226471,46.901825,0.477966,6.547576,0.502815,14.748970,15.226471,46.901825,0.477966,6.547576,1957,2233,2226,2540,2057,2014,,0,,,,1.52,,0.03,0.49,1.50,33.13
275,0,9.166666666666666,-29.519,0,0,0.018935,0.413662,0.461333,1.516584,0.019180,0.138278,0.016618,0.479082,0.485139,1.460877,0.015216,0.086848,0.016618,0.479082,0.485139,1.460877,0.015216,0.086848,0.016618,0.479082,0.485139,1.460877,0.015216,0.086848,0.528976,15.249657,15.442467,46.501160,0.484344,5.108714,0.528976,15.249657,15.442467,46.501160,0.484344,5.108714,1957,2239,2228,2535,2057,1993,,0,,,,1.44,,0.03,0.57,1.46,33.14
276,0,9.2,-29.659,0,0,0.018935,0.413662,0.464163,1.505604,0.019180,0.126658,0.017473,0.493847,0.490784,1.448931,0.015571,0.060889,0.017473,0.493847,0.490784,1.448931,0.015571,0.060889,0.017473,0.493847,0.490784,1.448931,0.015571,0.060889,0.556168,15.719643,15.622124,46.120911,0.495636,3.581727,0.556168,15.719643,15.622124,46.120911,0.495636,3.581727,1957,2244,2230,2531,2057,1971,,0,,,,1.52,,0.02,0.42,1.45,33.18
277,0,9.233333333333333,-29.313,0,0,0.018935,0.419252,0.464163,1.491879,0.019180,0.112714,0.018333,0.506464,0.495648,1.438830,0.016144,0.034614,0.018333,0.506464,0.495648,1.438830,0.016144,0.034614,0.018333,0.506464,0.495648,1.438830,0.016144,0.034614,0.583557,16.121246,15.776955,45.799377,0.513878,2.036119,0.583557,16.121246,15.776955,45.799377,0.513878,2.036119,1957,2249,2232,2527,2058,1948,,0,,,,1.41,,0.02,0.41,1.87,33.22
278,0,9.266666666666667,-29.702,0,0,0.022378,0.427637,0.458503,1.480899,0.019180,0.095284,0.018938,0.515867,0.499903,1.431698,0.016801,0.009360,0.018938,0.515867,0.499903,1.431698,0.016801,0.009360,0.018938,0.515867,0.499903,1.431698,0.016801,0.009360,0.602806,16.420555,15.912399,45.572357,0.534798,0.550586,0.602806,16.420555,15.912399,45.572357,0.534798,0.550586,1958,2252,2233,2525,2058,1927,,0,,,,1.27,,0.02,0.44,1.58,33.18
279,0,9.3,-29.739,0,0,0.022378,0.436022,0.464163,1.467174,0.019180,0.074368,0.019210,0.521349,0.503577,1.428509,0.017372,0.000472,0.019210,0.521349,0.503577,1.428509,0.017372,0.000472,0.019210,0.521349,0.503577,1.428509,0.017372,0.000472,0.611458,16.595062,16.029358,45.470871,0.552979,0.027761,0.611458,16.595062,16.029358,45.470871,0.552979,0.027761,1958,2254,2234,2523,2058,1919,,0,,,,1.40,,0.02,0.42,1.46,33.18
280,0,9.333333333333334,-29.259,0,0,0.022378,0.441612,0.466994,1.453450,0.019180,0.051128,0.019370,0.522670,0.506605,1.429643,0.017977,0.000472,0.019370,0.522670,0.506605,1.429643,0.017977,0.000472,0.019370,0.522670,0.506605,1.429644,0.017977,0.000472,0.616562,16.637108,16.125748,45.506973,0.572243,0.027762,0.616562,16.637108,16.125748,45.506973,0.572243,0.027762,1958,2255,2235,2524,2059,1919,,0,,,,1.72,,0.03,0.49,1.53,33.18
281,0,9.366666666666667,-29.399,0,0,0.022378,0.444407,0.469824,1.442470,0.019180,0.033698,0.019641,0.519965,0.508601,1.434432,0.018622,0.000472,0.019641,0.519965,0.508601,1.434432,0.018622,0.000472,0.019641,0.519965,0.508601,1.434432,0.018622,0.000472,0.625191,16.550995,16.189285,45.659378,0.592758,0.027762,0.625191,16.550995,16.189285,45.659378,0.592758,0.027762,1958,2254,2236,2526,2059,1919,,0,,,,1.53,,0.03,0.51,1.57,33.18
282,0,9.4,-29.446,0,0,0.022378,0.444407,0.469824,1.434235,0.019180,0.024402,0.020181,0.514436,0.508799,1.441374,0.019372,0.000472,0.020181,0.514436,0.508799,1.441374,0.019372,0.000472,0.020181,0.514436,0.508799,1.441374,0.019372,0.000472,0.642380,16.374992,16.195587,45.880371,0.616631,0.027762,0.642380,16.374992,16.195587,45.880371,0.616631,0.027762,1958,2252,2236,2528,2060,1919,,0,,,,1.45,,0.04,0.52,1.57,33.21
283,0,9.433333333333334,-29.750,0,0,0.022378,0.444407,0.469824,1.431490,0.019180,0.018592,0.021332,0.506692,0.506718,1.449237,0.020198,0.000472,0.021332,0.506692,0.506718,1.449237,0.020198,0.000472,0.021332,0.506692,0.506718,1.449237,0.020198,0.000472,0.679031,16.128502,16.129341,46.130646,0.642906,0.027762,0.679031,16.128502,16.129341,46.130646,0.642906,0.027762,1958,2249,2236,2531,2060,1919,,0,,,,1.42,,0.02,0.41,1.43,33.16
284,0,9.466666666666667,-29.518,0,0,0.022378,0.444407,0.469824,1.428746,0.019180,0.015106,0.023400,0.497615,0.502326,1.457363,0.021106,0.000472,0.023400,0.497615,0.502326,1.457363,0.021106,0.000472,0.023400,0.497615,0.502326,1.457363,0.021106,0.000472,0.744835,15.839577,15.989517,46.389313,0.671829,0.027762,0.744835,15.839577,15.989517,46.389313,0.671829,0.027762,1959,2246,2234,2534,2061,1919,,0,,,,1.43,,0.03,0.42,1.64,33.24
285,0,9.5,-29.844,0,0,0.022378,0.444407,0.469824,1.428746,0.019180,0.011620,0.026267,0.488108,0.495838,1.465241,0.022078,0.000472,0.026267,0.488108,0.495838,1.465241,0.022078,0.000472,0.026267,0.488108,0.495838,1.465241,0.022078,0.000472,0.836098,15.536972,15.782997,46.640076,0.702751,0.027762,0.836098,15.536972,15.782997,46.640076,0.702751,0.027762,1960,2242,2232,2537,2061,1919,,0,,,,1.26,,0.02,0.41,1.48,33.17
286,0,9.533333333333333,-29.611,0,0,0.022378,0.444407,0.469824,1.436980,0.019180,0.011620,0.029583,0.478655,0.487513,1.472173,0.023060,0.000472,0.029583,0.478655,0.487513,1.472173,0.023060,0.000472,0.029583,0.478655,0.487513,1.472173,0.023060,0.000472,0.941673,15.236053,15.518013,46.860718,0.734016,0.027762,0.941673,15.236053,15.518013,46.860718,0.734016,0.027762,1961,2239,2229,2539,2062,1919,,0,,,,1.35,,0.02,0.39,1.60,33.19
287,0,9.566666666666666,-29.038,0,0,0.022378,0.444407,0.469824,1.445215,0.019180,0.011620,0.033023,0.469703,0.477893,1.477700,0.024019,0.000472,0.033023,0.469703,0.477893,1.477700,0.024019,0.000472,0.033023,0.469703,0.477893,1.477700,0.024019,0.000472,1.051163,14.951096,15.211823,47.036636,0.764534,0.027762,1.051163,14.951096,15.211823,47.036636,0.764534,0.027762,1962,2236,2225,2541,2063,1919,,0,,,,1.73,,0.03,0.42,1.72,33.07
288,0,9.6,-13.886,0,0,0.022378,0.444407,0.469824,1.447960,0.019180,0.011620,0.036344,0.461395,0.467951,1.481913,0.024898,0.000472,0.036344,0.461395,0.467951,1.481913,0.024898,0.000472,0.036344,0.461395,0.467951,1.481914,0.024898,0.000472,1.156868,14.686668,14.895332,47.170776,0.792519,0.027762,1.156868,14.686668,14.895332,47.170776,0.792519,0.027762,1963,2233,2222,2543,2063,1919,,0,,,,17.04,,0.03,0.42,1.64,33.16
289,0,9.633333333333333,-29.746,0,0,0.022378,0.444407,0.469824,1.450705,0.019180,0.011620,0.039529,0.453740,0.458873,1.485499,0.025658,0.000472,0.039529,0.453740,0.458873,1.485499,0.025658,0.000472,0.039529,0.453740,0.458873,1.485498,0.025658,0.000472,1.258255,14.442993,14.606392,47.284882,0.816711,0.027762,1.258255,14.442993,14.606392,47.284882,0.816711,0.027762,1963,2230,2219,2544,2064,1919,,0,,,,1.43,,0.02,0.39,1.45,33.14
290,0,9.666666666666666,-29.774,0,0,0.032707,0.444407,0.469824,1.453450,0.019180,0.011620,0.042773,0.446391,0.451773,1.489295,0.026277,0.000472,0.042773,0.446391,0.451773,1.489295,0.026277,0.000472,0.042773,0.446391,0.451773,1.489295,0.026277,0.000472,1.361511,14.209076,14.380386,47.405716,0.836433,0.027762,1.361511,14.209076,14.380386,47.405716,0.836433,0.027762,1964,2227,2216,2546,2064,1919,,0,,,,1.38,,0.02,0.36,1.54,33.23
291,0,9.7,-29.447,0,0,0.032707,0.444407,0.461333,1.458940,0.019180,0.011620,0.046271,0.439054,0.447349,1.494160,0.026745,0.000472,0.046271,0.439054,0.447349,1.494160,0.026745,0.000472,0.046271,0.439054,0.447349,1.494159,0.026745,0.000472,1.472855,13.975525,14.239563,47.560577,0.851311,0.027762,1.472855,13.975525,14.239563,47.560577,0.851311,0.027762,1965,2225,2215,2547,2064,1919,,0,,,,1.22,,0.02,0.46,1.90,33.95
292,0,9.733333333333333,-28.360,0,0,0.032707,0.441612,0.452842,1.464430,0.019180,0.011620,0.049966,0.431574,0.445870,1.500633,0.027059,0.000472,0.049966,0.431574,0.445870,1.500633,0.027059,0.000472,0.049966,0.431574,0.445870,1.500633,0.027059,0.000472,1.590469,13.737442,14.192474,47.766632,0.861298,0.027762,1.590469,13.737442,14.192474,47.766632,0.861298,0.027762,1967,2222,2214,2550,2065,1919,,0,,,,1.62,,0.03,0.45,1.78,32.54
293,0,9.766666666666667,-28.687,0,0,0.032707,0.438817,0.450012,1.469919,0.019180,0.011620,0.053292,0.424198,0.447135,1.508386,0.027223,0.000472,0.053292,0.424198,0.447135,1.508386,0.027223,0.000472,0.053292,0.424198,0.447135,1.508386,0.027223,0.000472,1.696335,13.502647,14.232765,48.013428,0.866547,0.027762,1.696335,13.502647,14.232765,48.013428,0.866547,0.027762,1967,2219,2214,2553,2065,1919,,0,,,,1.43,,0.03,0.49,1.63,32.50
294,0,9.8,-29.621,0,0,0.032707,0.433227,0.447182,1.475409,0.019180,0.011620,0.055560,0.417380,0.450572,1.516589,0.027245,0.000472,0.055560,0.417380,0.450572,1.516589,0.027245,0.000472,0.055560,0.417380,0.450572,1.516589,0.027245,0.000472,1.768539,13.285614,14.342163,48.274536,0.867226,0.027762,1.768539,13.285614,14.342163,48.274536,0.867226,0.027762,1968,2217,2216,2556,2065,1919,,0,,,,1.42,,0.03,0.43,1.51,33.13
295,0,9.833333333333334,-29.783,0,0,0.032707,0.427637,0.447182,1.478154,0.019180,0.011620,0.056252,0.411634,0.455285,1.524338,0.027137,0.000472,0.056252,0.411634,0.455285,1.524338,0.027137,0.000472,0.056252,0.411634,0.455285,1.524338,0.027137,0.000472,1.790558,13.102707,14.492180,48.521179,0.863800,0.027762,1.790558,13.102707,14.492180,48.521179,0.863800,0.027762,1968,2215,2217,2558,2065,1919,,0,,,,1.44,,0.02,0.37,1.48,33.24
296,0,9.866666666666667,-29.690,0,0,0.032707,0.424842,0.447182,1.483644,0.019180,0.011620,0.055028,0.407591,0.460138,1.530726,0.026915,0.000472,0.055028,0.407591,0.460138,1.530726,0.026915,0.000472,0.055028,0.407591,0.460138,1.530726,0.026915,0.000472,1.751602,12.974022,14.646637,48.724533,0.856720,0.027762,1.751602,12.974022,14.646637,48.724533,0.856720,0.027762,1968,2213,2219,2561,2065,1919,,0,,,,1.42,,0.03,0.42,1.48,33.21
297,0,9.9,-29.615,0,0,0.032707,0.422047,0.447182,1.486389,0.019180,0.011620,0.051773,0.405614,0.464336,1.535337,0.026600,0.000472,0.051773,0.405614,0.464336,1.535337,0.026600,0.000472,0.051773,0.405614,0.464336,1.535337,0.026600,0.000472,1.647987,12.911095,14.780273,48.871307,0.846695,0.027762,1.647987,12.911095,14.780273,48.871307,0.846695,0.027762,1967,2213,2221,2562,2064,1919,,0,,,,1.45,,0.02,0.47,1.48,33.17
298,0,9.933333333333334,-29.708,0,0,0.032707,0.419252,0.447182,1.486389,0.019180,0.011620,0.046906,0.405434,0.468122,1.538537,0.026210,0.000472,0.046906,0.405434,0.468122,1.538537,0.026210,0.000472,0.046906,0.405434,0.468122,1.538537,0.026210,0.000472,1.493073,12.905373,14.900780,48.973160,0.834274,0.027762,1.493073,12.905373,14.900780,48.973160,0.834274,0.027762,1966,2213,2222,2563,2064,1919,,0,,,,1.34,,0.02,0.38,1.58,33.18
299,0,9.966666666666667,-29.380,0,0,0.032707,0.416457,0.447182,1.486389,0.019180,0.011620,0.041525,0.406479,0.472219,1.540773,0.025777,0.000472,0.041525,0.406479,0.472219,1.540773,0.025777,0.000472,0.041525,0.406479,0.472219,1.540774,0.025777,0.000472,1.321793,12.938622,15.031197,49.044342,0.820503,0.027762,1.321793,12.938622,15.031197,49.044342,0.820503,0.027762,1964,2213,2223,2564,2064,1919,,0,,,,1.28,,0.02,0.36,2.02,33.22
300,0,10.0,-29.399,0,0,0.032707,0.416457,0.447182,1.486389,0.019180,0.011620,0.036771,0.408491,0.476878,1.541885,0.025348,0.000472,0.036771,0.408491,0.476878,1.541885,0.025348,0.000472,0.036771,0.408491,0.476878,1.541885,0.025348,0.000472,1.170471,13.002670,15.179489,49.079712,0.806854,0.027762,1.170471,13.002670,15.179489,49.079712,0.806854,0.027762,1963,2214,2225,2565,2064,1919,,0,,,,1.34,,0.03,0.43,1.70,33.09
301,0,10.033333333333333,-29.676,0,0,0.032707,0.416457,0.447182,1.489134,0.019180,0.011620,0.033051,0.411205,0.481979,1.541663,0.024929,0.000472,0.033051,0.411205,0.481979,1.541663,0.024929,0.000472,0.033051,0.411205,0.481979,1.541663,0.024929,0.000472,1.052048,13.089058,15.341866,49.072662,0.793503,0.027762,1.052048,13.089058,15.341866,49.072662,0.793503,0.027762,1962,2215,2227,2565,2063,1919,,0,,,,1.48,,0.03,0.38,1.47,33.18
302,0,10.066666666666666,-29.693,0,0,0.032707,0.416457,0.447182,1.494624,0.019180,0.011620,0.030228,0.414140,0.487549,1.540045,0.024495,0.000472,0.030228,0.414140,0.487549,1.540045,0.024495,0.000472,0.030228,0.414140,0.487549,1.540045,0.024495,0.000472,0.962196,13.182495,15.519180,49.021133,0.779709,0.027762,0.962196,13.182495,15.519180,49.021133,0.779709,0.027762,1961,2216,2229,2564,2063,1919,,0,,,,1.41,,0.02,0.38,1.55,33.21
303,0,10.1,-29.671,0,0,0.032707,0.416457,0.447182,1.497369,0.019180,0.011620,0.028078,0.416913,0.493699,1.536988,0.024001,0.000472,0.028078,0.416913,0.493699,1.536988,0.024001,0.000472,0.028078,0.416913,0.493699,1.536988,0.024001,0.000472,0.893738,13.270760,15.714935,48.923828,0.763977,0.027762,0.893738,13.270760,15.714935,48.923828,0.763977,0.027762,1960,2217,2231,2563,2063,1919,,0,,,,1.42,,0.03,0.42,1.50,33.17
304,0,10.133333333333333,-29.689,0,0,0.032707,0.416457,0.447182,1.497369,0.019180,0.011620,0.026411,0.419467,0.500351,1.532313,0.023404,0.000472,0.026411,0.419467,0.500351,1.532313,0.023404,0.000472,0.026411,0.419467,0.500351,1.532313,0.023404,0.000472,0.840691,13.352058,15.926659,48.775024,0.744987,0.027762,0.840691,13.352058,15.926659,48.775024,0.744987,0.027762,1960,2218,2233,2561,2062,1919,,0,,,,1.33,,0.03,0.39,1.60,33.20
305,0,10.166666666666666,-29.544,0,0,0.032707,0.413662,0.447182,1.497369,0.019180,0.011620,0.024977,0.421973,0.507213,1.525864,0.022706,0.000472,0.024977,0.421973,0.507213,1.525864,0.022706,0.000472,0.024977,0.421973,0.507213,1.525864,0.022706,0.000472,0.795044,13.431839,16.145096,48.569748,0.722763,0.027762,0.795044,13.431839,16.145096,48.569748,0.722763,0.027762,1959,2218,2236,2559,2062,1919,,0,,,,1.30,,0.02,0.38,1.77,33.19
306,0,10.2,-29.256,0,0,0.032707,0.413662,0.450012,1.497369,0.019180,0.011620,0.023685,0.424499,0.513789,1.517865,0.021921,0.000472,0.023685,0.424499,0.513789,1.517865,0.021921,0.000472,0.023685,0.424499,0.513789,1.517865,0.021921,0.000472,0.753906,13.512230,16.354408,48.315140,0.697777,0.027762,0.753906,13.512230,16.354408,48.315140,0.697777,0.027762,1959,2219,2238,2556,2061,1919,,0,,,,1.64,,0.04,0.42,1.67,33.18
307,0,10.233333333333333,-29.641,0,0,0.032707,0.410867,0.458503,1.497369,0.019180,0.011620,0.022799,0.426833,0.519712,1.509263,0.021083,0.000472,0.022799,0.426833,0.519712,1.509263,0.021083,0.000472,0.022799,0.426833,0.519712,1.509264,0.021083,0.000472,0.725700,13.586510,16.542938,48.041351,0.671089,0.027762,0.725700,13.586510,16.542938,48.041351,0.671089,0.027762,1959,2220,2240,2553,2061,1919,,0,,,,1.42,,0.03,0.39,1.52,33.16
308,0,10.266666666666667,-29.229,0,0,0.032707,0.405277,0.466994,1.497369,0.019180,0.011620,0.022938,0.428744,0.525092,1.501276,0.020243,0.000472,0.022938,0.428744,0.525092,1.501276,0.020243,0.000472,0.022938,0.428744,0.525092,1.501276,0.020243,0.000472,0.730133,13.647339,16.714188,47.787094,0.644348,0.027762,0.730133,13.647339,16.714188,47.787094,0.644348,0.027762,1959,2221,2242,2550,2060,1919,,0,,,,1.56,,0.02,0.43,1.53,32.88
309,0,10.3,-29.733,0,0,0.032707,0.405277,0.469824,1.497369,0.019180,0.011620,0.024834,0.429794,0.530288,1.495303,0.019455,0.000472,0.024834,0.429794,0.530288,1.495303,0.019455,0.000472,0.024834,0.429794,0.530288,1.495303,0.019455,0.000472,0.790497,13.680779,16.879593,47.596985,0.619278,0.027762,0.790497,13.680779,16.879593,47.596985,0.619278,0.027762,1959,2221,2244,2548,2060,1919,,0,,,,1.44,,0.02,0.43,1.47,33.23
310,0,10.333333333333334,-29.550,0,0,0.032707,0.408072,0.475484,1.491879,0.019180,0.011620,0.028919,0.429374,0.535522,1.492708,0.018759,0.000472,0.028919,0.429374,0.535522,1.492708,0.018759,0.000472,0.028919,0.429374,0.535522,1.492708,0.018759,0.000472,0.920509,13.667404,17.046181,47.514374,0.597122,0.027762,0.920509,13.667404,17.046181,47.514374,0.597122,0.027762,1960,2221,2246,2547,2059,1919,,0,,,,1.42,,0.03,0.43,1.61,33.20
311,0,10.366666666666667,-29.763,0,0,0.032707,0.408072,0.478315,1.491879,0.019180,0.011620,0.035147,0.427262,0.540629,1.493786,0.018180,0.000472,0.035147,0.427262,0.540629,1.493786,0.018180,0.000472,0.035147,0.427262,0.540629,1.493786,0.018180,0.000472,1.118782,13.600182,17.208740,47.548676,0.578674,0.027762,1.118782,13.600182,17.208740,47.548676,0.578674,0.027762,1962,2220,2248,2547,2059,1919,,0,,,,1.35,,0.02,0.42,1.47,33.21
312,0,10.4,-29.281,0,0,0.032707,0.408072,0.481145,1.491879,0.019180,0.011620,0.042916,0.424036,0.544969,1.497204,0.017728,0.000472,0.042916,0.424036,0.544969,1.497204,0.017728,0.000472,0.042916,0.424036,0.544969,1.497204,0.017728,0.000472,1.366058,13.497498,17.346909,47.657486,0.564316,0.027762,1.366058,13.497498,17.346909,47.657486,0.564316,0.027762,1964,2219,2249,2548,2059,1919,,0,,,,1.49,,0.03,0.68,1.53,33.18
313,0,10.433333333333334,-29.081,0,0,0.032707,0.408072,0.486806,1.491879,0.017645,0.011620,0.051148,0.420438,0.548014,1.501521,0.017384,0.000472,0.051148,0.420438,0.548014,1.501521,0.017384,0.000472,0.051148,0.420438,0.548014,1.501521,0.017384,0.000472,1.628090,13.382950,17.443825,47.794891,0.553360,0.027762,1.628090,13.382950,17.443825,47.794891,0.553360,0.027762,1967,2218,2250,2550,2058,1919,,0,,,,1.56,,0.03,0.66,1.58,33.07
314,0,10.466666666666667,-29.049,0,0,0.032707,0.408072,0.486806,1.491879,0.017645,0.011620,0.058916,0.416632,0.549642,1.506562,0.017108,0.000472,0.058916,0.416632,0.549642,1.506562,0.017108,0.000472,0.058916,0.416632,0.549642,1.506562,0.017108,0.000472,1.875366,13.261795,17.495644,47.955353,0.544571,0.027762,1.875366,13.261795,17.495644,47.955353,0.544571,0.027762,1969,2217,2251,2552,2058,1919,,0,,,,1.49,,0.03,0.39,2.06,33.23
315,0,10.5,-29.509,0,0,0.032707,0.408072,0.486806,1.491879,0.017645,0.011620,0.065961,0.412390,0.549910,1.512850,0.016883,0.000472,0.065961,0.412390,0.549910,1.512850,0.016883,0.000472,0.065961,0.412390,0.549910,1.512850,0.016883,0.000472,2.099609,13.126793,17.504166,48.155502,0.537407,0.027762,2.099609,13.126793,17.504166,48.155502,0.537407,0.027762,1971,2215,2251,2554,2058,1919,,0,,,,1.46,,0.06,0.40,1.49,33.07
316,0,10.533333333333333,-29.621,0,0,0.032707,0.408072,0.486806,1.491879,0.017645,0.011620,0.072064,0.407992,0.548481,1.519761,0.016719,0.000472,0.072064,0.407992,0.548481,1.519761,0.016719,0.000472,0.072064,0.407992,0.548481,1.519761,0.016719,0.000472,2.293884,12.986778,17.458702,48.375504,0.532173,0.027762,2.293884,12.986778,17.458702,48.375504,0.532173,0.027762,1973,2213,2250,2557,2058,1919,,0,,,,1.39,,0.03,0.41,1.58,33.19
317,0,10.566666666666666,-29.820,0,0,0.036150,0.408072,0.486806,1.491879,0.017645,0.011620,0.076489,0.404231,0.544924,1.525603,0.016619,0.000472,0.076489,0.404231,0.544924,1.525603,0.016619,0.000472,0.076489,0.404231,0.544924,1.525603,0.016619,0.000472,2.434731,12.867081,17.345474,48.561447,0.529007,0.027762,2.434731,12.867081,17.345474,48.561447,0.529007,0.027762,1974,2212,2249,2559,2058,1919,,0,,,,1.27,,0.03,0.39,1.53,33.19
318,0,10.6,-29.778,0,0,0.049922,0.408072,0.486806,1.491879,0.017645,0.011620,0.078611,0.401365,0.539522,1.529805,0.016577,0.000472,0.078611,0.401365,0.539522,1.529805,0.016577,0.000472,0.078611,0.401365,0.539522,1.529805,0.016577,0.000472,2.502274,12.775841,17.173508,48.695221,0.527657,0.027762,2.502274,12.775841,17.173508,48.695221,0.527657,0.027762,1975,2211,2247,2560,2058,1919,,0,,,,1.34,,0.02,0.47,1.45,33.17
319,0,10.633333333333333,-28.435,0,0,0.053364,0.408072,0.486806,1.491879,0.017645,0.011620,0.078571,0.398678,0.533096,1.533602,0.016591,0.000472,0.078571,0.398678,0.533096,1.533602,0.016591,0.000472,0.078571,0.398678,0.533096,1.533602,0.016591,0.000472,2.500999,12.690308,16.968979,48.816055,0.528122,0.027762,2.500999,12.690308,16.968979,48.816055,0.528122,0.027762,1975,2210,2245,2562,2058,1919,,0,,,,1.70,,0.05,0.81,1.98,33.21
320,0,10.666666666666666,-28.851,0,0,0.053364,0.408072,0.486806,1.491879,0.017645,0.011620,0.076717,0.395194,0.526033,1.538410,0.016667,0.000472,0.076717,0.395194,0.526033,1.538410,0.016667,0.000472,0.076717,0.395194,0.526033,1.538410,0.016667,0.000472,2.441963,12.579414,16.744164,48.969116,0.530533,0.027762,2.441963,12.579414,16.744164,48.969116,0.530533,0.027762,1974,2209,2242,2563,2058,1919,,0,,,,1.67,,0.03,0.59,1.72,33.04
321,0,10.7,-29.473,0,0,0.053364,0.408072,0.486806,1.491879,0.017645,0.011620,0.072787,0.390572,0.517755,1.544039,0.016797,0.000472,0.072787,0.390572,0.517755,1.544039,0.016797,0.000472,0.072787,0.390572,0.517755,1.544039,0.016797,0.000472,2.316895,12.432274,16.480652,49.148300,0.534676,0.027762,2.316895,12.432274,16.480652,49.148300,0.534676,0.027762,1973,2207,2239,2566,2058,1919,,0,,,,1.50,,0.02,0.52,1.56,33.19
322,0,10.733333333333333,-29.642,0,0,0.056807,0.408072,0.486806,1.491879,0.017645,0.011620,0.066285,0.384478,0.507969,1.550339,0.016979,0.000472,0.066285,0.384478,0.507969,1.550339,0.016979,0.000472,0.066285,0.384478,0.507969,1.550339,0.016979,0.000472,2.109909,12.238312,16.169144,49.348816,0.540474,0.027762,2.109909,12.238312,16.169144,49.348816,0.540474,0.027762,1971,2205,2236,2568,2058,1919,,0,,,,1.49,,0.02,0.38,1.49,33.16
323,0,10.766666666666667,-29.637,0,0,0.056807,0.402482,0.486806,1.491879,0.017645,0.011620,0.057682,0.376159,0.497236,1.558130,0.017250,0.000472,0.057682,0.376159,0.497236,1.558130,0.017250,0.000472,0.057682,0.376159,0.497236,1.558130,0.017250,0.000472,1.836075,11.973511,15.827515,49.596817,0.549088,0.027762,1.836075,11.973511,15.827515,49.596817,0.549088,0.027762,1969,2202,2232,2571,2058,1919,,0,,,,1.37,,0.03,0.38,1.61,33.19
324,0,10.8,-29.520,0,0,0.056807,0.396892,0.486806,1.494624,0.017645,0.011620,0.048233,0.364818,0.486526,1.568536,0.017663,0.000472,0.048233,0.364818,0.486526,1.568536,0.017663,0.000472,0.048233,0.364818,0.486526,1.568536,0.017663,0.000472,1.535294,11.612526,15.486610,49.928055,0.562218,0.027762,1.535294,11.612526,15.486610,49.928055,0.562218,0.027762,1966,2198,2228,2574,2059,1919,,0,,,,1.50,,0.03,0.46,1.56,33.19
325,0,10.833333333333334,-29.332,0,0,0.056807,0.391301,0.486806,1.502859,0.017645,0.011620,0.038961,0.350326,0.476600,1.581919,0.018237,0.000472,0.038961,0.350326,0.476600,1.581919,0.018237,0.000472,0.038961,0.350326,0.476600,1.581919,0.018237,0.000472,1.240158,11.151230,15.170647,50.354065,0.580505,0.027762,1.240158,11.151230,15.170647,50.354065,0.580505,0.027762,1963,2193,2225,2579,2059,1919,,0,,,,1.41,,0.03,0.45,1.82,33.22
326,0,10.866666666666667,-29.604,0,0,0.056807,0.385711,0.481145,1.513839,0.017645,0.011620,0.030206,0.333410,0.467880,1.597577,0.018941,0.000472,0.030206,0.333410,0.467880,1.597577,0.018941,0.000472,0.030206,0.333410,0.467880,1.597577,0.018941,0.000472,0.961494,10.612762,14.893089,50.852448,0.602898,0.027762,0.961494,10.612762,14.893089,50.852448,0.602898,0.027762,1961,2187,2222,2585,2059,1919,,0,,,,1.31,,0.02,0.45,1.64,33.21
327,0,10.9,-29.630,0,0,0.056807,0.374531,0.475484,1.524819,0.017645,0.011620,0.021918,0.315491,0.460356,1.613878,0.019708,0.000472,0.021918,0.315491,0.460356,1.613878,0.019708,0.000472,0.021918,0.315491,0.460356,1.613878,0.019708,0.000472,0.697662,10.042404,14.653587,51.371338,0.627342,0.027762,0.697662,10.042404,14.653587,51.371338,0.627342,0.027762,1958,2180,2219,2591,2060,1919,,0,,,,1.37,,0.02,0.46,1.58,33.18
328,0,10.933333333333334,-29.722,0,0,0.056807,0.363351,0.469824,1.541288,0.017645,0.011620,0.013760,0.298069,0.454007,1.629349,0.020464,0.000472,0.013760,0.298069,0.454007,1.629349,0.020464,0.000472,0.013760,0.298069,0.454007,1.629349,0.020464,0.000472,0.437996,9.487846,14.451508,51.863785,0.651398,0.027762,0.437996,9.487846,14.451508,51.863785,0.651398,0.027762,1956,2174,2217,2597,2060,1919,,0,,,,1.31,,0.02,0.37,1.65,33.23
329,0,10.966666666666667,-29.481,0,0,0.056807,0.352171,0.466994,1.557758,0.017645,0.011620,0.005713,0.282154,0.449162,1.643612,0.021146,0.000472,0.005713,0.282154,0.449162,1.643612,0.021146,0.000472,0.005713,0.282154,0.449162,1.643612,0.021146,0.000472,0.181870,8.981255,14.297272,52.317795,0.673088,0.027762,0.181870,8.981255,14.297272,52.317795,0.673088,0.027762,1954,2168,2215,2602,2061,1919,,0,,,,1.45,,0.03,0.39,1.62,33.17
330,0,11.0,-29.451,0,0,0.046479,0.340992,0.466994,1.574228,0.017645,0.011620,-0.001856,0.268502,0.445892,1.656450,0.021717,0.000472,-0.001856,0.268502,0.445892,1.656450,0.021717,0.000472,-0.001856,0.268502,0.445892,1.656450,0.021717,0.000472,-0.059074,8.546700,14.193176,52.726440,0.691261,0.027762,-0.059074,8.546700,14.193176,52.726440,0.691261,0.027762,1951,2164,2214,2606,2061,1919,,0,,,,1.36,,0.03,0.53,1.61,33.15
331,0,11.033333333333333,-29.429,0,0,0.039593,0.332607,0.466994,1.590698,0.017645,0.011620,-0.008693,0.257900,0.443475,1.666662,0.022164,0.000472,-0.008693,0.257900,0.443475,1.666662,0.022164,0.000472,-0.008693,0.257900,0.443475,1.666662,0.022164,0.000472,-0.276711,8.209229,14.116249,53.051514,0.705490,0.027762,-0.276711,8.209229,14.116249,53.051514,0.705490,0.027762,1949,2160,2213,2610,2061,1919,,0,,,,1.71,,0.02,0.38,1.48,33.18
332,0,11.066666666666666,-29.083,0,0,0.032707,0.321426,0.464163,1.607167,0.017645,0.011620,-0.015019,0.250560,0.441123,1.673384,0.022477,0.000472,-0.015019,0.250560,0.441123,1.673384,0.022477,0.000472,-0.015019,0.250560,0.441123,1.673384,0.022477,0.000472,-0.478065,7.975578,14.041389,53.265472,0.715469,0.027762,-0.478065,7.975578,14.041389,53.265472,0.715469,0.027762,1948,2157,2212,2613,2062,1919,,0,,,,1.40,,0.02,1.01,1.55,33.23
333,0,11.1,-29.237,0,0,0.029264,0.315836,0.461333,1.620891,0.017645,0.011620,-0.021017,0.245774,0.438620,1.677271,0.022646,0.000472,-0.021017,0.245774,0.438620,1.677271,0.022646,0.000472,-0.021017,0.245774,0.438620,1.677271,0.022646,0.000472,-0.668976,7.823219,13.961723,53.389191,0.720848,0.027762,-0.668976,7.823219,13.961723,53.389191,0.720848,0.027762,1946,2155,2211,2614,2062,1919,,0,,,,1.35,,0.03,0.76,1.62,33.20
334,0,11.133333333333333,-29.846,0,0,0.025821,0.313041,0.461333,1.631871,0.017645,0.011620,-0.026551,0.242442,0.435968,1.679663,0.022666,0.000472,-0.026551,0.242442,0.435968,1.679663,0.022666,0.000472,-0.026551,0.242442,0.435968,1.679663,0.022666,0.000472,-0.845131,7.717178,13.877281,53.465347,0.721481,0.027762,-0.845131,7.717178,13.877281,53.465347,0.721481,0.027762,1944,2154,2211,2615,2062,1919,,0,,,,1.40,,0.02,0.37,1.43,33.21
335,0,11.166666666666666,-29.707,0,0,0.025821,0.307451,0.461333,1.642851,0.017645,0.011620,-0.031239,0.239719,0.433016,1.681366,0.022546,0.000472,-0.031239,0.239719,0.433016,1.681366,0.022546,0.000472,-0.031239,0.239719,0.433016,1.681366,0.022546,0.000472,-0.994362,7.630493,13.783310,53.519531,0.717651,0.027762,-0.994362,7.630493,13.783310,53.519531,0.717651,0.027762,1943,2153,2209,2616,2062,1919,,0,,,,1.43,,0.02,0.37,1.48,33.16
336,0,11.2,-29.309,0,0,0.018935,0.307451,0.461333,1.648341,0.017645,0.011620,-0.034923,0.237035,0.429727,1.682666,0.022294,0.000472,-0.034923,0.237035,0.429727,1.682666,0.022294,0.000472,-0.034923,0.237035,0.429727,1.682666,0.022294,0.000472,-1.111641,7.545052,13.678635,53.560928,0.709641,0.027762,-1.111641,7.545052,13.678635,53.560928,0.709641,0.027762,1942,2152,2208,2616,2062,1919,,0,,,,1.35,,0.02,0.45,1.88,33.18
337,0,11.233333333333333,-29.309,0,0,0.012050,0.307451,0.461333,1.653831,0.017645,0.011620,-0.037688,0.234013,0.426291,1.683505,0.021913,0.000472,-0.037688,0.234013,0.426291,1.683505,0.021913,0.000472,-0.037688,0.234013,0.426291,1.683505,0.021913,0.000472,-1.199654,7.448853,13.569244,53.587616,0.697502,0.027762,-1.199654,7.448853,13.569244,53.587616,0.697502,0.027762,1941,2151,2207,2616,2061,1919,,0,,,,1.33,,0.02,0.39,1.91,33.17
338,0,11.266666666666667,-29.373,0,0,0.012050,0.307451,0.461333,1.656576,0.017645,0.011620,-0.039472,0.230417,0.423031,1.683614,0.021411,0.000472,-0.039472,0.230417,0.423031,1.683614,0.021411,0.000472,-0.039472,0.230417,0.423031,1.683614,0.021411,0.000472,-1.256439,7.334412,13.465500,53.591095,0.681541,0.027762,-1.256439,7.334412,13.465500,53.591095,0.681541,0.027762,1941,2150,2206,2616,2061,1919,,0,,,,1.37,,0.02,0.41,1.87,33.21
339,0,11.3,-29.811,0,0,0.012050,0.307451,0.461333,1.659321,0.017645,0.011620,-0.040119,0.226041,0.420319,1.682785,0.020805,0.000472,-0.040119,0.226041,0.420319,1.682785,0.020805,0.000472,-0.040119,0.226041,0.420319,1.682784,0.020805,0.000472,-1.277016,7.195114,13.379166,53.564697,0.662231,0.027762,-1.277016,7.195114,13.379166,53.564697,0.662231,0.027762,1940,2148,2205,2616,2061,1919,,0,,,,1.37,,0.03,0.42,1.42,33.22
340,0,11.333333333333334,-29.662,0,0,0.012050,0.307451,0.461333,1.659321,0.017645,0.011620,-0.039593,0.220646,0.418443,1.681061,0.020112,0.000472,-0.039593,0.220646,0.418443,1.681061,0.020112,0.000472,-0.039593,0.220646,0.418443,1.681061,0.020112,0.000472,-1.260292,7.023392,13.319443,53.509827,0.640175,0.027762,-1.260292,7.023392,13.319443,53.509827,0.640175,0.027762,1940,2146,2204,2615,2060,1919,,0,,,,1.36,,0.03,0.41,1.54,33.17
341,0,11.366666666666667,-29.741,0,0,0.012050,0.301861,0.461333,1.659321,0.017645,0.011620,-0.038093,0.213999,0.417455,1.678692,0.019345,0.000472,-0.038093,0.213999,0.417455,1.678692,0.019345,0.000472,-0.038093,0.213999,0.417455,1.678692,0.019345,0.000472,-1.212524,6.811798,13.288010,53.434402,0.615776,0.027762,-1.212524,6.811798,13.288010,53.434402,0.615776,0.027762,1941,2144,2204,2615,2060,1919,,0,,,,1.38,,0.02,0.39,1.48,33.16
342,0,11.4,-29.672,0,0,0.012050,0.296271,0.461333,1.659321,0.017645,0.011620,-0.035945,0.205911,0.417284,1.676090,0.018507,0.000472,-0.035945,0.205911,0.417284,1.676090,0.018507,0.000472,-0.035944,0.205911,0.417284,1.676091,0.018507,0.000472,-1.144150,6.554344,13.282570,53.351624,0.589096,0.027762,-1.144150,6.554344,13.282570,53.351624,0.589096,0.027762,1942,2141,2204,2614,2059,1919,,0,,,,1.42,,0.03,0.41,1.50,33.25
343,0,11.433333333333334,-29.546,0,0,0.012050,0.290681,0.461333,1.662066,0.017645,0.011620,-0.033415,0.196357,0.417886,1.673643,0.017588,0.000472,-0.033415,0.196357,0.417886,1.673643,0.017588,0.000472,-0.033415,0.196357,0.417886,1.673643,0.017588,0.000472,-1.063644,6.250229,13.301720,53.273727,0.559853,0.027762,-1.063644,6.250229,13.301720,53.273727,0.559853,0.027762,1942,2138,2204,2613,2058,1919,,0,,,,1.47,,0.02,0.38,1.41,32.98
344,0,11.466666666666667,-29.782,0,0,0.012050,0.290681,0.461333,1.662066,0.017645,0.011620,-0.030525,0.185548,0.419287,1.671547,0.016583,0.000472,-0.030525,0.185548,0.419287,1.671547,0.016583,0.000472,-0.030525,0.185548,0.419287,1.671547,0.016583,0.000472,-0.971657,5.906166,13.346313,53.206985,0.527863,0.027762,-0.971657,5.906166,13.346313,53.206985,0.527863,0.027762,1943,2134,2205,2612,2058,1919,,0,,,,1.37,,0.02,0.37,1.49,33.21
345,0,11.5,-29.369,0,0,0.012050,0.290681,0.461333,1.662066,0.017645,0.011620,-0.027153,0.173853,0.421582,1.669875,0.015494,0.000472,-0.027153,0.173853,0.421582,1.669875,0.015494,0.000472,-0.027153,0.173853,0.421582,1.669875,0.015494,0.000472,-0.864288,5.533920,13.419388,53.153778,0.493195,0.027762,-0.864288,5.533920,13.419388,53.153778,0.493195,0.027762,1944,2130,2205,2611,2057,1919,,0,,,,1.64,,0.05,0.42,1.51,33.16
346,0,11.533333333333333,-29.550,0,0,0.012050,0.285091,0.461333,1.662066,0.017645,0.011620,-0.023266,0.161748,0.424867,1.668595,0.014341,0.000472,-0.023266,0.161748,0.424867,1.668595,0.014341,0.000472,-0.023266,0.161748,0.424867,1.668595,0.014341,0.000472,-0.740585,5.148613,13.523933,53.113022,0.456497,0.027762,-0.740585,5.148613,13.523933,53.113022,0.456497,0.027762,1945,2125,2207,2611,2056,1919,,0,,,,1.54,,0.02,0.46,1.44,33.13
347,0,11.566666666666666,-29.198,0,0,0.012050,0.276706,0.461333,1.662066,0.017645,0.011620,-0.018856,0.149833,0.429240,1.667460,0.013171,0.000472,-0.018856,0.149833,0.429240,1.667460,0.013171,0.000472,-0.018856,0.149833,0.429240,1.667460,0.013171,0.000472,-0.600204,4.769348,13.663147,53.076889,0.419250,0.027762,-0.600204,4.769348,13.663147,53.076889,0.419250,0.027762,1947,2121,2208,2610,2056,1919,,0,,,,1.65,,0.03,0.60,1.54,33.16
348,0,11.6,-29.063,0,0,0.012050,0.271116,0.464163,1.662066,0.017645,0.011620,-0.013824,0.138845,0.434783,1.665930,0.012058,0.000472,-0.013824,0.138845,0.434783,1.665930,0.012058,0.000472,-0.013823,0.138845,0.434783,1.665930,0.012058,0.000472,-0.440010,4.419563,13.839577,53.028198,0.383804,0.027762,-0.440010,4.419563,13.839577,53.028198,0.383804,0.027762,1948,2117,2210,2610,2055,1919,,0,,,,1.56,,0.03,0.44,1.91,33.16
349,0,11.633333333333333,-29.460,0,0,0.012050,0.268321,0.464163,1.662066,0.017645,0.011620,-0.008144,0.129441,0.441540,1.663335,0.011082,0.000472,-0.008144,0.129441,0.441540,1.663335,0.011082,0.000472,-0.008144,0.129441,0.441540,1.663334,0.011082,0.000472,-0.259224,4.120239,14.054657,52.945572,0.352768,0.027762,-0.259224,4.120239,14.054657,52.945572,0.352768,0.027762,1950,2114,2213,2609,2054,1919,,0,,,,1.51,,0.04,0.43,1.59,33.22
350,0,11.666666666666666,-29.647,0,0,0.012050,0.262731,0.464163,1.662066,0.017645,0.011620,-0.001891,0.121965,0.449504,1.659209,0.010311,0.000472,-0.001891,0.121965,0.449504,1.659209,0.010311,0.000472,-0.001891,0.121965,0.449504,1.659209,0.010311,0.000472,-0.060204,3.882256,14.308167,52.814240,0.328209,0.027762,-0.060204,3.882256,14.308167,52.814240,0.328209,0.027762,1951,2111,2215,2607,2054,1919,,0,,,,1.39,,0.02,0.39,1.59,33.19
351,0,11.7,-29.732,0,0,0.012050,0.257141,0.464163,1.664811,0.017645,0.011620,0.004704,0.116420,0.458491,1.653387,0.009776,0.000472,0.004704,0.116420,0.458491,1.653387,0.009776,0.000472,0.004704,0.116420,0.458491,1.653387,0.009776,0.000472,0.149727,3.705772,14.594231,52.628952,0.311188,0.027762,0.149727,3.705772,14.594231,52.628952,0.311188,0.027762,1953,2109,2218,2605,2053,1919,,0,,,,1.31,,0.02,0.46,1.52,33.14
352,0,11.733333333333333,-29.803,0,0,0.012050,0.257141,0.464163,1.667556,0.017645,0.011620,0.011385,0.112444,0.468132,1.646256,0.009487,0.000472,0.011385,0.112444,0.468132,1.646256,0.009487,0.000472,0.011385,0.112444,0.468132,1.646256,0.009487,0.000472,0.362411,3.579208,14.901100,52.401947,0.301971,0.027762,0.362411,3.579208,14.901100,52.401947,0.301971,0.027762,1955,2108,2222,2603,2053,1919,,0,,,,1.39,,0.02,0.38,1.51,33.22
353,0,11.766666666666667,-29.261,0,0,0.012050,0.254346,0.466994,1.670301,0.017645,0.011620,0.018035,0.109303,0.477906,1.638800,0.009432,0.000472,0.018035,0.109303,0.477906,1.638800,0.009432,0.000472,0.018035,0.109303,0.477906,1.638800,0.009432,0.000472,0.574074,3.479233,15.212227,52.164612,0.300232,0.027762,0.574074,3.479233,15.212227,52.164612,0.300232,0.027762,1957,2107,2225,2600,2053,1919,,0,,,,1.60,,0.04,0.48,1.65,33.21
354,0,11.8,-29.018,0,0,0.012050,0.248756,0.478315,1.670301,0.017645,0.011620,0.024578,0.106028,0.487217,1.632435,0.009590,0.041283,0.024578,0.106028,0.487217,1.632435,0.009590,0.041283,0.024578,0.106028,0.487217,1.632435,0.009590,0.041283,0.782349,3.374985,15.508606,51.962021,0.305244,2.428398,0.782349,3.374985,15.508606,51.962021,0.305244,2.428398,1959,2105,2229,2598,2053,1954,,0,,,,1.70,,0.04,0.56,1.58,33.03
355,0,11.833333333333334,-29.094,0,0,0.012050,0.243166,0.486806,1.659321,0.017645,0.011620,0.030904,0.101709,0.495446,1.628513,0.009934,0.090894,0.030904,0.101709,0.495446,1.628513,0.009934,0.090894,0.030904,0.101709,0.495446,1.628513,0.009934,0.090894,0.983704,3.237495,15.770546,51.837173,0.316200,5.346694,0.983704,3.237495,15.770546,51.837173,0.316200,5.346694,1961,2104,2232,2596,2053,1997,,0,,,,1.54,,0.03,0.45,1.88,33.15
356,0,11.866666666666667,-29.390,0,0,0.012050,0.237576,0.498127,1.651086,0.017645,0.016268,0.036913,0.095748,0.502215,1.627949,0.010445,0.144679,0.036913,0.095748,0.502215,1.627949,0.010445,0.144679,0.036913,0.095748,0.502215,1.627949,0.010445,0.144679,1.174973,3.047752,15.986015,51.819229,0.332474,8.510509,1.174973,3.047752,15.986015,51.819229,0.332474,8.510509,1963,2102,2234,2596,2054,2043,,0,,,,1.54,,0.05,0.47,1.61,33.25
357,0,11.9,-29.541,0,0,0.012050,0.231986,0.506617,1.642851,0.017645,0.038346,0.042479,0.087909,0.507657,1.631093,0.011102,0.197338,0.042479,0.087909,0.507657,1.631093,0.011102,0.197338,0.042479,0.087909,0.507657,1.631093,0.011102,0.197338,1.352135,2.798210,16.159233,51.919312,0.353394,11.608091,1.352135,2.798210,16.159233,51.919312,0.353394,11.608091,1964,2099,2236,2597,2054,2088,,0,,,,1.54,,0.03,0.42,1.48,33.16
358,0,11.933333333333334,-29.612,0,0,0.012050,0.223601,0.515108,1.640106,0.017645,0.063910,0.047529,0.078325,0.512273,1.637538,0.011880,0.243627,0.047529,0.078325,0.512273,1.637538,0.011880,0.243627,0.047529,0.078325,0.512273,1.637538,0.011880,0.243627,1.512909,2.493156,16.306160,52.124451,0.378166,14.330992,1.512909,2.493156,16.306160,52.124451,0.378166,14.330992,1966,2096,2237,2600,2055,2128,,0,,,,1.48,,0.02,0.44,1.49,33.19
359,0,11.966666666666667,-29.532,0,0,0.012050,0.220806,0.520768,1.637362,0.017645,0.105742,0.051998,0.067422,0.516682,1.646281,0.012755,0.279533,0.051998,0.067422,0.516682,1.646281,0.012755,0.279533,0.051998,0.067422,0.516682,1.646281,0.012755,0.279533,1.655136,2.146111,16.446495,52.402771,0.406013,16.443115,1.655136,2.146111,16.446495,52.402771,0.406013,16.443115,1967,2092,2239,2603,2055,2159,,0,,,,1.43,,0.03,0.40,1.61,33.15
360,1,12.0,-9.069,0,0,0.012050,0.212421,0.523599,1.637362,0.017645,0.148735,0.038630,0.188764,0.503394,1.596167,0.022893,0.000472,0.038630,0.188764,0.503394,1.596167,0.022893,0.000472,0.038630,0.188764,0.503394,1.596167,0.022893,0.000472,1.229622,6.008553,16.023544,50.807587,0.728699,0.027761,1.229622,6.008553,16.023544,50.807587,0.728699,0.027761,1963,2135,2234,2584,2062,1919,,0,389,1789054473.198590,13.2,12.56,7.15,1.74,0.48,1.88,33.04
361,0,12.033333333333333,-28.933,0,0,0.001721,0.209626,0.529259,1.637362,0.017645,0.190567,0.044027,0.189784,0.502146,1.587759,0.023283,0.000472,0.044027,0.189784,0.502146,1.587759,0.023283,0.000472,0.044027,0.189784,0.502146,1.587759,0.023283,0.000472,1.401428,6.041000,15.983818,50.539932,0.741135,0.027761,1.401428,6.041000,15.983818,50.539932,0.741135,0.027761,1965,2135,2234,2581,2062,1919,,0,,,,1.61,,0.03,0.41,2.03,33.19
362,0,12.066666666666666,-28.934,0,0,0.001721,0.206831,0.529259,1.637362,0.017645,0.220779,0.048959,0.188436,0.500093,1.581990,0.023604,0.000472,0.048959,0.188436,0.500093,1.581990,0.023604,0.000472,0.048959,0.188436,0.500093,1.581990,0.023604,0.000472,1.558426,5.998108,15.918457,50.356308,0.751328,0.027761,1.558426,5.998108,15.918457,50.356308,0.751328,0.027761,1966,2135,2233,2579,2062,1919,,0,,,,1.44,,0.03,0.41,2.18,33.22
363,0,12.1,-28.942,0,0,0.001721,0.215216,0.529259,1.620891,0.017645,0.223103,0.053189,0.185836,0.498171,1.578705,0.023995,0.000472,0.053189,0.185836,0.498171,1.578705,0.023995,0.000472,0.053189,0.185836,0.498171,1.578705,0.023995,0.000472,1.693054,5.915359,15.857269,50.251740,0.763786,0.027761,1.693054,5.915359,15.857269,50.251740,0.763786,0.027761,1967,2134,2233,2578,2063,1919,,0,,,,1.81,,0.04,0.49,1.73,33.22
364,0,12.133333333333333,-29.592,0,0,0.005164,0.226396,0.529259,1.607167,0.019180,0.205673,0.056157,0.181972,0.497501,1.578802,0.024488,0.000472,0.056157,0.181972,0.497501,1.578802,0.024488,0.000472,0.056157,0.181972,0.497501,1.578802,0.024488,0.000472,1.787529,5.792358,15.835938,50.254822,0.779472,0.027761,1.787529,5.792358,15.835938,50.254822,0.779472,0.027761,1968,2133,2232,2578,2063,1919,,0,,,,1.47,,0.02,0.42,1.51,33.17
365,0,12.166666666666666,-29.613,0,0,0.018935,0.226396,0.529259,1.598932,0.019180,0.161517,0.057305,0.176656,0.498050,1.582322,0.024860,0.000472,0.057305,0.176656,0.498050,1.582322,0.024860,0.000472,0.057305,0.176656,0.498050,1.582322,0.024860,0.000472,1.824081,5.623154,15.853432,50.366882,0.791321,0.027761,1.824081,5.623154,15.853432,50.366882,0.791321,0.027761,1969,2131,2232,2579,2063,1919,,0,,,,1.52,,0.02,0.38,1.49,33.17
366,0,12.2,-29.636,0,0,0.039593,0.226396,0.529259,1.593442,0.019180,0.113876,0.056136,0.170289,0.499367,1.588307,0.025264,0.000472,0.056136,0.170289,0.499367,1.588307,0.025264,0.000472,0.056136,0.170289,0.499367,1.588307,0.025264,0.000472,1.786865,5.420456,15.895340,50.557388,0.804176,0.027761,1.786865,5.420456,15.895340,50.557388,0.804176,0.027761,1968,2128,2233,2582,2063,1919,,0,,,,1.44,,0.02,0.44,1.50,33.18
367,0,12.233333333333333,-29.550,0,0,0.049922,0.226396,0.529259,1.590698,0.019180,0.072044,0.052526,0.163089,0.500946,1.595718,0.025545,0.000472,0.052526,0.163089,0.500946,1.595718,0.025545,0.000472,0.052526,0.163089,0.500946,1.595718,0.025545,0.000472,1.671944,5.191269,15.945602,50.793274,0.813126,0.027761,1.671944,5.191269,15.945602,50.793274,0.813126,0.027761,1967,2126,2233,2584,2064,1919,,0,,,,1.43,,0.06,0.39,1.61,33.21
368,0,12.266666666666667,-29.656,0,0,0.046479,0.226396,0.529259,1.590698,0.019180,0.046480,0.047048,0.155013,0.502660,1.604418,0.025959,0.000472,0.047048,0.155013,0.502660,1.604418,0.025959,0.000472,0.047048,0.155013,0.502660,1.604418,0.025959,0.000472,1.497589,4.934227,16.000175,51.070206,0.826302,0.027762,1.497589,4.934227,16.000175,51.070206,0.826302,0.027762,1966,2123,2234,2587,2064,1919,,0,,,,1.33,,0.02,0.37,1.60,33.13
369,0,12.3,-29.110,0,0,0.043036,0.226396,0.529259,1.590698,0.019180,0.031374,0.040142,0.146715,0.504444,1.614165,0.026453,0.000472,0.040142,0.146715,0.504444,1.614165,0.026453,0.000472,0.040142,0.146715,0.504444,1.614165,0.026453,0.000472,1.277756,4.670097,16.056953,51.380463,0.842026,0.027762,1.277756,4.670097,16.056953,51.380463,0.842026,0.027762,1964,2120,2235,2591,2064,1919,,0,,,,1.37,,0.03,0.49,2.00,33.20
370,0,12.333333333333334,-29.313,0,0,0.046479,0.226396,0.529259,1.590698,0.019180,0.022078,0.032268,0.139228,0.506011,1.623554,0.027005,0.000472,0.032268,0.139228,0.506011,1.623554,0.027005,0.000472,0.032268,0.139228,0.506011,1.623554,0.027005,0.000472,1.027122,4.431763,16.106842,51.679337,0.859604,0.027762,1.027122,4.431763,16.106842,51.679337,0.859604,0.027762,1961,2117,2235,2594,2065,1919,,0,,,,1.53,,0.03,0.51,1.65,33.25
371,0,12.366666666666667,-28.595,0,0,0.049922,0.226396,0.529259,1.590698,0.019180,0.016268,0.024039,0.133422,0.506985,1.630865,0.027650,0.000472,0.024039,0.133422,0.506985,1.630865,0.027650,0.000472,0.024039,0.133422,0.506985,1.630865,0.027650,0.000472,0.765182,4.246948,16.137848,51.912033,0.880135,0.027762,0.765182,4.246948,16.137848,51.912033,0.880135,0.027762,1959,2115,2236,2597,2065,1919,,0,,,,2.00,,0.03,0.45,1.81,33.10
372,0,12.4,-29.194,0,0,0.046479,0.226396,0.529259,1.593442,0.020714,0.012782,0.016439,0.130280,0.507083,1.635082,0.028461,0.000472,0.016439,0.130280,0.507083,1.635082,0.028461,0.000472,0.016439,0.130280,0.507083,1.635082,0.028461,0.000472,0.523270,4.146935,16.140961,52.046280,0.905930,0.027762,0.523270,4.146935,16.140961,52.046280,0.905930,0.027762,1957,2114,2236,2599,2066,1919,,0,,,,1.47,,0.03,0.79,1.53,33.16
373,0,12.433333333333334,-29.648,0,0,0.046479,0.226396,0.529259,1.604422,0.022248,0.010458,0.009956,0.130286,0.506067,1.635933,0.029448,0.000472,0.009956,0.130286,0.506067,1.635933,0.029448,0.000472,0.009956,0.130286,0.506067,1.635933,0.029448,0.000472,0.316917,4.147148,16.108620,52.073349,0.937340,0.027762,0.316917,4.147148,16.108620,52.073349,0.937340,0.027762,1955,2114,2235,2599,2066,1919,,0,,,,1.50,,0.02,0.39,1.49,33.19
374,0,12.466666666666667,-29.716,0,0,0.046479,0.226396,0.529259,1.612657,0.022248,0.009296,0.005023,0.133717,0.503806,1.633627,0.030501,0.000472,0.005023,0.133717,0.503806,1.633627,0.030501,0.000472,0.005023,0.133717,0.503806,1.633627,0.030501,0.000472,0.159897,4.256355,16.036629,51.999954,0.970886,0.027762,0.159897,4.256355,16.036629,51.999954,0.970886,0.027762,1953,2115,2235,2598,2067,1919,,0,,,,1.37,,0.02,0.44,1.51,33.16
375,0,12.5,-29.344,0,0,0.046479,0.226396,0.529259,1.615402,0.023782,0.009296,0.001583,0.140590,0.500492,1.628525,0.031646,0.000472,0.001583,0.140590,0.500492,1.628525,0.031646,0.000472,0.001583,0.140590,0.500492,1.628525,0.031646,0.000472,0.050400,4.475113,15.931168,51.837540,1.007309,0.027762,0.050400,4.475113,15.931168,51.837540,1.007309,0.027762,1952,2118,2233,2596,2068,1919,,0,,,,1.44,,0.03,0.49,1.76,33.18
376,0,12.533333333333333,-29.679,0,0,0.043036,0.226396,0.529259,1.615402,0.026851,0.009296,-0.000967,0.150466,0.496609,1.620855,0.032782,0.000472,-0.000967,0.150466,0.496609,1.620855,0.032782,0.000472,-0.000967,0.150466,0.496609,1.620856,0.032782,0.000472,-0.030792,4.789482,15.807556,51.593430,1.043472,0.027762,-0.030792,4.789482,15.807556,51.593430,1.043472,0.027762,1952,2121,2232,2593,2068,1919,,0,,,,1.48,,0.03,0.40,1.48,33.17
377,0,12.566666666666666,-28.954,0,0,0.036150,0.226396,0.529259,1.615402,0.028386,0.009296,-0.003374,0.162802,0.492670,1.610563,0.033809,0.000472,-0.003374,0.162802,0.492670,1.610563,0.033809,0.000472,-0.003374,0.162802,0.492670,1.610563,0.033809,0.000472,-0.107384,5.182144,15.682175,51.265808,1.076187,0.027762,-0.107384,5.182144,15.682175,51.265808,1.076187,0.027762,1951,2126,2231,2590,2069,1919,,0,,,,1.29,,0.02,0.44,2.36,33.24
378,0,12.6,-28.766,0,0,0.032707,0.226396,0.529259,1.615402,0.032989,0.009296,-0.006413,0.177098,0.488887,1.597493,0.034683,0.000472,-0.006413,0.177098,0.488887,1.597493,0.034683,0.000472,-0.006413,0.177098,0.488887,1.597493,0.034683,0.000472,-0.204132,5.637192,15.561745,50.849792,1.103996,0.027762,-0.204132,5.637192,15.561745,50.849792,1.103996,0.027762,1950,2131,2229,2585,2070,1919,,0,,,,1.40,,0.03,0.44,2.38,33.19
379,0,12.633333333333333,-29.084,0,0,0.032707,0.226396,0.529259,1.615402,0.032989,0.009296,-0.010485,0.192890,0.485335,1.581953,0.035395,0.000472,-0.010485,0.192890,0.485335,1.581953,0.035395,0.000472,-0.010485,0.192890,0.485335,1.581952,0.035395,0.000472,-0.333748,6.139877,15.448692,50.355118,1.126671,0.027762,-0.333748,6.139877,15.448692,50.355118,1.126671,0.027762,1949,2137,2228,2579,2070,1919,,0,,,,1.44,,0.02,0.39,2.08,33.18
380,0,12.666666666666666,-29.525,0,0,0.032707,0.226396,0.529259,1.615402,0.032989,0.009296,-0.015399,0.209556,0.482424,1.565006,0.035941,0.000472,-0.015399,0.209556,0.482424,1.565006,0.035941,0.000472,-0.015399,0.209556,0.482424,1.565006,0.035941,0.000472,-0.490173,6.670380,15.356049,49.815704,1.144051,0.027762,-0.490173,6.670380,15.356049,49.815704,1.144051,0.027762,1948,2142,2227,2573,2070,1919,,0,,,,1.37,,0.02,0.39,1.71,33.21
381,0,12.7,-29.609,0,0,0.032707,0.226396,0.529259,1.612657,0.032989,0.009296,-0.020439,0.226539,0.480664,1.547635,0.036352,0.000472,-0.020439,0.226539,0.480664,1.547635,0.036352,0.000472,-0.020439,0.226539,0.480664,1.547635,0.036352,0.000472,-0.650597,7.210968,15.300026,49.262756,1.157120,0.027762,-0.650597,7.210968,15.300026,49.262756,1.157120,0.027762,1946,2149,2226,2567,2071,1919,,0,,,,1.43,,0.03,0.43,1.53,33.18
382,0,12.733333333333333,-29.707,0,0,0.032707,0.226396,0.529259,1.596187,0.032989,0.009296,-0.025160,0.243596,0.480423,1.530155,0.036633,0.000472,-0.025160,0.243596,0.480423,1.530155,0.036633,0.000472,-0.025160,0.243596,0.480423,1.530155,0.036633,0.000472,-0.800858,7.753906,15.292336,48.706360,1.166084,0.027762,-0.800858,7.753906,15.292336,48.706360,1.166084,0.027762,1945,2155,2226,2560,2071,1919,,0,,,,1.40,,0.02,0.39,1.53,33.15
383,0,12.766666666666667,-29.612,0,0,0.029264,0.237576,0.529259,1.579717,0.032989,0.009296,-0.029570,0.260708,0.481734,1.512491,0.036794,0.000472,-0.029570,0.260708,0.481734,1.512491,0.036794,0.000472,-0.029570,0.260708,0.481734,1.512491,0.036794,0.000472,-0.941238,8.298584,15.334068,48.144104,1.171181,0.027762,-0.941238,8.298584,15.334068,48.144104,1.171181,0.027762,1943,2161,2227,2554,2071,1919,,0,,,,1.47,,0.03,0.40,1.55,33.21
384,0,12.8,-29.350,0,0,0.022378,0.251551,0.529259,1.563248,0.032989,0.009296,-0.033767,0.278083,0.484145,1.494571,0.036858,0.000472,-0.033767,0.278083,0.484145,1.494571,0.036858,0.000472,-0.033767,0.278083,0.484145,1.494571,0.036858,0.000472,-1.074837,8.851662,15.410828,47.573669,1.173225,0.027762,-1.074837,8.851662,15.410828,47.573669,1.173225,0.027762,1942,2167,2228,2547,2071,1919,,0,,,,1.42,,0.02,0.61,1.65,33.21
385,0,12.833333333333334,-29.373,0,0,0.012050,0.262731,0.526429,1.546778,0.032989,0.009296,-0.037556,0.295795,0.487062,1.476975,0.036889,0.000472,-0.037556,0.295795,0.487062,1.476975,0.036889,0.000472,-0.037556,0.295795,0.487062,1.476975,0.036889,0.000472,-1.195435,9.415459,15.503670,47.013565,1.174225,0.027762,-1.195435,9.415459,15.503670,47.013565,1.174225,0.027762,1941,2173,2229,2541,2071,1919,,0,,,,1.61,,0.03,0.42,1.57,33.15
386,0,12.866666666666667,-29.666,0,0,0.012050,0.273911,0.526429,1.530308,0.032989,0.009296,-0.040380,0.313599,0.490195,1.460586,0.036962,0.000472,-0.040380,0.313599,0.490195,1.460586,0.036962,0.000472,-0.040380,0.313599,0.490195,1.460586,0.036962,0.000472,-1.285324,9.982170,15.603401,46.491882,1.176544,0.027762,-1.285324,9.982170,15.603401,46.491882,1.176544,0.027762,1940,2180,2230,2535,2071,1919,,0,,,,1.38,,0.02,0.40,1.58,33.22
387,0,12.9,-29.656,0,0,0.012050,0.287886,0.526429,1.513839,0.032989,0.009296,-0.041844,0.331010,0.493778,1.445790,0.037113,0.000472,-0.041844,0.331010,0.493778,1.445790,0.037113,0.000472,-0.041844,0.331010,0.493778,1.445790,0.037113,0.000472,-1.331947,10.536369,15.717422,46.020920,1.181343,0.027762,-1.331947,10.536369,15.717422,46.020920,1.181343,0.027762,1940,2186,2231,2530,2071,1919,,0,,,,1.39,,0.02,0.45,1.50,33.19
388,0,12.933333333333334,-29.538,0,0,0.012050,0.301861,0.526429,1.497369,0.032989,0.009296,-0.042050,0.347733,0.498029,1.432027,0.037334,0.000472,-0.042050,0.347733,0.498029,1.432027,0.037334,0.000472,-0.042050,0.347733,0.498029,1.432027,0.037334,0.000472,-1.338509,11.068680,15.852760,45.582840,1.188370,0.027762,-1.338509,11.068680,15.852760,45.582840,1.188370,0.027762,1940,2192,2232,2525,2071,1919,,0,,,,1.51,,0.03,0.40,1.52,33.14
389,0,12.966666666666667,-29.574,0,0,0.008607,0.315836,0.526429,1.480899,0.032989,0.009296,-0.041410,0.363744,0.502914,1.418136,0.037583,0.000472,-0.041410,0.363744,0.502914,1.418136,0.037583,0.000472,-0.041410,0.363744,0.502914,1.418136,0.037583,0.000472,-1.318130,11.578323,16.008255,45.140671,1.196304,0.027762,-1.318130,11.578323,16.008255,45.140671,1.196304,0.027762,1940,2198,2234,2520,2071,1919,,0,,,,1.49,,0.02,0.38,1.56,33.20
390,0,13.0,-29.390,0,0,0.005164,0.321426,0.526429,1.467174,0.032989,0.009296,-0.039808,0.378950,0.508239,1.403459,0.037800,0.000472,-0.039808,0.378950,0.508239,1.403459,0.037800,0.000472,-0.039808,0.378950,0.508239,1.403459,0.037800,0.000472,-1.267136,12.062363,16.177750,44.673492,1.203217,0.027762,-1.267136,12.062363,16.177750,44.673492,1.203217,0.027762,1940,2203,2236,2514,2072,1919,,0,,,,1.49,,0.03,0.54,1.54,33.11
391,0,13.033333333333333,-29.387,0,0,0.001721,0.329812,0.526429,1.453450,0.032989,0.009296,-0.037119,0.393135,0.513819,1.388352,0.037964,0.000472,-0.037119,0.393135,0.513819,1.388352,0.037964,0.000472,-0.037119,0.393135,0.513819,1.388352,0.037964,0.000472,-1.181534,12.513863,16.355347,44.192596,1.208435,0.027762,-1.181534,12.513863,16.355347,44.192596,1.208435,0.027762,1941,2208,2238,2509,2072,1919,,0,,,,1.54,,0.03,0.41,1.65,33.20
392,0,13.066666666666666,-29.454,0,0,0.001721,0.343787,0.526429,1.436980,0.032989,0.009296,-0.033784,0.405385,0.519678,1.373799,0.038039,0.000472,-0.033784,0.405385,0.519678,1.373799,0.038039,0.000472,-0.033784,0.405385,0.519678,1.373799,0.038039,0.000472,-1.075394,12.903809,16.541862,43.729370,1.210831,0.027762,-1.075394,12.903809,16.541862,43.729370,1.210831,0.027762,1942,2213,2240,2503,2072,1919,,0,,,,1.51,,0.03,0.47,1.56,33.16
393,0,13.1,-29.572,0,0,0.001721,0.354966,0.523599,1.423255,0.032989,0.009296,-0.030549,0.415292,0.525734,1.360521,0.038002,0.000472,-0.030549,0.415292,0.525734,1.360521,0.038002,0.000472,-0.030549,0.415292,0.525734,1.360521,0.038002,0.000472,-0.972389,13.219162,16.734650,43.306732,1.209625,0.027762,-0.972389,13.219162,16.734650,43.306732,1.209625,0.027762,1943,2216,2242,2499,2072,1919,,0,,,,1.45,,0.02,0.47,1.54,33.26
394,0,13.133333333333333,-29.476,0,0,-0.001721,0.366147,0.523599,1.406786,0.032989,0.009296,-0.027561,0.422552,0.531864,1.349221,0.037863,0.000472,-0.027561,0.422552,0.531864,1.349221,0.037863,0.000472,-0.027561,0.422552,0.531864,1.349221,0.037863,0.000472,-0.877289,13.450256,16.929749,42.947037,1.205231,0.027762,-0.877289,13.450256,16.929749,42.947037,1.205231,0.027762,1944,2219,2244,2495,2072,1919,,0,,,,1.41,,0.03,0.46,1.52,33.04
395,0,13.166666666666666,-29.657,0,0,-0.001721,0.374531,0.523599,1.393060,0.032989,0.009296,-0.024442,0.427147,0.537872,1.340472,0.037646,0.000472,-0.024442,0.427147,0.537872,1.340472,0.037646,0.000472,-0.024442,0.427147,0.537872,1.340472,0.037646,0.000472,-0.778023,13.596512,17.120979,42.668564,1.198303,0.027762,-0.778023,13.596512,17.120979,42.668564,1.198303,0.027762,1945,2220,2247,2491,2072,1919,,0,,,,1.36,,0.02,0.39,1.61,33.25
396,0,13.2,-20.251,0,0,-0.001721,0.377326,0.523599,1.379337,0.032989,0.009296,-0.020917,0.429497,0.543185,1.334222,0.037390,0.000472,-0.020917,0.429497,0.543185,1.334222,0.037390,0.000472,-0.020917,0.429497,0.543185,1.334222,0.037390,0.000472,-0.665817,13.671303,17.290115,42.469604,1.190170,0.027762,-0.665817,13.671303,17.290115,42.469604,1.190170,0.027762,1946,2221,2248,2489,2071,1919,,0,,,,10.77,,0.03,0.38,1.54,33.11
397,0,13.233333333333333,-29.500,0,0,-0.001721,0.380121,0.523599,1.368356,0.032989,0.009296,-0.017267,0.430329,0.546887,1.329821,0.037118,0.000472,-0.017267,0.430329,0.546887,1.329821,0.037118,0.000472,-0.017267,0.430329,0.546887,1.329821,0.037118,0.000472,-0.549622,13.697792,17.407967,42.329529,1.181503,0.027762,-0.549622,13.697792,17.407967,42.329529,1.181503,0.027762,1947,2221,2250,2487,2071,1919,,0,,,,1.55,,0.03,0.43,1.53,33.16
398,0,13.266666666666667,-29.645,0,0,-0.001721,0.382917,0.523599,1.360121,0.032989,0.009296,-0.013966,0.430346,0.548378,1.326795,0.036824,0.000472,-0.013966,0.430346,0.548378,1.326795,0.036824,0.000472,-0.013966,0.430346,0.548378,1.326795,0.036824,0.000472,-0.444550,13.698326,17.455421,42.233200,1.172165,0.027762,-0.444550,13.698326,17.455421,42.233200,1.172165,0.027762,1948,2221,2250,2486,2071,1919,,0,,,,1.37,,0.02,0.38,1.64,33.17
399,0,13.3,-29.208,0,0,-0.001721,0.385711,0.523599,1.349142,0.032989,0.009296,-0.011208,0.429956,0.547912,1.325446,0.036502,0.000472,-0.011208,0.429956,0.547912,1.325446,0.036502,0.000472,-0.011208,0.429956,0.547912,1.325446,0.036502,0.000472,-0.356766,13.685944,17.440582,42.190262,1.161888,0.027762,-0.356766,13.685944,17.440582,42.190262,1.161888,0.027762,1949,2221,2250,2486,2071,1919,,0,,,,1.74,,0.03,0.44,1.66,33.26
400,0,13.333333333333334,-29.659,0,0,-0.001721,0.385711,0.526429,1.343652,0.032989,0.009296,-0.008945,0.429389,0.546402,1.326428,0.036149,0.000472,-0.008945,0.429389,0.546402,1.326428,0.036149,0.000472,-0.008945,0.429389,0.546402,1.326428,0.036149,0.000472,-0.284729,13.667892,17.392517,42.221527,1.150658,0.027762,-0.284729,13.667892,17.392517,42.221527,1.150658,0.027762,1949,2221,2250,2486,2071,1919,,0,,,,1.46,,0.03,0.38,1.49,33.18
401,0,13.366666666666667,-29.655,0,0,-0.001721,0.385711,0.526429,1.338162,0.032989,0.009296,-0.007153,0.428923,0.544775,1.329845,0.035779,0.000472,-0.007153,0.428923,0.544775,1.329845,0.035779,0.000472,-0.007154,0.428923,0.544775,1.329845,0.035779,0.000472,-0.227699,13.653038,17.340721,42.330261,1.138878,0.027762,-0.227699,13.653038,17.340721,42.330261,1.138878,0.027762,1950,2221,2249,2487,2070,1919,,0,,,,1.45,,0.02,0.41,1.51,33.20
402,0,13.4,-29.490,0,0,-0.001721,0.385711,0.529259,1.338162,0.032989,0.009296,-0.005880,0.429162,0.543447,1.334597,0.035422,0.000472,-0.005880,0.429162,0.543447,1.334597,0.035422,0.000472,-0.005880,0.429162,0.543447,1.334597,0.035422,0.000472,-0.187172,13.660645,17.298462,42.481537,1.127533,0.027762,-0.187172,13.660645,17.298462,42.481537,1.127533,0.027762,1950,2221,2249,2489,2070,1919,,0,,,,1.49,,0.03,0.56,1.47,33.19
403,0,13.433333333333334,-29.781,0,0,-0.001721,0.385711,0.532089,1.338162,0.032989,0.009296,-0.004893,0.430785,0.542366,1.338989,0.035120,0.000472,-0.004893,0.430785,0.542366,1.338989,0.035120,0.000472,-0.004893,0.430785,0.542366,1.338989,0.035120,0.000472,-0.155739,13.712296,17.264030,42.621323,1.117920,0.027762,-0.155739,13.712296,17.264030,42.621323,1.117920,0.027762,1951,2222,2248,2491,2070,1919,,0,,,,1.33,,0.02,0.38,1.52,33.31
404,0,13.466666666666667,-29.428,0,0,-0.001721,0.385711,0.532089,1.338162,0.032989,0.009296,-0.003704,0.434164,0.541287,1.341820,0.034903,0.000472,-0.003704,0.434164,0.541287,1.341820,0.034903,0.000472,-0.003704,0.434164,0.541287,1.341820,0.034903,0.000472,-0.117889,13.819870,17.229698,42.711456,1.110985,0.027762,-0.117889,13.819870,17.229698,42.711456,1.110985,0.027762,1951,2223,2248,2492,2070,1919,,0,,,,1.43,,0.03,0.40,1.50,32.94
405,0,13.5,-29.155,0,0,-0.001721,0.385711,0.532089,1.338162,0.032989,0.009296,-0.001940,0.439198,0.539873,1.343005,0.034769,0.000472,-0.001940,0.439198,0.539873,1.343005,0.034769,0.000472,-0.001940,0.439198,0.539873,1.343005,0.034769,0.000472,-0.061760,13.980087,17.184700,42.749191,1.106728,0.027762,-0.061760,13.980087,17.184700,42.749191,1.106728,0.027762,1951,2225,2247,2492,2070,1919,,0,,,,1.55,,0.03,0.48,1.81,33.21
406,0,13.533333333333333,-29.661,0,0,-0.001721,0.385711,0.532089,1.338162,0.032989,0.009296,0.000316,0.445508,0.537732,1.343187,0.034691,0.000472,0.000316,0.445508,0.537732,1.343187,0.034691,0.000472,0.000316,0.445508,0.537732,1.343187,0.034691,0.000472,0.010071,14.180969,17.116531,42.754974,1.104248,0.027762,0.010071,14.180969,17.116531,42.754974,1.104248,0.027762,1952,2227,2246,2492,2070,1919,,0,,,,1.38,,0.03,0.47,1.51,33.21
407,0,13.566666666666666,-29.367,0,0,-0.001721,0.388506,0.532089,1.338162,0.032989,0.009296,0.002753,0.452518,0.534697,1.343674,0.034626,0.003483,0.002753,0.452518,0.534697,1.343674,0.034626,0.003483,0.002753,0.452518,0.534697,1.343673,0.034626,0.003483,0.087631,14.404106,17.019943,42.770462,1.102196,0.204864,0.087631,14.404106,17.019943,42.770462,1.102196,0.204864,1953,2229,2245,2493,2070,1921,,0,,,,1.45,,0.02,0.42,1.77,33.19
408,0,13.6,-29.565,0,0,-0.001721,0.394097,0.532089,1.338162,0.032989,0.009296,0.004624,0.459827,0.530710,1.345481,0.034544,0.065727,0.004624,0.459827,0.530710,1.345481,0.034544,0.065727,0.004624,0.459827,0.530710,1.345481,0.034544,0.065727,0.147179,14.636742,16.893005,42.828003,1.099548,3.866270,0.147179,14.636742,16.893005,42.828003,1.099548,3.866270,1953,2232,2244,2493,2070,1975,,0,,,,1.48,,0.02,0.43,1.52,33.18
409,0,13.633333333333333,-29.591,0,0,-0.001721,0.399687,0.532089,1.338162,0.032989,0.009296,0.005167,0.467453,0.525578,1.348358,0.034449,0.140146,0.005167,0.467453,0.525578,1.348358,0.034449,0.140146,0.005167,0.467453,0.525578,1.348358,0.034449,0.140146,0.164482,14.879478,16.729668,42.919571,1.096550,8.243855,0.164482,14.879478,16.729668,42.919571,1.096550,8.243855,1954,2235,2242,2494,2069,2039,,0,,,,1.44,,0.02,0.39,1.53,33.14
410,0,13.666666666666666,-29.459,0,0,-0.001721,0.402482,0.532089,1.338162,0.032989,0.015106,0.004317,0.475555,0.519148,1.351159,0.034378,0.224792,0.004317,0.475555,0.519148,1.351159,0.034378,0.224792,0.004317,0.475555,0.519148,1.351159,0.034378,0.224792,0.137398,15.137390,16.525009,43.008728,1.094292,13.223031,0.137398,15.137390,16.525009,43.008728,1.094292,13.223031,1953,2238,2240,2495,2069,2112,,0,,,,1.42,,0.02,0.38,1.70,33.18
411,0,13.7,-29.532,0,0,-0.001721,0.408072,0.529259,1.338162,0.032989,0.033698,0.002856,0.483838,0.511760,1.353473,0.034376,0.316652,0.002856,0.483838,0.511760,1.353473,0.034376,0.316652,0.002856,0.483838,0.511760,1.353473,0.034376,0.316652,0.090912,15.401039,16.289841,43.082382,1.094208,18.626575,0.090912,15.401039,16.289841,43.082382,1.094208,18.626575,1953,2241,2237,2496,2069,2191,,0,,,,1.38,,0.02,0.51,1.54,33.15
412,0,13.733333333333333,-28.568,0,0,-0.001721,0.410867,0.529259,1.338162,0.032989,0.076692,0.001467,0.491636,0.504165,1.355749,0.034455,0.412159,0.001467,0.491636,0.504165,1.355749,0.034455,0.412159,0.001467,0.491636,0.504165,1.355749,0.034455,0.412159,0.046692,15.649246,16.048065,43.154831,1.096741,24.244621,0.046692,15.649246,16.048065,43.154831,1.096741,24.244621,1952,2243,2235,2497,2069,2273,,0,,,,2.01,,0.02,0.44,1.96,33.21
413,0,13.766666666666667,-28.149,0,0,-0.012050,0.416457,0.520768,1.329927,0.032989,0.124334,0.000251,0.498445,0.496987,1.358245,0.034580,0.507172,0.000251,0.498445,0.496987,1.358245,0.034580,0.507172,0.000251,0.498445,0.496987,1.358245,0.034580,0.464334,0.007996,15.865982,15.819595,43.234268,1.100731,27.313740,0.007996,15.865982,15.819595,43.234268,1.100731,27.313740,1952,2246,2232,2498,2070,2318,rate_limited:relative_limit:gripper,0,,,,1.34,,0.04,1.63,1.84,33.22
414,0,13.8,-29.601,0,0,-0.029264,0.424842,0.509448,1.329927,0.032989,0.174299,-0.001099,0.504180,0.490497,1.360644,0.034699,0.597370,-0.001099,0.504180,0.490497,1.360644,0.034699,0.597370,-0.001099,0.504180,0.490497,1.360643,0.034699,0.514299,-0.034988,16.048553,15.612999,43.310623,1.104507,30.252905,-0.034988,16.048553,15.612999,43.310623,1.104507,30.252905,1952,2248,2230,2499,2070,2361,rate_limited:relative_limit:gripper,0,,,,1.37,,0.03,0.47,1.55,33.16
415,0,13.833333333333334,-29.215,0,0,-0.043036,0.430432,0.500957,1.340907,0.032989,0.225427,-0.002924,0.509132,0.484788,1.362498,0.034771,0.678893,-0.002924,0.509132,0.484788,1.362498,0.034771,0.678893,-0.002924,0.509132,0.484788,1.362498,0.034771,0.565427,-0.093079,16.206184,15.431274,43.369659,1.106796,33.260422,-0.093079,16.206184,15.431274,43.369659,1.106796,33.260422,1951,2250,2228,2499,2070,2405,rate_limited:relative_limit:gripper,0,,,,1.67,,0.03,0.52,1.58,33.20
416,0,13.866666666666667,-29.590,0,0,-0.043036,0.438817,0.492466,1.343652,0.032989,0.276555,-0.005501,0.513765,0.479869,1.363683,0.034783,0.749107,-0.005501,0.513765,0.479869,1.363683,0.034783,0.749107,-0.005501,0.513765,0.479869,1.363683,0.034783,0.616555,-0.175102,16.353645,15.274689,43.407379,1.107170,36.267944,-0.175102,16.353645,15.274689,43.407379,1.107170,36.267944,1950,2251,2226,2500,2070,2449,rate_limited:relative_limit:gripper,0,,,,1.44,,0.02,0.44,1.55,33.19
417,0,13.9,-29.558,0,0,-0.046478,0.449997,0.483975,1.343652,0.032989,0.327683,-0.009002,0.518537,0.475631,1.364309,0.034743,0.806886,-0.009002,0.518537,0.475631,1.364309,0.034743,0.806886,-0.009002,0.518537,0.475631,1.364309,0.034743,0.667683,-0.286545,16.505524,15.139816,43.427307,1.105896,39.275459,-0.286545,16.505524,15.139816,43.427307,1.105896,39.275459,1949,2253,2225,2500,2070,2493,rate_limited:relative_limit:gripper,0,,,,1.50,,0.03,0.46,1.50,33.20
418,0,13.933333333333334,-29.211,0,0,-0.046478,0.458382,0.478315,1.346397,0.032989,0.378811,-0.013400,0.523582,0.471977,1.364660,0.034671,0.852070,-0.013400,0.523582,0.471977,1.364660,0.034671,0.852070,-0.013400,0.523582,0.471977,1.364660,0.034671,0.718811,-0.426544,16.666138,15.023506,43.438461,1.103607,42.282982,-0.426544,16.666138,15.023506,43.438461,1.103607,42.282982,1948,2255,2223,2500,2070,2537,rate_limited:relative_limit:gripper,0,,,,1.53,,0.03,0.55,1.67,33.17
419,0,13.966666666666667,-29.490,0,0,-0.046478,0.463972,0.475484,1.346397,0.032989,0.432262,-0.018394,0.528544,0.468987,1.365143,0.034590,0.884798,-0.018394,0.528544,0.468987,1.365143,0.034590,0.884798,-0.018395,0.528544,0.468987,1.365143,0.034590,0.772262,-0.585518,16.824081,14.928314,43.453842,1.101044,45.427204,-0.585518,16.824081,14.928314,43.453842,1.101044,45.427204,1947,2257,2222,2500,2070,2583,rate_limited:relative_limit:gripper,0,,,,1.50,,0.02,0.42,1.59,33.19
420,0,14.0,-28.534,0,0,-0.046478,0.466767,0.472654,1.346397,0.032989,0.483390,-0.023672,0.532921,0.466751,1.365812,0.034512,0.905397,-0.023672,0.532921,0.466751,1.365812,0.034512,0.905397,-0.023672,0.532921,0.466751,1.365812,0.034512,0.823390,-0.753494,16.963387,14.857147,43.475128,1.098549,48.434723,-0.753494,16.963387,14.857147,43.475128,1.098549,48.434723,1945,2258,2221,2501,2069,2627,rate_limited:relative_limit:gripper,0,,,,1.57,,0.03,0.53,2.35,33.19
421,0,14.033333333333333,-29.651,0,0,-0.046478,0.466767,0.469824,1.346397,0.031454,0.540328,-0.028922,0.536443,0.465245,1.366140,0.034436,0.914728,-0.028922,0.536443,0.465245,1.366140,0.034436,0.914728,-0.028922,0.536443,0.465245,1.366140,0.034436,0.880328,-0.920609,17.075500,14.809204,43.485565,1.096115,51.784004,-0.920609,17.075500,14.809204,43.485565,1.096115,51.784004,1944,2259,2221,2501,2069,2676,rate_limited:relative_limit:gripper,0,,,,1.49,,0.02,0.41,1.45,33.18
422,0,14.066666666666666,-29.581,0,0,-0.046478,0.466767,0.466994,1.346397,0.031454,0.592618,-0.033835,0.539041,0.464526,1.365649,0.034360,0.914450,-0.033835,0.539041,0.464526,1.365649,0.034360,0.914450,-0.033835,0.539041,0.464526,1.365649,0.034360,0.914450,-1.077011,17.158211,14.786316,43.469940,1.093719,53.791176,-1.077011,17.158211,14.786316,43.469940,1.093719,53.791176,1942,2260,2221,2501,2069,2705,,0,,,,1.44,,0.03,0.41,1.55,33.21
423,0,14.1,-29.323,0,0,-0.046478,0.466767,0.466994,1.346397,0.031454,0.649556,-0.038121,0.540736,0.464785,1.364383,0.034293,0.907134,-0.038121,0.540736,0.464785,1.364383,0.034293,0.907134,-0.038121,0.540736,0.464785,1.364383,0.034293,0.907134,-1.213432,17.212151,14.794579,43.429642,1.091576,53.360825,-1.213432,17.212151,14.794579,43.429642,1.091576,53.360825,1941,2261,2221,2500,2069,2699,,0,,,,1.54,,0.04,0.39,1.65,33.13
424,0,14.133333333333333,-29.655,0,0,-0.046478,0.466767,0.466994,1.346397,0.031454,0.701846,-0.041531,0.541631,0.465953,1.362725,0.034240,0.895730,-0.041531,0.541631,0.465953,1.362725,0.034240,0.895730,-0.041531,0.541631,0.465953,1.362725,0.034240,0.895730,-1.321976,17.240631,14.831734,43.376862,1.089897,52.689980,-1.321976,17.240631,14.831734,43.376862,1.089897,52.689980,1940,2261,2221,2499,2069,2689,,0,,,,1.45,,0.02,0.42,1.48,33.15
425,0,14.166666666666666,-29.326,0,0,-0.046478,0.472357,0.464163,1.346397,0.031454,0.755297,-0.043910,0.541916,0.467592,1.361062,0.034200,0.883057,-0.043910,0.541916,0.467592,1.361062,0.034200,0.883057,-0.043910,0.541916,0.467592,1.361062,0.034200,0.883057,-1.397690,17.249725,14.883911,43.323944,1.088623,51.944534,-1.397690,17.249725,14.883911,43.323944,1.088623,51.944534,1939,2261,2222,2499,2069,2678,,0,,,,1.55,,0.04,0.47,1.61,33.19
426,0,14.2,-29.333,0,0,-0.046478,0.472357,0.464163,1.346397,0.031454,0.798291,-0.045268,0.541694,0.469153,1.359809,0.034166,0.871302,-0.045268,0.541694,0.469153,1.359809,0.034166,0.871302,-0.045268,0.541694,0.469153,1.359809,0.034166,0.871302,-1.440918,17.242668,14.933609,43.284058,1.087547,51.253033,-1.440918,17.242668,14.933609,43.284058,1.087547,51.253033,1939,2261,2222,2498,2069,2668,,0,,,,1.45,,0.02,0.48,1.74,33.19
427,0,14.233333333333333,-29.238,0,0,-0.053364,0.472357,0.464163,1.346397,0.031454,0.825017,-0.045770,0.540844,0.470124,1.359374,0.034119,0.861530,-0.045770,0.540844,0.470124,1.359374,0.034119,0.861530,-0.045770,0.540844,0.470124,1.359374,0.034119,0.861530,-1.456902,17.215607,14.964500,43.270233,1.086029,50.678219,-1.456902,17.215607,14.964500,43.270233,1.086029,50.678219,1939,2261,2223,2498,2069,2660,,0,,,,1.53,,0.06,0.55,1.66,33.22
428,0,14.266666666666667,-29.517,0,0,-0.053364,0.472357,0.464163,1.346397,0.031454,0.838961,-0.045593,0.538985,0.470048,1.360184,0.034023,0.854011,-0.045593,0.538985,0.470048,1.360184,0.034023,0.854011,-0.045593,0.538985,0.470048,1.360184,0.034023,0.854011,-1.451263,17.156425,14.962090,43.296021,1.082977,50.235928,-1.451263,17.156425,14.962090,43.296021,1.082977,50.235928,1939,2260,2223,2499,2069,2653,,0,,,,1.48,,0.03,0.40,1.57,33.17
429,0,14.3,-29.564,0,0,-0.053364,0.472357,0.464163,1.346397,0.031454,0.844771,-0.044781,0.535535,0.468509,1.362749,0.033843,0.848719,-0.044781,0.535535,0.468509,1.362749,0.033843,0.848719,-0.044781,0.535535,0.468509,1.362749,0.033843,0.848719,-1.425430,17.046593,14.913109,43.377640,1.077255,49.924641,-1.425430,17.046593,14.913109,43.377640,1.077255,49.924641,1939,2259,2222,2499,2069,2649,,0,,,,1.44,,0.03,0.46,1.50,33.14
430,0,14.333333333333334,-29.783,0,0,-0.053364,0.472357,0.464163,1.346397,0.031454,0.844771,-0.043345,0.529838,0.465067,1.367697,0.033554,0.845639,-0.043345,0.529838,0.465067,1.367697,0.033554,0.845639,-0.043345,0.529838,0.465067,1.367697,0.033554,0.845639,-1.379707,16.865280,14.803551,43.535141,1.068069,49.743473,-1.379707,16.865280,14.803551,43.535141,1.068069,49.743473,1939,2257,2221,2501,2069,2646,,0,,,,1.42,,0.02,0.37,1.45,33.21
431,0,14.366666666666667,-29.209,0,0,-0.053364,0.472357,0.464163,1.346397,0.031454,0.844771,-0.041298,0.521337,0.459241,1.375726,0.033146,0.844805,-0.041298,0.521337,0.459241,1.375726,0.033146,0.844805,-0.041298,0.521337,0.459241,1.375726,0.033146,0.844805,-1.314568,16.594673,14.618095,43.790726,1.055084,49.694389,-1.314568,16.594673,14.618095,43.790726,1.055084,49.694389,1940,2254,2219,2504,2069,2646,,0,,,,1.61,,0.03,0.51,1.61,33.16
432,0,14.4,-29.034,0,0,-0.053364,0.472357,0.464163,1.346397,0.031454,0.844771,-0.038675,0.509635,0.450532,1.387586,0.032627,0.846091,-0.038675,0.509635,0.450532,1.387586,0.032627,0.846091,-0.038675,0.509635,0.450532,1.387586,0.032627,0.846091,-1.231049,16.222206,14.340889,44.168228,1.038551,49.770084,-1.231049,16.222206,14.340889,44.168228,1.038551,49.770084,1941,2250,2216,2509,2068,2647,,0,,,,1.67,,0.04,0.58,1.59,33.09
433,0,14.433333333333334,-29.509,0,0,-0.056807,0.472357,0.464163,1.349142,0.031454,0.844771,-0.035542,0.494616,0.438543,1.403848,0.032019,0.849109,-0.035542,0.494616,0.438543,1.403848,0.032019,0.849109,-0.035542,0.494616,0.438543,1.403848,0.032019,0.849109,-1.131332,15.744110,13.959267,44.685883,1.019203,49.947594,-1.131332,15.744110,13.959267,44.685883,1.019203,49.947594,1942,2244,2211,2514,2068,2649,,0,,,,1.48,,0.03,0.41,1.58,33.14
434,0,14.466666666666667,-29.600,0,0,-0.056807,0.472357,0.455673,1.357376,0.031454,0.844771,-0.031948,0.476619,0.423076,1.424665,0.031366,0.853290,-0.031948,0.476619,0.423076,1.424665,0.031366,0.853290,-0.031948,0.476619,0.423076,1.424665,0.031366,0.853290,-1.016930,15.171265,13.466919,45.348495,0.998398,50.193523,-1.016930,15.171265,13.466919,45.348495,0.998398,50.193523,1943,2238,2206,2522,2067,2653,,0,,,,1.40,,0.02,0.44,1.61,33.26
435,0,14.5,-29.047,0,0,-0.056807,0.475152,0.441521,1.371101,0.031454,0.844771,-0.027869,0.456467,0.404241,1.449730,0.030724,0.857937,-0.027869,0.456467,0.404241,1.449730,0.030724,0.857937,-0.027869,0.456467,0.404241,1.449730,0.030724,0.857937,-0.887108,14.529785,12.867401,46.146332,0.977982,50.466888,-0.887108,14.529785,12.867401,46.146332,0.977982,50.466888,1944,2231,2199,2531,2067,2657,,0,,,,1.64,,0.03,0.46,1.71,33.08
436,0,14.533333333333333,-29.587,0,0,-0.056807,0.472357,0.430200,1.384826,0.031454,0.844771,-0.023304,0.435257,0.382489,1.478309,0.030152,0.862215,-0.023304,0.435257,0.382489,1.478309,0.030152,0.862215,-0.023304,0.435257,0.382489,1.478309,0.030152,0.862215,-0.741783,13.854660,12.175011,47.056030,0.959755,50.718521,-0.741783,13.854660,12.175011,47.056030,0.959755,50.718521,1945,2223,2192,2542,2067,2661,,0,,,,1.44,,0.02,0.39,1.60,33.20
437,0,14.566666666666666,-29.564,0,0,-0.056807,0.469562,0.416049,1.401296,0.029920,0.845933,-0.018417,0.413999,0.358526,1.509361,0.029687,0.865295,-0.018417,0.413999,0.358526,1.509361,0.029687,0.865295,-0.018417,0.413999,0.358526,1.509361,0.029687,0.865295,-0.586243,13.177994,11.412254,48.044449,0.944969,50.899708,-0.586243,13.177994,11.412254,48.044449,0.944969,50.899708,1947,2216,2183,2553,2066,2663,,0,,,,1.34,,0.03,0.41,1.63,33.10
438,0,14.6,-29.706,0,0,-0.056807,0.466767,0.399067,1.420511,0.029920,0.851743,-0.013400,0.393328,0.333236,1.541725,0.029342,0.866413,-0.013400,0.393328,0.333236,1.541725,0.029342,0.866413,-0.013400,0.393328,0.333236,1.541725,0.029342,0.866413,-0.426544,12.520012,10.607231,49.074631,0.933990,50.965477,-0.426544,12.520012,10.607231,49.074631,0.933990,50.965477,1948,2208,2174,2565,2066,2664,,0,,,,1.39,,0.02,0.44,1.56,33.21
439,0,14.633333333333333,-29.305,0,0,-0.056807,0.452792,0.382086,1.442470,0.028386,0.856391,-0.008451,0.373454,0.307605,1.574316,0.029099,0.865035,-0.008451,0.373454,0.307605,1.574316,0.029099,0.865035,-0.008451,0.373454,0.307605,1.574315,0.029099,0.865035,-0.269020,11.887405,9.791359,50.112015,0.926254,50.884438,-0.269020,11.887405,9.791359,50.112015,0.926254,50.884438,1950,2201,2165,2577,2066,2663,,0,,,,1.62,,0.03,0.41,1.68,33.22
440,0,14.666666666666666,-29.260,0,0,-0.056807,0.438817,0.370764,1.469919,0.028386,0.859877,-0.003769,0.354275,0.282707,1.606229,0.028924,0.861118,-0.003769,0.354275,0.282707,1.606229,0.028924,0.861118,-0.003769,0.354275,0.282707,1.606229,0.028924,0.861118,-0.119965,11.276924,8.998833,51.127869,0.920662,50.653996,-0.119965,11.276924,8.998833,51.127869,0.920662,50.653996,1951,2194,2156,2588,2066,2660,,0,,,,1.58,,0.03,0.42,1.69,33.17
441,0,14.7,-28.378,0,0,-0.053364,0.427637,0.356613,1.497369,0.028386,0.859877,0.000408,0.335478,0.259545,1.636685,0.028776,0.855465,0.000408,0.335478,0.259545,1.636685,0.028776,0.855465,0.000408,0.335478,0.259545,1.636685,0.028776,0.855465,0.012993,10.678604,8.261581,52.097305,0.915977,50.321484,0.012993,10.678604,8.261581,52.097305,0.915977,50.321484,1952,2188,2148,2599,2066,2655,,0,,,,1.64,,0.03,0.57,2.27,33.15
442,0,14.733333333333333,-29.342,0,0,-0.053364,0.419252,0.336801,1.530308,0.028386,0.859877,0.003940,0.316585,0.238956,1.664993,0.028633,0.849585,0.003940,0.316585,0.238956,1.664993,0.028633,0.849585,0.003940,0.316585,0.238956,1.664994,0.028633,0.849585,0.125420,10.077202,7.606216,52.998383,0.911423,49.975605,0.125420,10.077202,7.606216,52.998383,0.911423,49.975605,1953,2181,2141,2610,2066,2650,,0,,,,1.59,,0.03,0.41,1.59,33.11
443,0,14.766666666666667,-29.551,0,0,-0.049921,0.413662,0.316989,1.563248,0.031454,0.859877,0.006997,0.296929,0.221670,1.690716,0.028477,0.845352,0.006997,0.296929,0.221670,1.690716,0.028477,0.845352,0.006997,0.296929,0.221670,1.690716,0.028477,0.845352,0.222717,9.451546,7.055977,53.817139,0.906441,49.726589,0.222717,9.451546,7.055977,53.817139,0.906441,49.726589,1954,2174,2135,2619,2066,2646,,0,,,,1.50,,0.02,0.40,1.57,33.19
444,0,14.8,-29.610,0,0,-0.049921,0.408072,0.305669,1.596187,0.031454,0.859877,0.009557,0.275878,0.208415,1.713600,0.028291,0.844467,0.009557,0.275878,0.208415,1.713600,0.028291,0.844467,0.009557,0.275878,0.208415,1.713600,0.028291,0.844467,0.304222,8.781456,6.634048,54.545593,0.900543,49.674541,0.304222,8.781456,6.634048,54.545593,0.900543,49.674541,1955,2166,2130,2627,2065,2645,,0,,,,1.44,,0.02,0.48,1.49,33.20
445,0,14.833333333333334,-29.608,0,0,-0.049921,0.402482,0.294348,1.626382,0.031454,0.856391,0.011747,0.253120,0.199879,1.733268,0.028074,0.847395,0.011747,0.253120,0.199879,1.733268,0.028074,0.847395,0.011747,0.253120,0.199879,1.733268,0.028074,0.847395,0.373924,8.057060,6.362343,55.171631,0.893631,49.846752,0.373924,8.057060,6.362343,55.171631,0.893631,49.846752,1955,2158,2127,2634,2065,2648,,0,,,,1.48,,0.02,0.38,1.54,33.17
446,0,14.866666666666667,-29.240,0,0,-0.046478,0.394097,0.285857,1.656576,0.031454,0.851743,0.013775,0.228751,0.196573,1.749204,0.027839,0.853200,0.013775,0.228751,0.196573,1.749204,0.027839,0.853200,0.013775,0.228751,0.196573,1.749204,0.027839,0.853200,0.438461,7.281364,6.257118,55.678909,0.886131,50.188213,0.438461,7.281364,6.257118,55.678909,0.886131,50.188213,1956,2149,2126,2640,2065,2653,,0,,,,1.38,,0.02,0.52,1.84,33.31
447,0,14.9,-29.381,0,0,-0.039593,0.385711,0.285857,1.684025,0.031454,0.850581,0.015748,0.203034,0.198787,1.761169,0.027601,0.859616,0.015748,0.203034,0.198787,1.761169,0.027601,0.859616,0.015748,0.203034,0.198787,1.761169,0.027601,0.859616,0.501266,6.462776,6.327583,56.059753,0.878563,50.565674,0.501266,6.462776,6.327583,56.059753,0.878563,50.565674,1957,2140,2127,2645,2065,2658,,0,,,,1.41,,0.03,0.52,1.59,33.38
448,0,14.933333333333334,-28.844,0,0,-0.032707,0.374531,0.285857,1.722455,0.031454,0.850581,0.017637,0.176325,0.206534,1.769176,0.027364,0.863949,0.017637,0.176325,0.206534,1.769176,0.027364,0.863949,0.017637,0.176325,0.206534,1.769176,0.027364,0.863949,0.561417,5.612587,6.574188,56.314606,0.871017,50.820541,0.561417,5.612587,6.574188,56.314606,0.871017,50.820541,1957,2131,2129,2648,2065,2662,,0,,,,1.38,,0.03,0.51,1.89,33.73
449,0,14.966666666666667,-28.280,0,0,-0.022378,0.360556,0.285857,1.741669,0.031454,0.850581,0.019306,0.149039,0.219554,1.773217,0.027114,0.863956,0.019306,0.149039,0.219554,1.773217,0.027114,0.863956,0.019306,0.149039,0.219554,1.773217,0.027114,0.863956,0.614525,4.744064,6.988617,56.443268,0.863075,50.820957,0.614525,4.744064,6.988617,56.443268,0.863075,50.820957,1958,2121,2134,2649,2065,2662,,0,,,,1.62,,0.04,0.51,1.66,32.32
450,1,15.0,-19.266,0,0,-0.015493,0.349376,0.285857,1.752650,0.031454,0.850581,-0.022500,0.214589,0.222832,1.844136,0.025459,0.865941,-0.022500,0.214589,0.222832,1.844136,0.025459,0.865941,-0.022500,0.214589,0.222832,1.844136,0.025459,0.865941,-0.716194,6.830574,7.092979,58.700684,0.810371,50.937717,-0.716194,6.830574,7.092979,58.700684,0.810371,50.937717,1945,2144,2135,2675,2064,2664,,0,470,1789054476.185857,14.8,1.52,7.53,2.43,0.41,1.84,33.14
451,0,15.033333333333333,-29.634,0,0,-0.005164,0.338196,0.285857,1.763629,0.031454,0.852905,-0.022266,0.190661,0.212592,1.865395,0.024832,0.869250,-0.022266,0.190661,0.212592,1.865395,0.024832,0.869250,-0.022266,0.190661,0.212592,1.865395,0.024832,0.869250,-0.708748,6.068932,6.767014,59.377365,0.790443,51.132347,-0.708748,6.068932,6.767014,59.377365,0.790443,51.132347,1946,2136,2132,2683,2063,2667,,0,,,,1.45,,0.02,0.38,1.52,33.23
452,0,15.066666666666666,-29.525,0,0,0.005164,0.335401,0.285857,1.777354,0.031454,0.857553,-0.022082,0.170660,0.204048,1.883364,0.024304,0.871912,-0.022082,0.170660,0.204048,1.883364,0.024304,0.871912,-0.022082,0.170660,0.204048,1.883364,0.024304,0.871912,-0.702896,5.432281,6.495049,59.949356,0.773636,51.288925,-0.702896,5.432281,6.495049,59.949356,0.773636,51.288925,1946,2129,2129,2689,2063,2669,,0,,,,1.47,,0.02,0.37,1.44,32.99
453,0,15.1,-29.524,0,0,0.005164,0.335401,0.285857,1.815783,0.032989,0.862201,-0.021878,0.154405,0.196970,1.898278,0.023820,0.874016,-0.021878,0.154405,0.196970,1.898278,0.023820,0.874016,-0.021878,0.154405,0.196970,1.898278,0.023820,0.874016,-0.696396,4.914856,6.269753,60.424072,0.758217,51.412701,-0.696396,4.914856,6.269753,60.424072,0.758217,51.412701,1946,2123,2126,2695,2063,2671,,0,,,,1.42,,0.02,0.47,1.60,33.19
454,0,15.133333333333333,-29.416,0,0,-0.001721,0.335401,0.285857,1.843232,0.032989,0.865687,-0.021608,0.141715,0.191268,1.910253,0.023417,0.875880,-0.021608,0.141715,0.191268,1.910253,0.023417,0.875880,-0.021608,0.141715,0.191268,1.910253,0.023417,0.875880,-0.687813,4.510918,6.088257,60.805237,0.745377,51.522373,-0.687813,4.510918,6.088257,60.805237,0.745377,51.522373,1946,2118,2124,2699,2062,2672,,0,,,,1.56,,0.03,0.53,1.47,33.17
455,0,15.166666666666666,-29.032,0,0,-0.008607,0.332607,0.285857,1.865192,0.032989,0.868011,-0.021229,0.132265,0.186885,1.919495,0.023074,0.877797,-0.021229,0.132265,0.186885,1.919495,0.023074,0.877797,-0.021229,0.132265,0.186885,1.919495,0.023074,0.877797,-0.675728,4.210136,5.948730,61.099426,0.734459,51.635124,-0.675728,4.210136,5.948730,61.099426,0.734459,51.635124,1946,2115,2123,2702,2062,2674,,0,,,,1.34,,0.02,0.38,2.22,33.21
456,0,15.2,-29.068,0,0,-0.018936,0.324221,0.285857,1.881662,0.032989,0.870335,-0.020793,0.125598,0.183704,1.926373,0.022800,0.879763,-0.020793,0.125598,0.183704,1.926373,0.022800,0.879763,-0.020793,0.125598,0.183704,1.926373,0.022800,0.879763,-0.661865,3.997894,5.847466,61.318344,0.725746,51.750748,-0.661865,3.997894,5.847466,61.318344,0.725746,51.750748,1946,2112,2121,2705,2062,2676,,0,,,,1.50,,0.03,0.49,1.91,33.21
457,0,15.233333333333333,-28.973,0,0,-0.029264,0.315836,0.285857,1.895387,0.032989,0.872659,-0.020390,0.121233,0.181576,1.931239,0.022574,0.881386,-0.020390,0.121233,0.181576,1.931239,0.022574,0.881386,-0.020390,0.121233,0.181576,1.931239,0.022574,0.881386,-0.649017,3.858986,5.779755,61.473267,0.718567,51.846218,-0.649017,3.858986,5.779755,61.473267,0.718567,51.846218,1946,2111,2121,2707,2062,2677,,0,,,,1.42,,0.02,0.41,2.16,33.12
458,0,15.266666666666667,-29.552,0,0,-0.032707,0.307451,0.285857,1.909111,0.032989,0.876145,-0.020017,0.118733,0.180343,1.934466,0.022384,0.882099,-0.020017,0.118733,0.180343,1.934466,0.022384,0.882099,-0.020017,0.118733,0.180343,1.934466,0.022384,0.882099,-0.637169,3.779396,5.740509,61.575974,0.712502,51.888191,-0.637169,3.779396,5.740509,61.575974,0.712502,51.888191,1946,2110,2120,2708,2062,2678,,0,,,,1.53,,0.03,0.41,1.54,33.21
459,0,15.3,-29.529,0,0,-0.036150,0.299066,0.285857,1.917346,0.032989,0.876145,-0.019610,0.117723,0.179852,1.936424,0.022233,0.881562,-0.019610,0.117723,0.179852,1.936424,0.022233,0.881562,-0.019610,0.117723,0.179852,1.936424,0.022233,0.881562,-0.624207,3.747238,5.724884,61.638306,0.707687,51.856590,-0.624207,3.747238,5.724884,61.638306,0.707687,51.856590,1946,2110,2120,2708,2061,2677,,0,,,,1.47,,0.03,0.50,1.54,33.22
460,0,15.333333333333334,-29.599,0,0,-0.036150,0.293476,0.285857,1.925581,0.032989,0.878469,-0.019108,0.117782,0.179948,1.937423,0.022122,0.879852,-0.019108,0.117782,0.179948,1.937423,0.022122,0.879852,-0.019108,0.117782,0.179948,1.937423,0.022122,0.879852,-0.608223,3.749130,5.727921,61.670074,0.704170,51.756001,-0.608223,3.749130,5.727921,61.670074,0.704170,51.756001,1946,2110,2120,2709,2061,2676,,0,,,,1.52,,0.02,0.39,1.52,33.21
461,0,15.366666666666667,-29.532,0,0,-0.036150,0.290681,0.285857,1.928326,0.032989,0.878469,-0.018541,0.118558,0.180444,1.937630,0.022045,0.877293,-0.018541,0.118558,0.180444,1.937630,0.022045,0.877293,-0.018541,0.118558,0.180444,1.937630,0.022045,0.877293,-0.590172,3.773811,5.743721,61.676666,0.701714,51.605438,-0.590172,3.773811,5.743721,61.676666,0.701714,51.605438,1947,2110,2120,2709,2061,2673,,0,,,,1.50,,0.03,0.40,1.50,33.17
462,0,15.4,-29.393,0,0,-0.036150,0.290681,0.285857,1.928326,0.032989,0.878469,-0.017996,0.119828,0.181167,1.937110,0.021987,0.874267,-0.017996,0.119828,0.181167,1.937110,0.021987,0.874267,-0.017997,0.119828,0.181167,1.937110,0.021987,0.874267,-0.572845,3.814232,5.766739,61.660110,0.699867,51.427467,-0.572845,3.814232,5.766739,61.660110,0.699867,51.427467,1947,2110,2121,2709,2061,2671,,0,,,,1.40,,0.02,0.44,1.73,33.19
463,0,15.433333333333334,-29.682,0,0,-0.036150,0.287886,0.285857,1.928326,0.032989,0.878469,-0.017531,0.121350,0.182018,1.936020,0.021945,0.871107,-0.017531,0.121350,0.182018,1.936020,0.021945,0.871107,-0.017531,0.121350,0.182018,1.936020,0.021945,0.871107,-0.558037,3.862701,5.793823,61.625427,0.698532,51.241589,-0.558037,3.862701,5.793823,61.625427,0.698532,51.241589,1947,2111,2121,2708,2061,2668,,0,,,,1.30,,0.03,0.50,1.52,33.17
464,0,15.466666666666667,-29.677,0,0,-0.036150,0.287886,0.285857,1.928326,0.032989,0.878469,-0.017171,0.122891,0.182951,1.934665,0.021891,0.868071,-0.017171,0.122891,0.182951,1.934665,0.021891,0.868071,-0.017171,0.122891,0.182951,1.934665,0.021891,0.868071,-0.546577,3.911743,5.823532,61.582291,0.696815,51.063026,-0.546577,3.911743,5.823532,61.582291,0.696815,51.063026,1947,2111,2121,2708,2061,2666,,0,,,,1.41,,0.02,0.39,1.56,33.22
465,0,15.5,-29.700,0,0,-0.036150,0.287886,0.285857,1.928326,0.032989,0.878469,-0.016897,0.124370,0.183880,1.933321,0.021831,0.865373,-0.016897,0.124370,0.183880,1.933321,0.021831,0.865373,-0.016897,0.124370,0.183880,1.933321,0.021831,0.865373,-0.537834,3.958824,5.853065,61.539520,0.694893,50.904285,-0.537834,3.958824,5.853065,61.539520,0.694893,50.904285,1947,2112,2121,2707,2061,2663,,0,,,,1.37,,0.02,0.45,1.48,33.18
466,0,15.533333333333333,-29.320,0,0,-0.036150,0.287886,0.285857,1.928326,0.032989,0.877307,-0.016700,0.125765,0.184645,1.932065,0.021770,0.863106,-0.016700,0.125765,0.184645,1.932065,0.021770,0.863106,-0.016700,0.125765,0.184645,1.932065,0.021770,0.863106,-0.531578,4.003212,5.877449,61.499542,0.692978,50.770931,-0.531578,4.003212,5.877449,61.499542,0.692978,50.770931,1947,2112,2122,2707,2061,2661,,0,,,,1.57,,0.04,0.50,1.54,33.16
467,0,15.566666666666666,-29.506,0,0,-0.036150,0.287886,0.285857,1.928326,0.032989,0.874983,-0.016611,0.127174,0.185105,1.930827,0.021711,0.861181,-0.016611,0.127174,0.185105,1.930827,0.021711,0.861181,-0.016611,0.127174,0.185105,1.930827,0.021711,0.861181,-0.528755,4.048073,5.892059,61.460144,0.691078,50.657700,-0.528755,4.048073,5.892059,61.460144,0.691078,50.657700,1947,2113,2122,2706,2061,2660,,0,,,,1.51,,0.03,0.42,1.49,33.16
468,0,15.6,-29.322,0,0,-0.036150,0.287886,0.285857,1.928326,0.032989,0.870335,-0.016656,0.128691,0.185212,1.929559,0.021646,0.859375,-0.016656,0.128691,0.185212,1.929559,0.021646,0.859375,-0.016656,0.128691,0.185212,1.929559,0.021646,0.859375,-0.530174,4.096375,5.895485,61.419754,0.689018,50.551491,-0.530174,4.096375,5.895485,61.419754,0.689018,50.551491,1947,2114,2122,2706,2061,2658,,0,,,,1.73,,0.02,0.40,1.51,33.14
469,0,15.633333333333333,-29.495,0,0,-0.036150,0.287886,0.285857,1.928326,0.032989,0.866849,-0.016814,0.130352,0.185038,1.928281,0.021570,0.857466,-0.016814,0.130352,0.185038,1.928281,0.021570,0.857466,-0.016814,0.130352,0.185038,1.928281,0.021570,0.857466,-0.535217,4.149223,5.889931,61.379074,0.686607,50.439178,-0.535217,4.149223,5.889931,61.379074,0.686607,50.439178,1947,2114,2122,2705,2061,2656,,0,,,,1.44,,0.02,0.37,1.69,33.20
470,0,15.666666666666666,-29.228,0,0,-0.036150,0.287886,0.285857,1.928326,0.032989,0.863363,-0.017064,0.132124,0.184711,1.927051,0.021480,0.855426,-0.017064,0.132124,0.184711,1.927051,0.021480,0.855426,-0.017064,0.132124,0.184711,1.927050,0.021480,0.855426,-0.543159,4.205643,5.879547,61.339920,0.683723,50.319202,-0.543159,4.205643,5.879547,61.339920,0.683723,50.319202,1947,2115,2122,2705,2061,2655,,0,,,,1.67,,0.03,0.45,1.60,33.20
471,0,15.7,-29.384,0,0,-0.036150,0.287886,0.285857,1.928326,0.032989,0.861039,-0.017418,0.133976,0.184318,1.925870,0.021373,0.853572,-0.017418,0.133976,0.184318,1.925870,0.021373,0.853572,-0.017418,0.133976,0.184318,1.925870,0.021373,0.853572,-0.554436,4.264580,5.867027,61.302353,0.680328,50.210094,-0.554436,4.264580,5.867027,61.302353,0.680328,50.210094,1947,2115,2122,2705,2061,2653,,0,,,,1.57,,0.04,0.43,1.54,33.16
472,0,15.733333333333333,-29.485,0,0,-0.036150,0.287886,0.285857,1.928326,0.032989,0.858715,-0.017903,0.135859,0.183856,1.924717,0.021249,0.852480,-0.017903,0.135859,0.183856,1.924717,0.021249,0.852480,-0.017903,0.135859,0.183856,1.924717,0.021249,0.852480,-0.569870,4.324547,5.852318,61.265640,0.676384,50.145905,-0.569870,4.324547,5.852318,61.265640,0.676384,50.145905,1947,2116,2121,2704,2061,2652,,0,,,,1.34,,0.02,0.55,1.60,33.17
473,0,15.766666666666667,-29.545,0,0,-0.036150,0.287886,0.285857,1.928326,0.032989,0.856391,-0.018511,0.137703,0.183308,1.923649,0.021111,0.852588,-0.018511,0.137703,0.183308,1.923649,0.021111,0.852588,-0.018511,0.137703,0.183308,1.923649,0.021111,0.852588,-0.589226,4.383217,5.834892,61.231644,0.671982,50.152214,-0.589226,4.383217,5.834892,61.231644,0.671982,50.152214,1947,2117,2121,2704,2061,2652,,0,,,,1.53,,0.02,0.41,1.50,33.18
474,0,15.8,-28.985,0,0,-0.036150,0.287886,0.285857,1.928326,0.032989,0.855229,-0.019181,0.139403,0.182700,1.922811,0.020967,0.853779,-0.019181,0.139403,0.182700,1.922811,0.020967,0.853779,-0.019181,0.139403,0.182700,1.922811,0.020967,0.853779,-0.610558,4.437340,5.815521,61.204987,0.667397,50.222309,-0.610558,4.437340,5.815521,61.204987,0.667397,50.222309,1946,2117,2121,2703,2061,2653,,0,,,,1.73,,0.03,0.49,1.61,33.04
475,0,15.833333333333334,-29.435,0,0,-0.036150,0.287886,0.285857,1.928326,0.032989,0.855229,-0.019813,0.140872,0.182081,1.922282,0.020827,0.855368,-0.019813,0.140872,0.182081,1.922282,0.020827,0.855368,-0.019813,0.140872,0.182081,1.922282,0.020827,0.855368,-0.630676,4.484108,5.795837,61.188110,0.662933,50.315754,-0.630676,4.484108,5.795837,61.188110,0.662933,50.315754,1946,2118,2121,2703,2061,2655,,0,,,,1.52,,0.03,0.45,1.58,33.19
476,0,15.866666666666667,-29.143,0,0,-0.036150,0.287886,0.285857,1.928326,0.032989,0.855229,-0.020361,0.142052,0.181503,1.922038,0.020699,0.856481,-0.020361,0.142052,0.181503,1.922038,0.020699,0.856481,-0.020361,0.142052,0.181503,1.922038,0.020699,0.856481,-0.648102,4.521667,5.777405,61.180374,0.658882,50.381226,-0.648102,4.521667,5.777405,61.180374,0.658882,50.381226,1946,2118,2121,2703,2060,2656,,0,,,,1.58,,0.04,0.43,1.78,33.17
477,0,15.9,-29.004,0,0,-0.036150,0.287886,0.285857,1.928326,0.032989,0.855229,-0.020833,0.142875,0.181008,1.922060,0.020587,0.856654,-0.020833,0.142875,0.181008,1.922060,0.020587,0.856654,-0.020833,0.142875,0.181008,1.922060,0.020587,0.856654,-0.663124,4.547859,5.761673,61.181061,0.655304,50.391411,-0.663124,4.547859,5.761673,61.181061,0.655304,50.391411,1946,2119,2120,2703,2060,2656,,0,,,,1.96,,0.04,0.49,1.56,33.22
478,0,15.933333333333334,-29.620,0,0,-0.036150,0.287886,0.285857,1.928326,0.032989,0.855229,-0.021264,0.143238,0.180629,1.922410,0.020483,0.856052,-0.021264,0.143238,0.180629,1.922410,0.020483,0.856052,-0.021264,0.143238,0.180629,1.922410,0.020483,0.856052,-0.676849,4.559410,5.749580,61.192200,0.651993,50.355999,-0.676849,4.559410,5.749580,61.192200,0.651993,50.355999,1946,2119,2120,2703,2060,2655,,0,,,,1.45,,0.02,0.38,1.53,33.15
479,0,15.966666666666667,-29.490,0,0,-0.036150,0.287886,0.285857,1.928326,0.032989,0.855229,-0.021643,0.143051,0.180340,1.923180,0.020382,0.855134,-0.021643,0.143051,0.180340,1.923180,0.020382,0.855134,-0.021643,0.143051,0.180340,1.923179,0.020382,0.855134,-0.688911,4.553452,5.740402,61.216705,0.648788,50.302006,-0.688911,4.553452,5.740402,61.216705,0.648788,50.302006,1946,2119,2120,2704,2060,2654,,0,,,,1.57,,0.02,0.39,1.52,33.19
