{"training/kl_divergence":4.695160356163979,"training/effective_batch_size":120,"reward/batch_min":-7445.213837306155,"training/sigma_min":0.08,"training/clip_fraction":1,"time/batch_seconds":9.370689392089844,"episodes_total":22,"training/sigma_max":0.16,"reward/batch_avg":-7369.28166553214,"loss/entropy":0,"_runtime":106,"_timestamp":1.7670230378206909e+09,"loss/policy":0.005758331364874891,"training/value_mean":-1399.9368896484375,"loss/critic":3.13803218e+07,"_wandb":{"runtime":106},"reward/batch_max":-7293.349493758125,"_step":10,"batch":11,"training/learning_rate":4.999999888744552e-06,"training/advantage_mean":-7.947286206899662e-08}