{"batch":81,"_runtime":2395,"reward/batch_min":-663.7302073806324,"episodes_total":1215,"time/batch_seconds":33.20634937286377,"_timestamp":1.7658263629291694e+09,"exploration/sigma_mean":8.636075973510742,"time/per_episode":2.213756624857585,"loss/policy":1.4493333101272583,"_wandb":{"runtime":2395},"_step":80,"reward/batch_max":-65.8809576687972,"reward/batch_avg":-304.67120032204275}