{
  "observation.state": {
    "mean": [
      -0.012202990241348743,
      -0.7604607939720154,
      1.1902743577957153,
      2.3265187740325928,
      -0.10783792287111282,
      0.32522857189178467
    ],
    "std": [
      0.37078121304512024,
      1.0844773054122925,
      1.2925885915756226,
      0.5107463002204895,
      0.3615451157093048,
      0.16851729154586792
    ],
    "min": [
      -1.2031099796295166,
      -2.5687296390533447,
      -2.3846511840820312,
      1.8950356245040894,
      -1.2696791887283325,
      0.011455526575446129
    ],
    "max": [
      0.8154134154319763,
      1.5877991914749146,
      3.1415927410125732,
      3.1415927410125732,
      1.545863151550293,
      1.2704179286956787
    ]
  },
  "action": {
    "mean": [
      -0.012202990241348743,
      -0.7604607939720154,
      1.1902743577957153,
      2.3265187740325928,
      -0.10783792287111282,
      0.32522857189178467
    ],
    "std": [
      0.37078121304512024,
      1.0844773054122925,
      1.2925885915756226,
      0.5107463002204895,
      0.3615451157093048,
      0.16851729154586792
    ],
    "min": [
      -1.2031099796295166,
      -2.5687296390533447,
      -2.3846511840820312,
      1.8950356245040894,
      -1.2696791887283325,
      0.011455526575446129
    ],
    "max": [
      0.8154134154319763,
      1.5877991914749146,
      3.1415927410125732,
      3.1415927410125732,
      1.545863151550293,
      1.2704179286956787
    ]
  },
  "observation.images.wrist": {
    "mean": [
      [
        [
          0.485
        ]
      ],
      [
        [
          0.456
        ]
      ],
      [
        [
          0.406
        ]
      ]
    ],
    "std": [
      [
        [
          0.229
        ]
      ],
      [
        [
          0.224
        ]
      ],
      [
        [
          0.225
        ]
      ]
    ],
    "min": [
      [
        [
          0.0
        ]
      ],
      [
        [
          0.0
        ]
      ],
      [
        [
          0.0
        ]
      ]
    ],
    "max": [
      [
        [
          1.0
        ]
      ],
      [
        [
          1.0
        ]
      ],
      [
        [
          1.0
        ]
      ]
    ]
  }
}