{
    "episode_index": {
        "min": [
            0
        ],
        "max": [
            99
        ],
        "mean": [
            50.06096418534265
        ],
        "std": [
            28.887775920432382
        ],
        "count": [
            41631
        ],
        "q01": [
            50.06096418534265
        ],
        "q10": [
            50.06096418534265
        ],
        "q50": [
            50.06096418534265
        ],
        "q90": [
            50.06096418534268
        ],
        "q99": [
            50.06096418534268
        ]
    },
    "task_index": {
        "min": [
            0
        ],
        "max": [
            0
        ],
        "mean": [
            0.0
        ],
        "std": [
            0.0
        ],
        "count": [
            41631
        ],
        "q01": [
            3.999999999999418e-16
        ],
        "q10": [
            3.999999999999418e-15
        ],
        "q50": [
            1.9999999999997072e-14
        ],
        "q90": [
            3.599999999999477e-14
        ],
        "q99": [
            3.9599999999994216e-14
        ]
    },
    "frame_index": {
        "min": [
            0
        ],
        "max": [
            815
        ],
        "mean": [
            222.3745285964786
        ],
        "std": [
            146.9771524930145
        ],
        "count": [
            41631
        ],
        "q01": [
            4.013805986978722
        ],
        "q10": [
            44.033146781885165
        ],
        "q50": [
            222.18174672719823
        ],
        "q90": [
            400.64985208914834
        ],
        "q99": [
            440.73525120597867
        ]
    },
    "observation.state": {
        "min": [
            -2.7024245262145996,
            -3.1415927410125732,
            -3.1415927410125732,
            1.1504024267196655,
            -0.9014338254928589,
            0.010193204507231712
        ],
        "max": [
            1.5274574756622314,
            2.718629837036133,
            3.1415927410125732,
            3.1415927410125732,
            1.5888251066207886,
            1.6931267976760864
        ],
        "mean": [
            -0.27166884765527827,
            -0.11291334612586819,
            -0.37430620899557526,
            2.848770811843488,
            -0.023787414743409667,
            0.3197835184189356
        ],
        "std": [
            0.49227061660284893,
            1.4032106035851337,
            1.2911540207794259,
            0.4081763021815017,
            0.33859109719046665,
            0.196588460961414
        ],
        "count": [
            41631
        ],
        "q01": [
            -0.8679636553026536,
            -2.3618972257917177,
            -1.6657284556286445,
            2.571752030792198,
            -0.1641501858341746,
            0.08180513506390275
        ],
        "q10": [
            -0.7922738324134726,
            -2.001934320188802,
            -1.624103771816709,
            2.639682033413292,
            -0.13748301809652147,
            0.08245111339392144
        ],
        "q50": [
            -0.25248558281754896,
            0.09596743511578301,
            -0.43692125545098015,
            2.8538875732466056,
            -0.027012846107308183,
            0.42512575439850014
        ],
        "q90": [
            0.26969339756868765,
            1.4482494395832062,
            1.1478688671027608,
            3.04962234962584,
            0.07877793964877389,
            0.44798186697965187
        ],
        "q99": [
            0.3064465162982866,
            1.5514150421059363,
            1.629449893620772,
            3.068938875286841,
            0.12687116121968983,
            0.46936091418526027
        ]
    },
    "observation.images.wrist": {
        "min": [
            [
                [
                    0.0
                ]
            ],
            [
                [
                    0.0
                ]
            ],
            [
                [
                    0.0
                ]
            ]
        ],
        "max": [
            [
                [
                    1.0
                ]
            ],
            [
                [
                    1.0
                ]
            ],
            [
                [
                    1.0
                ]
            ]
        ],
        "mean": [
            [
                [
                    0.0838144416751545
                ]
            ],
            [
                [
                    0.07918884012098582
                ]
            ],
            [
                [
                    0.09429414211750753
                ]
            ]
        ],
        "std": [
            [
                [
                    0.01648908988453278
                ]
            ],
            [
                [
                    0.01437922287729213
                ]
            ],
            [
                [
                    0.013685489234199757
                ]
            ]
        ],
        "count": [
            10400
        ],
        "q01": [
            [
                [
                    0.0035183829564154703
                ]
            ],
            [
                [
                    0.0012892226396697232
                ]
            ],
            [
                [
                    0.01571859422199491
                ]
            ]
        ],
        "q10": [
            [
                [
                    0.01028089247389011
                ]
            ],
            [
                [
                    0.008512937572908259
                ]
            ],
            [
                [
                    0.02452063162054274
                ]
            ]
        ],
        "q50": [
            [
                [
                    0.03584524783648045
                ]
            ],
            [
                [
                    0.033657436052001166
                ]
            ],
            [
                [
                    0.05096271691716165
                ]
            ]
        ],
        "q90": [
            [
                [
                    0.25046807753485933
                ]
            ],
            [
                [
                    0.2219758579637304
                ]
            ],
            [
                [
                    0.22550582797818672
                ]
            ]
        ],
        "q99": [
            [
                [
                    0.5711029985124328
                ]
            ],
            [
                [
                    0.5764984113644989
                ]
            ],
            [
                [
                    0.5873873008330389
                ]
            ]
        ]
    },
    "timestamp": {
        "min": [
            0.0
        ],
        "max": [
            27.166666666666668
        ],
        "mean": [
            7.412484286549287
        ],
        "std": [
            4.899238416433816
        ],
        "count": [
            41631
        ],
        "q01": [
            0.13379353280435016
        ],
        "q10": [
            1.467771559318638
        ],
        "q50": [
            7.406531155789271
        ],
        "q90": [
            13.35499506971579
        ],
        "q99": [
            14.691175040294219
        ]
    },
    "index": {
        "min": [
            0
        ],
        "max": [
            41630
        ],
        "mean": [
            20815.0
        ],
        "std": [
            12017.834524849586
        ],
        "count": [
            41631
        ],
        "q01": [
            20596.6392773905
        ],
        "q10": [
            20636.65861818541
        ],
        "q50": [
            20814.826507198955
        ],
        "q90": [
            20993.275323492657
        ],
        "q99": [
            21033.3607226095
        ]
    },