{
    "action": {
        "min": [
            -1.003008484840393,
            -2.5164132118225098,
            -2.6009202003479004,
            2.3150346279144287,
            -0.6099063158035278,
            0.026347709819674492
        ],
        "max": [
            0.5502790212631226,
            2.0874195098876953,
            2.427335739135742,
            3.1415927410125732,
            1.5888251066207886,
            0.8477089405059814
        ],
        "mean": [
            -0.16722367162807122,
            0.2263503363089706,
            -0.38237539412848154,
            3.1150287723579577,
            0.21227947706427738,
            0.28809944952254285
        ],
        "std": [
            0.3543073280224169,
            1.1593651907251787,
            1.193112136899788,
            0.11160092358700613,
            0.3872279655479609,
            0.18211551050167052
        ],
        "count": [
            7467
        ],
        "q01": [
            -0.5243502787972932,
            -1.7426701675936416,
            -1.6398417154836233,
            3.0437452653211747,
            -0.15277716985767356,
            0.042523980241214496
        ],
        "q10": [
            -0.49028526895459645,
            -1.4240520924180786,
            -1.6285992288192814,
            3.0462743565930883,
            -0.08163187658793365,
            0.042523980241214496
        ],
        "q50": [
            -0.1780745751641784,
            0.45152503642660147,
            -0.3353214026800757,
            3.128885274164069,
            0.2400494232505493,
            0.4217276023779643
        ],
        "q90": [
            0.20963634806975448,
            1.5608665636268984,
            1.0208382212620775,
            3.140723943225267,
            0.4196317416559009,
            0.4226632396045444
        ],
        "q99": [
            0.22864908172439183,
            1.6127296020435695,
            1.3590592730683386,
            3.140738017044054,
            0.49263540854918475,
            0.4690056782796049
        ]
    },
    "observation.images.wrist": {
        "min": [
            [
                [
                    0.0
                ]
            ],
            [
                [
                    0.0
                ]
            ],
            [
                [
                    0.0
                ]
            ]
        ],
        "max": [
            [
                [
                    1.0
                ]
            ],
            [
                [
                    1.0
                ]
            ],
            [
                [
                    1.0
                ]
            ]
        ],
        "mean": [
            [
                [
                    0.06675562647263333
                ]
            ],
            [
                [
                    0.06467808695961767
                ]
            ],
            [
                [
                    0.08254274946847913
                ]
            ]
        ],
        "std": [
            [
                [
                    0.013377719421953286
                ]
            ],
            [
                [
                    0.013586024594376033
                ]
            ],
            [
                [
                    0.014568541209810961
                ]
            ]
        ],
        "count": [
            1749
        ],
        "q01": [
            [
                [
                    0.0031616290308818873
                ]
            ],
            [
                [
                    0.00021763057365197568
                ]
            ],
            [
                [
                    0.017368049860291265
                ]
            ]
        ],
        "q10": [
            [
                [
                    0.0067164914367402176
                ]
            ],
            [
                [
                    0.005818056389074085
                ]
            ],
            [
                [
                    0.023343489445001763
                ]
            ]
        ],
        "q50": [
            [
                [
                    0.026169072356715766
                ]
            ],
            [
                [
                    0.024305973150722426
                ]
            ],
            [
                [
                    0.04413332831744733
                ]
            ]
        ],
        "q90": [
            [
                [
                    0.1985221606527815
                ]
            ],
            [
                [
                    0.18426670163729647
                ]
            ],
            [
                [
                    0.19812366033085876
                ]
            ]
        ],
        "q99": [
            [
                [
                    0.5235279584222147
                ]
            ],
            [
                [
                    0.5273434437026803
                ]
            ],
            [
                [
                    0.534094709310527
                ]
            ]
        ]
    },
    "task_index": {
        "min": [
            0
        ],
        "max": [
            0
        ],
        "mean": [
            0.0
        ],
        "std": [
            0.0
        ],
        "count": [
            7467
        ],
        "q01": [
            3.999999999999417e-16
        ],
        "q10": [
            3.999999999999417e-15
        ],
        "q50": [
            1.9999999999997088e-14
        ],
        "q90": [
            3.599999999999476e-14
        ],
        "q99": [
            3.9599999999994235e-14
        ]
    },
    "frame_index": {
        "min": [
            0
        ],
        "max": [
            733
        ],
        "mean": [
            228.07191643230212
        ],
        "std": [
            144.62531186868992
        ],
        "count": [
            7467
        ],
        "q01": [
            4.054808414526119
        ],
        "q10": [
            45.20271797501021
        ],
        "q50": [
            227.87750523637328
        ],
        "q90": [
            410.941114889594
        ],
        "q99": [
            452.08902445007817
        ]
    },
    "index": {
        "min": [
            0
        ],
        "max": [
            7466
        ],
        "mean": [
            3733.0
        ],
        "std": [
            2155.5372106894065
        ],
        "count": [
            7467
        ],
        "q01": [
            3508.982891982224
        ],
        "q10": [
            3550.130801542708
        ],
        "q50": [
            3732.8055888040717
        ],
        "q90": [
            3915.869198457292
        ],
        "q99": [
            3957.017108017776
        ]
    },
    "observation.state": {
        "min": [
            -1.003008484840393,
            -2.5164132118225098,
            -2.6009202003479004,
            2.3150346279144287,
            -0.6099063158035278,
            0.026347709819674492
        ],
        "max": [
            0.5502790212631226,
            2.0874195098876953,
            2.427335739135742,
            3.1415927410125732,
            1.5888251066207886,
            0.8477089405059814
        ],
        "mean": [
            -0.16722367162807122,
            0.2263503363089706,
            -0.38237539412848154,
            3.1150287723579577,
            0.21227947706427738,
            0.28809944952254285
        ],
        "std": [
            0.3543073280224169,
            1.1593651907251787,
            1.193112136899788,
            0.11160092358700613,
            0.3872279655479609,
            0.18211551050167052
        ],
        "count": [
            7467
        ],