{
  "observation.state": {
    "mean": [
      -0.07239534705877304,
      -0.9460843205451965,
      1.6217999458312988,
      1.9289709329605103,
      -0.11847134679555893,
      0.3329368829727173
    ],
    "std": [
      0.40571945905685425,
      0.9754629731178284,
      1.0181126594543457,
      0.0029880928341299295,
      0.4060719907283783,
      0.14819855988025665
    ],
    "min": [
      -1.2031099796295166,
      -2.553034543991089,
      -0.6601897478103638,
      1.8950356245040894,
      -1.2696791887283325,
      0.06644204258918762
    ],
    "max": [
      0.7578842639923096,
      1.0175517797470093,
      3.1415927410125732,
      1.9319955110549927,
      1.545863151550293,
      0.8477089405059814
    ]
  },
  "action": {
    "mean": [
      -0.07239534705877304,
      -0.9460843205451965,
      1.6217999458312988,
      1.9289709329605103,
      -0.11847134679555893,
      0.3329368829727173
    ],
    "std": [
      0.40571945905685425,
      0.9754629731178284,
      1.0181126594543457,
      0.0029880928341299295,
      0.4060719907283783,
      0.14819855988025665
    ],
    "min": [
      -1.2031099796295166,
      -2.553034543991089,
      -0.6601897478103638,
      1.8950356245040894,
      -1.2696791887283325,
      0.06644204258918762
    ],
    "max": [
      0.7578842639923096,
      1.0175517797470093,
      3.1415927410125732,
      1.9319955110549927,
      1.545863151550293,
      0.8477089405059814
    ]
  },
  "observation.images.wrist": {
    "mean": [
      [
        [
          0.485
        ]
      ],
      [
        [
          0.456
        ]
      ],
      [
        [
          0.406
        ]
      ]
    ],
    "std": [
      [
        [
          0.229
        ]
      ],
      [
        [
          0.224
        ]
      ],
      [
        [
          0.225
        ]
      ]
    ],
    "min": [
      [
        [
          0.0
        ]
      ],
      [
        [
          0.0
        ]
      ],
      [
        [
          0.0
        ]
      ]
    ],
    "max": [
      [
        [
          1.0
        ]
      ],
      [
        [
          1.0
        ]
      ],
      [
        [
          1.0
        ]
      ]
    ]
  }
}