{
  "observation.state": {
    "mean": [
      -0.006113966461271048,
      -0.6840119957923889,
      1.0641082525253296,
      2.402026414871216,
      -0.09925361722707748,
      0.31994736194610596
    ],
    "std": [
      0.3724209666252136,
      1.0764176845550537,
      1.3063045740127563,
      0.5043741464614868,
      0.33289867639541626,
      0.15899904072284698
    ],
    "min": [
      -1.2031099796295166,
      -2.5687296390533447,
      -2.3846511840820312,
      1.8950356245040894,
      -1.2696791887283325,
      0.011455526575446129
    ],
    "max": [
      0.8154134154319763,
      1.5877991914749146,
      3.1415927410125732,
      3.1415927410125732,
      1.545863151550293,
      0.8477089405059814
    ]
  },
  "action": {
    "mean": [
      -0.006113966461271048,
      -0.6840119957923889,
      1.0641082525253296,
      2.402026414871216,
      -0.09925361722707748,
      0.31994736194610596
    ],
    "std": [
      0.3724209666252136,
      1.0764176845550537,
      1.3063045740127563,
      0.5043741464614868,
      0.33289867639541626,
      0.15899904072284698
    ],
    "min": [
      -1.2031099796295166,
      -2.5687296390533447,
      -2.3846511840820312,
      1.8950356245040894,
      -1.2696791887283325,
      0.011455526575446129
    ],
    "max": [
      0.8154134154319763,
      1.5877991914749146,
      3.1415927410125732,
      3.1415927410125732,
      1.545863151550293,
      0.8477089405059814
    ]
  },
  "observation.images.wrist": {
    "mean": [
      [
        [
          0.485
        ]
      ],
      [
        [
          0.456
        ]
      ],
      [
        [
          0.406
        ]
      ]
    ],
    "std": [
      [
        [
          0.229
        ]
      ],
      [
        [
          0.224
        ]
      ],
      [
        [
          0.225
        ]
      ]
    ],
    "min": [
      [
        [
          0.0
        ]
      ],
      [
        [
          0.0
        ]
      ],
      [
        [
          0.0
        ]
      ]
    ],
    "max": [
      [
        [
          1.0
        ]
      ],
      [
        [
          1.0
        ]
      ],
      [
        [
          1.0
        ]
      ]
    ]
  }
}