{
  "observation.state": {
    "mean": [
      -0.20957154035568237,
      -0.7812080383300781,
      1.6604737043380737,
      1.9270000457763672,
      -0.24601760506629944,
      0.34438809752464294
    ],
    "std": [
      0.352915495634079,
      0.8357524275779724,
      0.9075557589530945,
      0.005767341703176498,
      0.15220694243907928,
      0.1582300066947937
    ],
    "min": [
      -0.6428259015083313,
      -2.5033340454101562,
      -0.6601897478103638,
      1.8950356245040894,
      -0.3398596942424774,
      0.12028302997350693
    ],
    "max": [
      0.5377726554870605,
      0.580710768699646,
      3.1415927410125732,
      1.928635597229004,
      0.016110733151435852,
      0.8477089405059814
    ]
  },
  "action": {
    "mean": [
      -0.20957154035568237,
      -0.7812080383300781,
      1.6604737043380737,
      1.9270000457763672,
      -0.24601760506629944,
      0.34438809752464294
    ],
    "std": [
      0.352915495634079,
      0.8357524275779724,
      0.9075557589530945,
      0.005767341703176498,
      0.15220694243907928,
      0.1582300066947937
    ],
    "min": [
      -0.6428259015083313,
      -2.5033340454101562,
      -0.6601897478103638,
      1.8950356245040894,
      -0.3398596942424774,
      0.12028302997350693
    ],
    "max": [
      0.5377726554870605,
      0.580710768699646,
      3.1415927410125732,
      1.928635597229004,
      0.016110733151435852,
      0.8477089405059814
    ]
  },
  "observation.images.wrist": {
    "mean": [
      [
        [
          0.485
        ]
      ],
      [
        [
          0.456
        ]
      ],
      [
        [
          0.406
        ]
      ]
    ],
    "std": [
      [
        [
          0.229
        ]
      ],
      [
        [
          0.224
        ]
      ],
      [
        [
          0.225
        ]
      ]
    ],
    "min": [
      [
        [
          0.0
        ]
      ],
      [
        [
          0.0
        ]
      ],
      [
        [
          0.0
        ]
      ]
    ],
    "max": [
      [
        [
          1.0
        ]
      ],
      [
        [
          1.0
        ]
      ],
      [
        [
          1.0
        ]
      ]
    ]
  }
}