{
    "index": {
        "min": [
            0
        ],
        "max": [
            19206
        ],
        "mean": [
            9603.0
        ],
        "std": [
            5544.5833026477285
        ],
        "count": [
            19207
        ],
        "q01": [
            9403.961176731094
        ],
        "q10": [
            9440.469709020588
        ],
        "q50": [
            9602.823573332644
        ],
        "q90": [
            9765.489695571492
        ],
        "q99": [
            9802.03882326891
        ]
    },
    "frame_index": {
        "min": [
            0
        ],
        "max": [
            733
        ],
        "mean": [
            202.62086739209664
        ],
        "std": [
            131.75740828592149
        ],
        "count": [
            19207
        ],
        "q01": [
            3.582044123190139
        ],
        "q10": [
            40.09057641268597
        ],
        "q50": [
            202.43461187067192
        ],
        "q90": [
            365.1105629635831
        ],
        "q99": [
            401.65969066100314
        ]
    },
    "action": {
        "min": [
            -1.003008484840393,
            -2.5164132118225098,
            -2.8854846954345703,
            2.106715202331543,
            -0.9014338254928589,
            0.011455526575446129
        ],
        "max": [
            0.6478284597396851,
            2.581808567047119,
            2.427335739135742,
            3.1415927410125732,
            1.5888251066207886,
            1.6931267976760864
        ],
        "mean": [
            -0.1453072444888353,
            0.23720190980460615,
            -0.5169884954172499,
            3.118269052970737,
            0.14607772275507946,
            0.32278830317130913
        ],
        "std": [
            0.35774165774815464,
            1.1966910975550524,
            1.1998814899049153,
            0.11089634354822223,
            0.3764931261580937,
            0.2389516529458713
        ],
        "count": [
            19207
        ],
        "q01": [
            -0.5133811726699932,
            -1.8729761703656733,
            -1.7140855641003396,
            3.055381260983245,
            -0.07010618379901172,
            0.06473937761117095
        ],
        "q10": [
            -0.47652517833472285,
            -1.4920748757997633,
            -1.7013961458255644,
            3.0712669005288324,
            -0.029785419493767947,
            0.06547523321457653
        ],
        "q50": [
            -0.14980088500371322,
            0.45876336923212935,
            -0.4164629384534222,
            3.128734860438409,
            0.1544484855185647,
            0.4297854811655673
        ],
        "q90": [
            0.22209691244285534,
            1.6185540166720538,
            0.7930873178201969,
            3.141253100387452,
            0.2843493142853252,
            0.4768206974217879
        ],
        "q99": [
            0.24759305190060277,
            1.6638029196340696,
            1.1672782070966568,
            3.1412602663776052,
            0.35234160467438447,
            0.5083587006580168
        ]
    },
    "task_index": {
        "min": [
            0
        ],
        "max": [
            0
        ],
        "mean": [
            0.0
        ],
        "std": [
            0.0
        ],
        "count": [
            19207
        ],
        "q01": [
            3.999999999999418e-16
        ],
        "q10": [
            3.999999999999416e-15
        ],
        "q50": [
            1.9999999999997084e-14
        ],
        "q90": [
            3.5999999999994766e-14
        ],
        "q99": [
            3.9599999999994235e-14
        ]
    },
    "episode_index": {
        "min": [
            0
        ],
        "max": [
            49
        ],
        "mean": [
            22.923100952777634
        ],
        "std": [
            14.25912383685422
        ],
        "count": [
            19207
        ],
        "q01": [
            22.923100952777634
        ],
        "q10": [
            22.92310095277764
        ],
        "q50": [
            22.92310095277765
        ],
        "q90": [
            22.923100952777656
        ],
        "q99": [
            22.92310095277767
        ]
    },
    "observation.state": {
        "min": [
            -1.003008484840393,
            -2.5164132118225098,
            -2.8854846954345703,
            2.106715202331543,
            -0.9014338254928589,
            0.011455526575446129
        ],
        "max": [
            0.6478284597396851,
            2.581808567047119,
            2.427335739135742,
            3.1415927410125732,
            1.5888251066207886,
            1.6931267976760864
        ],
        "mean": [
            -0.1453072444888353,
            0.23720190980460615,
            -0.5169884954172499,
            3.118269052970737,
            0.14607772275507946,
            0.32278830317130913
        ],
        "std": [
            0.35774165774815464,
            1.1966910975550524,
            1.1998814899049153,
            0.11089634354822223,
            0.3764931261580937,
            0.2389516529458713
        ],
        "count": [
            19207
        ],
        "q01": [
            -0.5133811726699932,
            -1.8729761703656733,
            -1.7140855641003396,
            3.055381260983245,
            -0.07010618379901172,
            0.06473937761117095
        ],
        "q10": [
            -0.47652517833472285,
            -1.4920748757997633,
            -1.7013961458255644,
            3.0712669005288324,
            -0.029785419493767947,
            0.06547523321457653
        ],
        "q50": [
            -0.14980088500371322,
            0.45876336923212935,
            -0.4164629384534222,
            3.128734860438409,
            0.1544484855185647,
            0.4297854811655673
        ],
        "q90": [
            0.22209691244285534,
            1.6185540166720538,
            0.7930873178201969,
            3.141253100387452,
            0.2843493142853252,
            0.4768206974217879
        ],
        "q99": [
            0.24759305190060277,
            1.6638029196340696,
            1.1672782070966568,
            3.1412602663776052,
            0.35234160467438447,
            0.5083587006580168
        ]
    },
    "timestamp": {
        "min": [
            0.0
        ],
        "max": [
            24.433333333333334
        ],
        "mean": [
            6.754028913069885
        ],
        "std": [
            4.39191360953072
        ],
        "count": [
            19207
        ],
        "q01": [
            0.119401470678034
        ],
        "q10": [
            1.336352547011983
        ],
        "q50": [
            6.747874012946573
        ],
        "q90": [
            12.170352098863633
        ],
        "q99": [
            13.388656355461737
        ]
    },
    "observation.images.wrist": {
        "min": [
            [
                [
                    0.0
                ]
            ],
            [
                [
                    0.0
                ]
            ],
            [
                [
                    0.0
                ]
            ]
        ],
        "max": [
            [
                [
                    1.0
                ]
            ],
            [
                [
                    1.0
                ]
            ],
            [
                [
                    1.0
                ]
            ]
        ],
        "mean": [
            [
                [
                    0.07526335132228118
                ]
            ],
            [
                [
                    0.07326825219680477
                ]
            ],
            [
                [
                    0.09260482954434307
                ]
            ]
        ],