{"_step":8,"time/batch_seconds":224.42629146575928,"reward/batch_min":-2941.6609212972967,"_wandb.runtime":81,"loss/policy":0.588703453540802,"_wandb":{"runtime":1710},"batch":5,"exploration/sigma_mean":0.49445828795433044,"episodes_total":200,"time/per_episode":5.610657286643982,"reward/batch_max":-870.1879011503155,"_runtime":1710,"reward/batch_avg":-1627.9303873055965,"_timestamp":1.7659335502744913e+09}