{"_timestamp":1.7659258081555076e+09,"_step":3035,"_runtime":72630,"reward/batch_avg":-2667.3977369772665,"reward/batch_min":-3728.0569634611065,"exploration/sigma_mean":0.33416324853897095,"time/per_episode":7.278126668930054,"loss/policy":1.8792637586593628,"_wandb":{"runtime":72630},"time/batch_seconds":72.78126668930054,"batch":1,"reward/batch_max":-1906.9694156772164,"_wandb.runtime":18034,"episodes_total":10}