{
  "observation.state": {
    "mean": [
      0.5230163931846619,
      -0.38225114345550537,
      0.431212842464447,
      1.3260486125946045,
      0.17363370954990387,
      0.21393786370754242
    ],
    "std": [
      0.6834936738014221,
      0.709545910358429,
      0.6148670315742493,
      0.12063908576965332,
      0.7708991169929504,
      0.2701249122619629
    ],
    "min": [
      -0.8317892551422119,
      -1.7488809823989868,
      -0.493100643157959,
      0.8501829504966736,
      -0.8166447877883911,
      -0.1778576374053955
    ],
    "max": [
      1.6250730752944946,
      0.5658093690872192,
      1.5853257179260254,
      1.5385451316833496,
      1.6011029481887817,
      1.065271258354187
    ]
  },
  "action": {
    "mean": [
      0.5256490111351013,
      -0.39338648319244385,
      0.40932929515838623,
      1.3260364532470703,
      0.17452046275138855,
      0.2114514261484146
    ],
    "std": [
      0.6838047504425049,
      0.6953716278076172,
      0.6095423698425293,
      0.11938654631376266,
      0.7729100584983826,
      0.27346861362457275
    ],
    "min": [
      -0.7672611474990845,
      -1.7453292608261108,
      -0.4464592933654785,
      0.8507620096206665,
      -0.7772079706192017,
      -0.17453297972679138
    ],
    "max": [
      1.6124138832092285,
      0.5289921760559082,
      1.5535403490066528,
      1.5377552509307861,
      1.5805974006652832,
      0.9822140336036682
    ]
  },
  "observation.images.camera1": {
    "mean": [
      [
        [
          0.485
        ]
      ],
      [
        [
          0.456
        ]
      ],
      [
        [
          0.406
        ]
      ]
    ],
    "std": [
      [
        [
          0.229
        ]
      ],
      [
        [
          0.224
        ]
      ],
      [
        [
          0.225
        ]
      ]
    ],
    "min": [
      [
        [
          0.0
        ]
      ],
      [
        [
          0.0
        ]
      ],
      [
        [
          0.0
        ]
      ]
    ],
    "max": [
      [
        [
          1.0
        ]
      ],
      [
        [
          1.0
        ]
      ],
      [
        [
          1.0
        ]
      ]
    ]
  },
  "observation.images.camera2": {
    "mean": [
      [
        [
          0.485
        ]
      ],
      [
        [
          0.456
        ]
      ],
      [
        [
          0.406
        ]
      ]
    ],
    "std": [
      [
        [
          0.229
        ]
      ],
      [
        [
          0.224
        ]
      ],
      [
        [
          0.225
        ]
      ]
    ],
    "min": [
      [
        [
          0.0
        ]
      ],
      [
        [
          0.0
        ]
      ],
      [
        [
          0.0
        ]
      ]
    ],
    "max": [
      [
        [
          1.0
        ]
      ],
      [
        [
          1.0
        ]
      ],
      [
        [
          1.0
        ]
      ]
    ]
  }
}