{"_runtime":165,"actions/mean":0.14472469687461853,"gradients/policy_clipped":1,"ppo/ratio_std":0.2655036449432373,"critic/value_min":-20.853601455688477,"advantage/std":1.0460654497146606,"critic/return_mean":-91.46568298339844,"loss/entropy":0,"gradients/critic_norm":228.50949096679688,"advantage/min":-1.6159484386444092,"logprob/per_dimension":-3.769506022135417,"actions/saturation_low":0.04466666653752327,"logprob/new_mean":-1130.851806640625,"ppo/ratio_min":0.8247895836830139,"_timestamp":1.7675985812579644e+09,"reward/positive_fraction":0,"advantage/mean":-0.09042999148368835,"gradients/critic_clipped":1,"reward/batch_avg":-26.25132094942838,"advantage/max":1.795494794845581,"critic/return_std":46.103763580322266,"critic/explained_variance":0.11488169431686401,"gradients/policy_norm":14.09738826751709,"actions/std":0.5775828957557678,"episodes_total":60,"training/learning_rate":3.2e-07,"loss/critic":3426.5151245117186,"training/sigma_min":0.25,"training/effective_batch_size":120,"training/clip_fraction":0.8333333730697632,"critic/value_std":3.5077202320098877,"logprob/drift":-0.0125732421875,"loss/policy":-0.0011400296352803707,"ppo/ratio_max":1.515724539756775,"critic/value_max":-11.861889839172363,"reward/batch_max":-18.980752733746677,"reward/std":2.9838979244232178,"ppo/ratio_mean":1.0122833251953125,"_step":5,"training/kl_divergence":0.010918210598174483,"critic/value_mean":-18.882709503173828,"training/sigma_max":0.5,"batch":6,"actions/saturation_high":0.10400000214576721,"reward/batch_min":-33.968617384591866,"time/batch_seconds":25.315389156341553,"logprob/old_mean":-1130.8392333984375,"_wandb":{"runtime":165}}