{"episodes_total":20,"actions/saturation_high":0.1133333295583725,"reward/batch_avg":-28.706492492546023,"loss/policy":0.012866427656263113,"reward/std":4.412505626678467,"actions/saturation_low":0.03733333200216293,"logprob/drift":-0.0721435546875,"actions/std":0.5726595520973206,"critic/value_max":-7.298470973968506,"reward/positive_fraction":0,"critic/value_mean":-17.727645874023438,"logprob/per_dimension":-3.7549405924479164,"time/batch_seconds":24.86713480949402,"training/clip_fraction":0.5,"actions/mean":0.16119146347045898,"critic/explained_variance":0.019781768321990967,"logprob/new_mean":-1126.482177734375,"critic/return_std":47.68138122558594,"ppo/ratio_max":1.031113862991333,"training/sigma_min":0.25,"gradients/critic_norm":0,"batch":2,"gradients/policy_norm":14.361015319824219,"advantage/std":0.8947698473930359,"ppo/ratio_mean":0.9354068636894226,"ppo/ratio_std":0.10251355916261673,"reward/batch_max":-17.256825934274662,"advantage/min":-1.484511375427246,"gradients/policy_clipped":1,"training/effective_batch_size":120,"critic/value_min":-8.804095268249512,"_wandb":{"runtime":84},"_step":1,"ppo/ratio_min":0.7578864693641663,"loss/critic":4761.996868896485,"training/sigma_max":0.5,"critic/value_std":0.5610112547874451,"advantage/max":1.6713430881500244,"_timestamp":1.7676023432156217e+09,"gradients/critic_clipped":0,"advantage/mean":-0.36334702372550964,"logprob/old_mean":-1126.4100341796875,"critic/return_mean":-110.83280944824219,"training/learning_rate":1.4e-07,"reward/batch_min":-47.52721698927557,"loss/entropy":0,"_runtime":84,"training/kl_divergence":0.007841314445249737}