{"training/clip_fraction":1,"_timestamp":1.766967583342399e+09,"training/kl_divergence":7.482484340667725,"_wandb.runtime":243,"training/value_mean":-60.58099365234375,"_runtime":597,"loss/policy":16.953927993774414,"training/sigma_min":0.02,"training/learning_rate":2.9999992597797375e-06,"_wandb":{"runtime":597},"reward/avg":-40.23479197143371,"episode":4,"loss/critic":542.1874389648438,"_step":2,"time/episode_seconds":43.36841797828674,"reward/episode":-40.23479197143371,"training/advantage_mean":-1.9868215517249155e-08,"training/sigma_max":0.04,"loss/entropy":-565.10546875}