{"logprob/drift":0.0458984375,"critic/value_min":-168.48397827148438,"advantage/std":1.222298264503479,"loss/entropy":0,"training/effective_batch_size":120,"gradients/policy_norm":12.423455238342285,"reward/positive_fraction":0,"reward/contact_rate":0.06133333333333333,"actions/saturation_high":0.16333332657814026,"training/sigma_min":0.25,"training/kl_divergence":0.02097496376372874,"actions/saturation_low":0.02033333294093609,"batch":171,"_step":399,"critic/value_max":-14.007177352905273,"ppo/ratio_min":0.5947993397712708,"reward/batch_avg":-21.072466100196188,"episodes_total":1710,"gradients/policy_clipped":1,"gradients/critic_clipped":1,"loss/critic":336.3976146697998,"advantage/max":2.0336365699768066,"critic/explained_variance":0.8117954730987549,"training/sigma_max":0.5,"advantage/mean":0.308877557516098,"time/batch_seconds":38.17696022987366,"loss/policy":-0.0124929080135189,"logprob/per_dimension":-3.6317403157552084,"ppo/ratio_mean":1.0856101512908936,"ppo/ratio_max":1.3995932340621948,"_wandb":{"runtime":15797},"_timestamp":1.7678443258474207e+09,"_runtime":15797,"critic/value_std":58.111732482910156,"reward/batch_max":-10.776109379928421,"advantage/min":-1.2741643190383911,"actions/std":0.5483823418617249,"reward/batch_min":-31.481116792435465,"reward/std":3.2878153324127197,"reward/contact_count_avg":9.2,"critic/value_mean":-94.95735931396484,"logprob/old_mean":-1089.5679931640625,"_wandb.runtime":9095,"critic/return_std":58.03694534301758,"training/learning_rate":9.855426537708717e-07,"ppo/ratio_std":0.2907104194164276,"logprob/new_mean":-1089.5220947265625,"actions/mean":0.29122433066368103,"critic/return_mean":-90.5606689453125,"training/clip_fraction":0.6666666865348816,"reward/contact_count_max":25,"gradients/critic_norm":871.1366577148438}