{"loss/policy":-20209.5,"exploration/sigma_mean":0.4966896176338196,"reward/batch_max":-10.368482949864061,"episodes_total":70,"reward/batch_avg":-16.014751802128554,"batch":7,"reward/batch_min":-18.595622173460974,"_runtime":189,"_wandb":{"runtime":189},"time/batch_seconds":25.425928354263306,"_step":6,"time/per_episode":2.5425928354263307,"_timestamp":1.7660344645402489e+09,"reward/baseline":-1.2079966646510907}