{"time/batch_seconds":24.105090856552124,"time/per_episode":2.4105090856552125,"_wandb":{"runtime":175},"_step":5,"batch":6,"episodes_total":60,"_timestamp":1.7657834423851736e+09,"exploration/sigma_mean":0.48388153314590454,"reward/batch_min":-920.7273731620509,"_runtime":175,"loss/policy":-7.318023681640625,"reward/batch_avg":-555.2803112895075,"reward/batch_max":-59.799599799140076}