{"batch":447,"exploration/sigma_mean":0.31614378094673157,"time/batch_seconds":23.657479524612427,"_timestamp":1.7659251524801183e+09,"_wandb.runtime":18034,"reward/batch_max":-266.92766253593396,"reward/batch_avg":-726.5606504398544,"reward/batch_min":-1163.9364806762105,"loss/policy":4.135559558868408,"episodes_total":4470,"_wandb":{"runtime":72301},"time/per_episode":2.3657479524612426,"_step":3021,"_runtime":72301}