{"episodes_total":1160,"critic/value_max":0.55086749792099,"reward/grasp_count_max":0,"reward/height_align_rate":0.38133333333333336,"advantage/std":1.1182281970977783,"training/kl_divergence":0.012035766104236244,"critic/explained_variance":0.6970100998878479,"ppo/ratio_max":1.183910846710205,"_wandb":{"runtime":1474},"reward/grasp_count_avg":0,"_runtime":1474,"critic/return_std":63.330745697021484,"ppo/ratio_mean":1.0069429874420166,"reward/contact_count_avg":5.8,"actions/mean":0.20928148925304413,"reward/sustained_count_max":6,"reward/sustained_count_avg":1.2,"reward/contact_rate":0.03866666666666667,"reward/grasp_rate":0,"critic/value_min":-136.91656494140625,"logprob/per_dimension":-3.7075240071614584,"reward/height_align_count_max":93,"_timestamp":1.7679145195302062e+09,"advantage/mean":-0.5407819747924805,"actions/std":0.5696309804916382,"critic/return_mean":-115.1538314819336,"training/clip_fraction":0.5,"loss/critic":2108.4793334960937,"reward/std":6.411382675170898,"reward/batch_max":-15.376904185090147,"critic/value_mean":-41.184207916259766,"gradients/policy_clipped":1,"reward/positive_fraction":0,"training/learning_rate":9.937140034190918e-07,"critic/value_std":54.85741424560547,"reward/batch_min":-63.17067517184933,"reward/sustained_contact_rate":0.008,"training/sigma_max":0.5,"training/effective_batch_size":120,"loss/entropy":0,"ppo/ratio_std":0.0972713977098465,"reward/batch_avg":-30.05933423066283,"reward/contact_count_max":17,"reward/height_align_count_avg":57.2,"training/sigma_min":0.25,"gradients/policy_norm":27.724632263183594,"ppo/ratio_min":0.9121791124343872,"gradients/critic_clipped":1,"advantage/max":2.3465347290039062,"logprob/drift":0.003173828125,"_step":115,"actions/saturation_high":0.1303333342075348,"batch":116,"time/batch_seconds":12.112945556640625,"advantage/min":-1.9525604248046875,"logprob/old_mean":-1112.2603759765625,"logprob/new_mean":-1112.2572021484375,"gradients/critic_norm":9046.0703125,"loss/policy":0.026479139737784863,"actions/saturation_low":0.035999998450279236}