{"_step":2574,"reward/batch_max":-166.732663377207,"reward/batch_min":-1336.790124288464,"batch":7,"reward/batch_avg":-764.5592137841093,"exploration/sigma_mean":0.3022685647010803,"loss/policy":-5.692521572113037,"_runtime":61216,"_wandb.runtime":18034,"_wandb":{"runtime":61216},"time/batch_seconds":23.171846628189087,"time/per_episode":2.317184662818909,"_timestamp":1.765913993440395e+09,"episodes_total":70}