{"_wandb":{"runtime":2695},"_runtime":2695,"loss/policy":4.056125164031982,"batch":115,"_timestamp":1.7658507878160355e+09,"episodes_total":1150,"time/per_episode":2.351490020751953,"_step":114,"reward/batch_avg":-655.8280602454364,"exploration/sigma_mean":0.3569454550743103,"reward/batch_max":-113.7538490285029,"reward/batch_min":-1065.722979889095,"time/batch_seconds":23.51490020751953}