{"_step":243,"exploration/sigma_mean":0.5146914720535278,"_wandb":{"runtime":6023},"reward/batch_max":-10.692051104712576,"_runtime":6023,"time/batch_seconds":26.60162925720215,"_timestamp":1.7660323086920328e+09,"_wandb.runtime":4384,"episodes_total":60,"reward/batch_avg":-14.008100906208497,"batch":6,"time/per_episode":2.660162925720215,"loss/policy":4.995580196380615,"reward/batch_min":-17.575084946925635}