step,boundary,start_monotonic,lateness_ms,overrun,reanchored,measured_act_shoulder_pan,measured_act_shoulder_lift,measured_act_elbow_flex,measured_act_wrist_flex,measured_act_wrist_roll,measured_act_gripper,policy_act_shoulder_pan,policy_act_shoulder_lift,policy_act_elbow_flex,policy_act_wrist_flex,policy_act_wrist_roll,policy_act_gripper,requested_act_shoulder_pan,requested_act_shoulder_lift,requested_act_elbow_flex,requested_act_wrist_flex,requested_act_wrist_roll,requested_act_gripper,executed_act_shoulder_pan,executed_act_shoulder_lift,executed_act_elbow_flex,executed_act_wrist_flex,executed_act_wrist_roll,executed_act_gripper,sent_physical_shoulder_pan,sent_physical_shoulder_lift,sent_physical_elbow_flex,sent_physical_wrist_flex,sent_physical_wrist_roll,sent_physical_gripper,returned_physical_shoulder_pan,returned_physical_shoulder_lift,returned_physical_elbow_flex,returned_physical_wrist_flex,returned_physical_wrist_roll,returned_physical_gripper,raw_goal_ticks_shoulder_pan,raw_goal_ticks_shoulder_lift,raw_goal_ticks_elbow_flex,raw_goal_ticks_wrist_flex,raw_goal_ticks_wrist_roll,raw_goal_ticks_gripper,hold_reason,consecutive_holds,frame_seq,frame_unix_time,frame_age_ms,read_ms,observe_ms,infer_ms,gate_ms,send_ms,step_ms
0,1,0.0,-5.679,0,0,-0.015493,-2.856502,2.852906,1.373846,-0.034523,0.224265,-0.015984,-2.852267,2.852184,1.370174,-0.034151,0.217154,-0.015984,-2.852267,2.852184,1.370174,-0.034151,0.217154,-0.015984,-2.852267,2.852184,1.370174,-0.034151,0.217154,-0.508797,-90.790474,90.787842,43.613983,-1.087067,12.773788,-0.508797,-90.790474,90.787842,43.613983,-1.087067,12.773788,1947,1047,3064,2502,2025,2105,,0,44,1789030969.082460,34.3,13.10,6.77,2.02,0.81,4.79,33.45
1,0,0.03333333333333333,-29.501,0,0,-0.015493,-2.856502,2.872718,1.373846,-0.034523,0.224265,-0.016113,-2.851680,2.852291,1.369819,-0.034089,0.217720,-0.016113,-2.851680,2.852291,1.369819,-0.034089,0.217720,-0.016113,-2.851680,2.852291,1.369819,-0.034089,0.217720,-0.512901,-90.771782,90.791245,43.602692,-1.085098,12.807047,-0.512901,-90.771782,90.791245,43.602692,-1.085098,12.807047,1947,1047,3064,2502,2025,2106,,0,,,,1.50,,0.02,0.40,1.51,33.10
2,0,0.06666666666666667,-29.315,0,0,-0.015493,-2.856502,2.889699,1.373846,-0.034523,0.224265,-0.016155,-2.851282,2.852408,1.369611,-0.033997,0.218670,-0.016155,-2.851282,2.852408,1.369611,-0.033997,0.218670,-0.016155,-2.851282,2.852408,1.369611,-0.033997,0.218670,-0.514214,-90.759132,90.794968,43.596069,-1.082153,12.862936,-0.514214,-90.759132,90.794968,43.596069,-1.082153,12.862936,1947,1047,3064,2502,2025,2107,,0,,,,1.53,,0.03,0.43,1.69,33.13
3,0,0.1,-29.516,0,0,-0.015493,-2.856502,2.895360,1.373846,-0.034523,0.224265,-0.016143,-2.851119,2.852392,1.369597,-0.033904,0.219812,-0.016143,-2.851119,2.852392,1.369597,-0.033904,0.219812,-0.016143,-2.851119,2.852392,1.369597,-0.033904,0.219812,-0.513832,-90.753944,90.794464,43.595612,-1.079185,12.930143,-0.513832,-90.753944,90.794464,43.595612,-1.079185,12.930143,1947,1047,3064,2502,2025,2108,,0,,,,1.42,,0.02,0.44,1.62,33.24
4,0,0.13333333333333333,-28.420,0,0,-0.015493,-2.856502,2.895360,1.373846,-0.034523,0.224265,-0.016058,-2.851242,2.852154,1.369773,-0.033813,0.221011,-0.016058,-2.851242,2.852154,1.369773,-0.033813,0.221011,-0.016058,-2.851242,2.852154,1.369773,-0.033813,0.221011,-0.511139,-90.757843,90.786865,43.601227,-1.076294,13.000647,-0.511139,-90.757843,90.786865,43.601227,-1.076294,13.000647,1947,1047,3064,2502,2025,2109,,0,,,,1.63,,0.03,0.47,2.20,32.96
5,0,0.16666666666666666,-28.472,0,0,-0.015493,-2.856502,2.898190,1.373846,-0.034523,0.224265,-0.015889,-2.851618,2.851718,1.370178,-0.033707,0.222188,-0.015889,-2.851618,2.851718,1.370178,-0.033707,0.222188,-0.015889,-2.851618,2.851717,1.370178,-0.033707,0.222188,-0.505760,-90.769806,90.772980,43.614120,-1.072922,13.069889,-0.505760,-90.769806,90.772980,43.614120,-1.072922,13.069889,1947,1047,3064,2502,2025,2110,,0,,,,1.40,,0.02,0.86,2.28,33.20
6,0,0.2,-28.819,0,0,-0.015493,-2.856502,2.898190,1.373846,-0.034523,0.224265,-0.015676,-2.852227,2.851126,1.370810,-0.033601,0.223266,-0.015676,-2.852227,2.851126,1.370810,-0.033601,0.223266,-0.015676,-2.852227,2.851126,1.370810,-0.033601,0.223266,-0.498970,-90.789200,90.754181,43.634247,-1.069550,13.133272,-0.498970,-90.789200,90.754181,43.634247,-1.069550,13.133272,1947,1047,3064,2502,2025,2111,,0,,,,1.40,,0.03,0.44,2.33,33.24
7,0,0.23333333333333334,-29.379,0,0,-0.015493,-2.856502,2.898190,1.373846,-0.034523,0.224265,-0.015514,-2.852998,2.850407,1.371605,-0.033494,0.224163,-0.015514,-2.852998,2.850407,1.371605,-0.033494,0.224163,-0.015514,-2.852998,2.850407,1.371605,-0.033494,0.224163,-0.493828,-90.813751,90.731293,43.659531,-1.066132,13.186049,-0.493828,-90.813751,90.731293,43.659531,-1.066132,13.186049,1947,1047,3064,2503,2025,2111,,0,,,,1.60,,0.03,0.40,1.58,33.15
8,0,0.26666666666666666,-28.969,0,0,-0.015493,-2.856502,2.898190,1.373846,-0.034523,0.224265,-0.015398,-2.853840,2.849575,1.372462,-0.033417,0.224856,-0.015398,-2.853840,2.849575,1.372462,-0.033417,0.224856,-0.015398,-2.853840,2.849575,1.372462,-0.033417,0.224856,-0.490135,-90.840546,90.704803,43.686813,-1.063690,13.226801,-0.490135,-90.840546,90.704803,43.686813,-1.063690,13.226801,1948,1046,3063,2503,2025,2112,,0,,,,1.80,,0.03,0.43,1.72,33.12
9,0,0.3,-29.539,0,0,-0.015493,-2.856502,2.898190,1.373846,-0.034523,0.224265,-0.015187,-2.854697,2.848706,1.373347,-0.033356,0.225365,-0.015187,-2.854697,2.848706,1.373347,-0.033356,0.225365,-0.015187,-2.854697,2.848706,1.373347,-0.033356,0.225365,-0.483414,-90.867828,90.677109,43.714981,-1.061768,13.256756,-0.483414,-90.867828,90.677109,43.714981,-1.061768,13.256756,1948,1046,3063,2503,2025,2112,,0,,,,1.54,,0.03,0.39,1.54,33.21
10,0,0.3333333333333333,-29.371,0,0,-0.015493,-2.856502,2.898190,1.373846,-0.034523,0.224265,-0.014769,-2.855649,2.847916,1.374344,-0.033284,0.225632,-0.014769,-2.855649,2.847916,1.374344,-0.033284,0.225632,-0.014769,-2.855649,2.847916,1.374344,-0.033284,0.225632,-0.470123,-90.898148,90.651993,43.746704,-1.059479,13.272470,-0.470123,-90.898148,90.651993,43.746704,-1.059479,13.272470,1948,1046,3063,2504,2025,2113,,0,,,,1.54,,0.03,0.41,1.53,33.08
11,0,0.36666666666666664,-29.420,0,0,-0.015493,-2.856502,2.898190,1.373846,-0.034523,0.224265,-0.014232,-2.856650,2.847252,1.375447,-0.033205,0.225627,-0.014232,-2.856650,2.847252,1.375447,-0.033205,0.225627,-0.014232,-2.856650,2.847253,1.375447,-0.033205,0.225627,-0.453011,-90.929985,90.630859,43.781845,-1.056938,13.272196,-0.453011,-90.929985,90.630859,43.781845,-1.056938,13.272196,1948,1045,3063,2504,2025,2113,,0,,,,1.49,,0.02,0.40,1.56,33.09
12,0,0.4,-29.473,0,0,-0.015493,-2.856502,2.898190,1.373846,-0.034523,0.224265,-0.013763,-2.857588,2.846688,1.376467,-0.033140,0.225404,-0.013763,-2.857588,2.846688,1.376467,-0.033140,0.225404,-0.013763,-2.857588,2.846688,1.376467,-0.033140,0.225404,-0.438080,-90.959839,90.612885,43.814285,-1.054893,13.259086,-0.438080,-90.959839,90.612885,43.814285,-1.054893,13.259086,1948,1045,3062,2504,2025,2112,,0,,,,1.57,,0.02,0.40,1.56,33.24
13,0,0.43333333333333335,-29.426,0,0,-0.015493,-2.856502,2.898190,1.373846,-0.034523,0.224265,-0.013435,-2.858457,2.846256,1.377291,-0.033096,0.225063,-0.013435,-2.858457,2.846256,1.377291,-0.033096,0.225063,-0.013435,-2.858457,2.846256,1.377291,-0.033096,0.225063,-0.427666,-90.987511,90.599152,43.840546,-1.053467,13.238991,-0.427666,-90.987511,90.599152,43.840546,-1.053467,13.238991,1948,1045,3062,2505,2025,2112,,0,,,,1.49,,0.02,0.39,1.54,33.01
14,0,0.4666666666666667,-29.314,0,0,-0.015493,-2.856502,2.898190,1.373846,-0.034523,0.224265,-0.013237,-2.859242,2.846012,1.377921,-0.033054,0.224702,-0.013237,-2.859242,2.846012,1.377921,-0.033054,0.224702,-0.013237,-2.859242,2.846012,1.377921,-0.033054,0.224702,-0.421356,-91.012489,90.591370,43.860580,-1.052132,13.217762,-0.421356,-91.012489,90.591370,43.860580,-1.052132,13.217762,1948,1045,3062,2505,2025,2112,,0,,,,1.50,,0.03,0.47,1.66,33.14
15,0,0.5,-29.508,0,0,-0.015493,-2.856502,2.898190,1.373846,-0.034523,0.224265,-0.013106,-2.859990,2.845962,1.378385,-0.033016,0.224439,-0.013106,-2.859990,2.845962,1.378385,-0.033016,0.224439,-0.013106,-2.859990,2.845962,1.378385,-0.033016,0.224439,-0.417175,-91.036308,90.589783,43.875366,-1.050926,13.202322,-0.417175,-91.036308,90.589783,43.875366,-1.050926,13.202322,1948,1044,3062,2505,2025,2112,,0,,,,1.39,,0.03,0.42,1.63,33.14
16,0,0.5333333333333333,-29.432,0,0,-0.015493,-2.856502,2.898190,1.373846,-0.034523,0.224265,-0.013002,-2.860684,2.846051,1.378665,-0.032980,0.224386,-0.013002,-2.860684,2.846051,1.378665,-0.032980,0.224386,-0.013002,-2.860684,2.846051,1.378665,-0.032980,0.224386,-0.413857,-91.058388,90.592606,43.884262,-1.049797,13.199189,-0.413857,-91.058388,90.592606,43.884262,-1.049797,13.199189,1948,1044,3062,2505,2026,2112,,0,,,,1.38,,0.02,0.41,1.80,33.23
17,0,0.5666666666666667,-28.449,0,0,-0.015493,-2.856502,2.898190,1.373846,-0.034523,0.224265,-0.012936,-2.861246,2.846205,1.378710,-0.032946,0.224595,-0.012936,-2.861246,2.846205,1.378710,-0.032946,0.224595,-0.012936,-2.861246,2.846205,1.378710,-0.032946,0.224595,-0.411758,-91.076294,90.597534,43.885712,-1.048706,13.211452,-0.411758,-91.076294,90.597534,43.885712,-1.048706,13.211452,1948,1044,3062,2505,2026,2112,,0,,,,2.10,,0.04,0.49,1.87,33.12
18,0,0.6,-28.280,0,0,-0.015493,-2.856502,2.898190,1.373846,-0.034523,0.224265,-0.012935,-2.861598,2.846379,1.378527,-0.032915,0.225023,-0.012935,-2.861598,2.846379,1.378527,-0.032915,0.225023,-0.012935,-2.861598,2.846379,1.378527,-0.032915,0.225023,-0.411728,-91.087486,90.603043,43.879883,-1.047729,13.236663,-0.411728,-91.087486,90.603043,43.879883,-1.047729,13.236663,1948,1044,3062,2505,2026,2112,,0,,,,2.00,,0.04,0.82,1.83,33.16
19,0,0.6333333333333333,-29.126,0,0,-0.015493,-2.856502,2.898190,1.373846,-0.034523,0.224265,-0.012995,-2.861751,2.846552,1.378185,-0.032888,0.225545,-0.012995,-2.861751,2.846552,1.378185,-0.032888,0.225545,-0.012995,-2.861751,2.846552,1.378185,-0.032887,0.225545,-0.413658,-91.092354,90.608566,43.868988,-1.046844,13.267332,-0.413658,-91.092354,90.608566,43.868988,-1.046844,13.267332,1948,1044,3062,2505,2026,2113,,0,,,,1.65,,0.03,0.48,1.68,33.13
20,0,0.6666666666666666,-28.118,0,0,-0.015493,-2.856502,2.898190,1.373846,-0.034523,0.224265,-0.013135,-2.861759,2.846731,1.377795,-0.032861,0.226004,-0.013135,-2.861759,2.846731,1.377795,-0.032861,0.226004,-0.013135,-2.861759,2.846731,1.377795,-0.032861,0.226004,-0.418106,-91.092606,90.614273,43.856567,-1.045990,13.294374,-0.418106,-91.092606,90.614273,43.856567,-1.045990,13.294374,1948,1044,3062,2505,2026,2113,,0,,,,1.67,,0.03,0.58,2.60,33.22
21,0,0.7,-29.391,0,0,-0.015493,-2.856502,2.898190,1.373846,-0.034523,0.224265,-0.013329,-2.861677,2.846900,1.377465,-0.032832,0.226311,-0.013329,-2.861677,2.846900,1.377465,-0.032832,0.226311,-0.013329,-2.861677,2.846900,1.377465,-0.032832,0.226311,-0.424263,-91.090019,90.619629,43.846069,-1.045067,13.312420,-0.424263,-91.090019,90.619629,43.846069,-1.045067,13.312420,1948,1044,3062,2505,2026,2113,,0,,,,1.51,,0.02,0.40,1.67,33.13
22,0,0.7333333333333333,-29.530,0,0,-0.015493,-2.856502,2.898190,1.373846,-0.034523,0.224265,-0.013520,-2.861570,2.847044,1.377291,-0.032796,0.226458,-0.013520,-2.861570,2.847044,1.377291,-0.032796,0.226458,-0.013520,-2.861570,2.847043,1.377291,-0.032796,0.226458,-0.430367,-91.086609,90.624207,43.840530,-1.043930,13.321054,-0.430367,-91.086609,90.624207,43.840530,-1.043930,13.321054,1948,1044,3062,2505,2026,2113,,0,,,,1.52,,0.02,0.39,1.59,33.18
23,0,0.7666666666666667,-29.596,0,0,-0.015493,-2.856502,2.898190,1.373846,-0.034523,0.224265,-0.013665,-2.861480,2.847149,1.377301,-0.032752,0.226481,-0.013665,-2.861480,2.847149,1.377301,-0.032752,0.226481,-0.013665,-2.861480,2.847149,1.377301,-0.032752,0.226481,-0.434975,-91.083748,90.627579,43.840866,-1.042519,13.322392,-0.434975,-91.083748,90.627579,43.840866,-1.042519,13.322392,1948,1044,3062,2505,2026,2113,,0,,,,1.44,,0.03,0.41,1.58,33.17
24,0,0.8,-29.614,0,0,-0.015493,-2.856502,2.898190,1.373846,-0.034523,0.224265,-0.013744,-2.861416,2.847187,1.377438,-0.032697,0.226419,-0.013744,-2.861416,2.847187,1.377438,-0.032697,0.226419,-0.013744,-2.861416,2.847187,1.377438,-0.032697,0.226419,-0.437500,-91.081688,90.628769,43.845230,-1.040794,13.318769,-0.437500,-91.081688,90.628769,43.845230,-1.040794,13.318769,1948,1044,3062,2505,2026,2113,,0,,,,1.51,,0.02,0.39,1.53,33.20
25,0,0.8333333333333334,-29.538,0,0,-0.015493,-2.856502,2.898190,1.373846,-0.034523,0.224265,-0.013756,-2.861363,2.847135,1.377619,-0.032638,0.226311,-0.013756,-2.861363,2.847135,1.377619,-0.032638,0.226311,-0.013756,-2.861363,2.847135,1.377619,-0.032638,0.226311,-0.437874,-91.080025,90.627136,43.850967,-1.038910,13.312399,-0.437874,-91.080025,90.627136,43.850967,-1.038910,13.312399,1948,1044,3062,2505,2026,2113,,0,,,,1.49,,0.02,0.39,1.63,33.19
26,0,0.8666666666666667,-29.286,0,0,-0.015493,-2.856502,2.898190,1.373846,-0.034523,0.224265,-0.013764,-2.861336,2.847014,1.377818,-0.032585,0.226203,-0.013764,-2.861336,2.847014,1.377818,-0.032585,0.226203,-0.013764,-2.861336,2.847014,1.377818,-0.032585,0.226203,-0.438133,-91.079147,90.623260,43.857300,-1.037224,13.306067,-0.438133,-91.079147,90.623260,43.857300,-1.037224,13.306067,1948,1044,3062,2505,2026,2113,,0,,,,1.50,,0.03,0.47,1.75,33.19
27,0,0.9,-29.427,0,0,-0.015493,-2.856502,2.898190,1.373846,-0.034523,0.224265,-0.013844,-2.861342,2.846840,1.378049,-0.032547,0.226136,-0.013844,-2.861342,2.846840,1.378049,-0.032547,0.226136,-0.013844,-2.861342,2.846840,1.378049,-0.032547,0.226136,-0.440681,-91.079338,90.617722,43.864670,-1.035995,13.302138,-0.440681,-91.079338,90.617722,43.864670,-1.035995,13.302138,1948,1044,3062,2505,2026,2113,,0,,,,1.56,,0.03,0.47,1.60,33.25
28,0,0.9333333333333333,-28.799,0,0,-0.015493,-2.856502,2.898190,1.373846,-0.034523,0.224265,-0.014033,-2.861391,2.846625,1.378356,-0.032525,0.226134,-0.014033,-2.861391,2.846625,1.378356,-0.032525,0.226134,-0.014033,-2.861391,2.846625,1.378356,-0.032525,0.226134,-0.446686,-91.080902,90.610886,43.874435,-1.035301,13.302004,-0.446686,-91.080902,90.610886,43.874435,-1.035301,13.302004,1948,1044,3062,2505,2026,2113,,0,,,,1.78,,0.04,0.49,1.89,33.30
29,0,0.9666666666666667,-28.932,0,0,-0.015493,-2.856502,2.898190,1.373846,-0.034523,0.224265,-0.014268,-2.861502,2.846397,1.378752,-0.032518,0.226167,-0.014268,-2.861502,2.846397,1.378752,-0.032518,0.226167,-0.014268,-2.861502,2.846396,1.378752,-0.032518,0.226167,-0.454178,-91.084427,90.603607,43.887039,-1.035095,13.303945,-0.454178,-91.084427,90.603607,43.887039,-1.035095,13.303945,1948,1044,3062,2505,2026,2113,,0,,,,1.66,,0.03,0.47,1.78,33.04
30,0,1.0,-29.059,0,0,-0.015493,-2.856502,2.898190,1.373846,-0.034523,0.224265,-0.014477,-2.861700,2.846213,1.379171,-0.032526,0.226153,-0.014477,-2.861700,2.846213,1.379171,-0.032526,0.226153,-0.014477,-2.861700,2.846213,1.379171,-0.032526,0.226153,-0.460808,-91.090729,90.597778,43.900360,-1.035347,13.303113,-0.460808,-91.090729,90.597778,43.900360,-1.035347,13.303113,1948,1044,3062,2505,2026,2113,,0,,,,1.53,,0.03,0.46,1.94,33.31
31,0,1.0333333333333334,-29.193,0,0,-0.015493,-2.856502,2.898190,1.373846,-0.034523,0.224265,-0.014645,-2.862005,2.846145,1.379472,-0.032551,0.225990,-0.014645,-2.862005,2.846145,1.379472,-0.032551,0.225990,-0.014645,-2.862005,2.846144,1.379472,-0.032551,0.225990,-0.466164,-91.100464,90.595596,43.909973,-1.036125,13.293513,-0.466164,-91.100464,90.595596,43.909973,-1.036125,13.293513,1948,1044,3062,2506,2026,2113,,0,,,,1.57,,0.03,0.45,1.66,33.10
32,0,1.0666666666666667,-29.545,0,0,-0.015493,-2.856502,2.898190,1.373846,-0.034523,0.224265,-0.014832,-2.862391,2.846223,1.379557,-0.032599,0.225679,-0.014832,-2.862391,2.846223,1.379557,-0.032599,0.225679,-0.014832,-2.862391,2.846223,1.379557,-0.032599,0.225679,-0.472130,-91.112732,90.598083,43.912659,-1.037674,13.275215,-0.472130,-91.112732,90.598083,43.912659,-1.037674,13.275215,1948,1043,3062,2506,2026,2113,,0,,,,1.46,,0.02,0.41,1.55,33.11
33,0,1.1,-29.567,0,0,-0.015493,-2.856502,2.898190,1.373846,-0.034523,0.224265,-0.015079,-2.862818,2.846388,1.379380,-0.032673,0.225348,-0.015079,-2.862818,2.846388,1.379380,-0.032673,0.225348,-0.015079,-2.862818,2.846388,1.379380,-0.032673,0.225348,-0.479988,-91.126312,90.603333,43.907028,-1.040001,13.255787,-0.479988,-91.126312,90.603333,43.907028,-1.040001,13.255787,1948,1043,3062,2506,2026,2112,,0,,,,1.46,,0.02,0.39,1.62,33.22
34,0,1.1333333333333333,-29.426,0,0,-0.015493,-2.856502,2.898190,1.373846,-0.034523,0.224265,-0.015357,-2.863242,2.846524,1.378992,-0.032761,0.225180,-0.015357,-2.863242,2.846524,1.378992,-0.032761,0.225180,-0.015357,-2.863242,2.846524,1.378992,-0.032761,0.225180,-0.488838,-91.139809,90.607666,43.894684,-1.042816,13.245853,-0.488838,-91.139809,90.607666,43.894684,-1.042816,13.245853,1948,1043,3062,2505,2026,2112,,0,,,,1.50,,0.03,0.42,1.61,33.17
35,0,1.1666666666666667,-29.431,0,0,-0.015493,-2.856502,2.898190,1.373846,-0.034523,0.224265,-0.015646,-2.863651,2.846510,1.378539,-0.032851,0.225311,-0.015646,-2.863651,2.846510,1.378539,-0.032851,0.225311,-0.015646,-2.863651,2.846510,1.378539,-0.032851,0.225311,-0.498024,-91.152840,90.607224,43.880249,-1.045692,13.253614,-0.498024,-91.152840,90.607224,43.880249,-1.045692,13.253614,1947,1043,3062,2505,2026,2112,,0,,,,1.50,,0.02,0.40,1.63,33.18
36,0,1.2,-29.484,0,0,-0.015493,-2.856502,2.898190,1.373846,-0.034523,0.224265,-0.015908,-2.864046,2.846277,1.378185,-0.032932,0.225800,-0.015908,-2.864046,2.846277,1.378185,-0.032932,0.225800,-0.015908,-2.864046,2.846277,1.378185,-0.032932,0.225800,-0.506378,-91.165405,90.599823,43.868973,-1.048248,13.282326,-0.506378,-91.165405,90.599823,43.868973,-1.048248,13.282326,1947,1043,3062,2505,2026,2113,,0,,,,1.47,,0.02,0.51,1.53,33.17
37,0,1.2333333333333334,-29.551,0,0,-0.015493,-2.856502,2.898190,1.373846,-0.034523,0.224265,-0.016085,-2.864433,2.845859,1.378076,-0.032990,0.226578,-0.016085,-2.864433,2.845859,1.378076,-0.032990,0.226578,-0.016085,-2.864433,2.845859,1.378076,-0.032990,0.226578,-0.512001,-91.177742,90.586502,43.865524,-1.050110,13.328115,-0.512001,-91.177742,90.586502,43.865524,-1.050110,13.328115,1947,1043,3062,2505,2025,2113,,0,,,,1.38,,0.03,0.42,1.62,33.13
38,0,1.2666666666666666,-29.318,0,0,-0.015493,-2.856502,2.898190,1.373846,-0.034523,0.224265,-0.016066,-2.864834,2.845372,1.378312,-0.033020,0.227446,-0.016066,-2.864834,2.845372,1.378312,-0.033020,0.227446,-0.016066,-2.864834,2.845372,1.378311,-0.033020,0.227446,-0.511391,-91.190491,90.570999,43.873016,-1.051071,13.379171,-0.511391,-91.190491,90.570999,43.873016,-1.051071,13.379171,1947,1043,3062,2505,2025,2114,,0,,,,1.38,,0.03,0.41,1.92,33.21
39,0,1.3,-28.607,0,0,-0.015493,-2.856502,2.898190,1.373846,-0.034523,0.224265,-0.015784,-2.865224,2.844892,1.378850,-0.033019,0.228126,-0.015784,-2.865224,2.844892,1.378850,-0.033019,0.228126,-0.015784,-2.865224,2.844892,1.378850,-0.033019,0.228126,-0.502411,-91.202904,90.555710,43.890167,-1.051018,13.419175,-0.502411,-91.202904,90.555710,43.890167,-1.051018,13.419175,1947,1042,3062,2505,2025,2115,,0,,,,1.43,,0.02,0.39,2.54,33.18
40,0,1.3333333333333333,-28.559,0,0,-0.015493,-2.856502,2.898190,1.373846,-0.034523,0.224265,-0.015284,-2.865510,2.844379,1.379445,-0.032987,0.228403,-0.015284,-2.865510,2.844379,1.379445,-0.032987,0.228403,-0.015284,-2.865510,2.844379,1.379445,-0.032987,0.228403,-0.486496,-91.212013,90.539398,43.909103,-1.050011,13.435456,-0.486496,-91.212013,90.539398,43.909103,-1.050011,13.435456,1948,1042,3061,2506,2026,2115,,0,,,,1.44,,0.03,0.44,2.53,33.20
41,0,1.3666666666666667,-29.215,0,0,-0.015493,-2.856502,2.898190,1.373846,-0.034523,0.224265,-0.014673,-2.865610,2.843819,1.379868,-0.032934,0.228163,-0.014673,-2.865610,2.843819,1.379868,-0.032934,0.228163,-0.014673,-2.865610,2.843819,1.379868,-0.032934,0.228163,-0.467072,-91.215210,90.521576,43.922562,-1.048332,13.421371,-0.467072,-91.215210,90.521576,43.922562,-1.048332,13.421371,1948,1042,3061,2506,2026,2115,,0,,,,1.61,,0.03,0.44,1.69,33.18
42,0,1.4,-29.518,0,0,-0.015493,-2.856502,2.898190,1.373846,-0.034523,0.224265,-0.014147,-2.865514,2.843252,1.380050,-0.032876,0.227409,-0.014147,-2.865514,2.843252,1.380050,-0.032876,0.227409,-0.014147,-2.865514,2.843252,1.380050,-0.032876,0.227409,-0.450317,-91.212143,90.503540,43.928345,-1.046463,13.376972,-0.450317,-91.212143,90.503540,43.928345,-1.046463,13.376972,1948,1042,3061,2506,2026,2114,,0,,,,1.45,,0.03,0.39,1.58,33.26
43,0,1.4333333333333333,-29.068,0,0,-0.015493,-2.856502,2.898190,1.373846,-0.034523,0.224265,-0.013829,-2.865300,2.842748,1.380056,-0.032827,0.226227,-0.013829,-2.865300,2.842748,1.380056,-0.032827,0.226227,-0.013829,-2.865300,2.842748,1.380056,-0.032827,0.226227,-0.440201,-91.205322,90.487488,43.928543,-1.044922,13.307449,-0.440201,-91.205322,90.487488,43.928543,-1.044922,13.307449,1948,1042,3061,2506,2026,2113,,0,,,,1.67,,0.03,0.48,1.62,33.05
44,0,1.4666666666666666,-29.375,0,0,-0.015493,-2.856502,2.898190,1.373846,-0.034523,0.224265,-0.013686,-2.865013,2.842303,1.379850,-0.032799,0.224730,-0.013686,-2.865013,2.842303,1.379850,-0.032799,0.224730,-0.013687,-2.865013,2.842303,1.379850,-0.032799,0.224730,-0.435654,-91.196198,90.473297,43.921982,-1.044022,13.219428,-0.435654,-91.196198,90.473297,43.921982,-1.044022,13.219428,1948,1042,3061,2506,2026,2112,,0,,,,1.56,,0.03,0.42,1.59,33.14
45,0,1.5,-29.459,0,0,-0.015493,-2.856502,2.898190,1.373846,-0.034523,0.224265,-0.013530,-2.864657,2.841881,1.379401,-0.032787,0.223044,-0.013530,-2.864657,2.841881,1.379401,-0.032787,0.223044,-0.013530,-2.864657,2.841881,1.379401,-0.032787,0.223044,-0.430664,-91.184875,90.459854,43.907684,-1.043655,13.120237,-0.430664,-91.184875,90.459854,43.907684,-1.043655,13.120237,1948,1043,3061,2506,2026,2110,,0,,,,1.43,,0.02,0.40,1.62,33.19
46,0,1.5333333333333334,-29.596,0,0,-0.015493,-2.856502,2.898190,1.373846,-0.034523,0.224265,-0.013270,-2.864285,2.841525,1.378843,-0.032787,0.221295,-0.013270,-2.864285,2.841525,1.378843,-0.032787,0.221295,-0.013270,-2.864285,2.841525,1.378843,-0.032787,0.221295,-0.422401,-91.173035,90.448563,43.889923,-1.043655,13.017357,-0.422401,-91.173035,90.448563,43.889923,-1.043655,13.017357,1948,1043,3060,2505,2026,2109,,0,,,,1.47,,0.02,0.39,1.54,33.15
47,0,1.5666666666666667,-29.499,0,0,-0.015493,-2.856502,2.898190,1.373846,-0.034523,0.224265,-0.012928,-2.863999,2.841352,1.378401,-0.032797,0.219636,-0.012928,-2.863999,2.841352,1.378401,-0.032797,0.219636,-0.012928,-2.863999,2.841352,1.378401,-0.032797,0.219636,-0.411514,-91.163910,90.443024,43.875854,-1.043961,12.919784,-0.411514,-91.163910,90.443024,43.875854,-1.043961,12.919784,1948,1043,3060,2505,2026,2108,,0,,,,1.54,,0.02,0.41,1.57,33.22
48,0,1.6,-28.983,0,0,-0.015493,-2.856502,2.898190,1.373846,-0.034523,0.224265,-0.012547,-2.863854,2.841404,1.378156,-0.032814,0.218231,-0.012547,-2.863854,2.841404,1.378156,-0.032814,0.218231,-0.012547,-2.863854,2.841404,1.378156,-0.032814,0.218231,-0.399399,-91.159302,90.444702,43.868073,-1.044495,12.837106,-0.399399,-91.159302,90.444702,43.868073,-1.044495,12.837106,1948,1043,3060,2505,2026,2106,,0,,,,1.60,,0.03,0.55,1.78,33.12
49,0,1.6333333333333333,-29.493,0,0,-0.015493,-2.856502,2.898190,1.373846,-0.034523,0.224265,-0.012151,-2.863830,2.841614,1.378035,-0.032831,0.217201,-0.012151,-2.863830,2.841614,1.378035,-0.032831,0.217201,-0.012151,-2.863830,2.841614,1.378035,-0.032831,0.217201,-0.386780,-91.158546,90.451355,43.864212,-1.045052,12.776554,-0.386780,-91.158546,90.451355,43.864212,-1.045052,12.776554,1948,1043,3061,2505,2026,2105,,0,,,,1.42,,0.03,0.43,1.62,33.18
50,0,1.6666666666666667,-29.579,0,0,-0.015493,-2.856502,2.898190,1.373846,-0.034523,0.224265,-0.011760,-2.863876,2.841882,1.377955,-0.032847,0.216592,-0.011760,-2.863876,2.841882,1.377955,-0.032847,0.216592,-0.011760,-2.863876,2.841882,1.377955,-0.032847,0.216592,-0.374344,-91.159996,90.459900,43.861664,-1.045555,12.740719,-0.374344,-91.159996,90.459900,43.861664,-1.045555,12.740719,1949,1043,3061,2505,2026,2105,,0,,,,1.39,,0.02,0.40,1.63,33.15
51,0,1.7,-28.555,0,0,-0.015493,-2.856502,2.898190,1.373846,-0.034523,0.224265,-0.011335,-2.863908,2.842122,1.377759,-0.032861,0.216404,-0.011335,-2.863908,2.842122,1.377759,-0.032861,0.216404,-0.011335,-2.863908,2.842122,1.377759,-0.032861,0.216404,-0.360809,-91.161011,90.467545,43.855438,-1.046005,12.729663,-0.360809,-91.161011,90.467545,43.855438,-1.046005,12.729663,1949,1043,3061,2505,2026,2105,,0,,,,1.58,,0.09,0.82,1.95,33.19
52,0,1.7333333333333334,-28.727,0,0,-0.015493,-2.856502,2.898190,1.373846,-0.034523,0.224265,-0.010798,-2.863854,2.842300,1.377300,-0.032872,0.216600,-0.010798,-2.863854,2.842300,1.377300,-0.032872,0.216600,-0.010798,-2.863854,2.842300,1.377300,-0.032872,0.216600,-0.343719,-91.159302,90.473221,43.840805,-1.046341,12.741199,-0.343719,-91.159302,90.473221,43.840805,-1.046341,12.741199,1949,1043,3061,2505,2026,2105,,0,,,,1.74,,0.08,0.66,1.78,33.20
53,0,1.7666666666666666,-28.487,0,0,-0.015493,-2.856502,2.898190,1.373846,-0.034523,0.224265,-0.010147,-2.863714,2.842478,1.376584,-0.032876,0.217142,-0.010147,-2.863714,2.842478,1.376584,-0.032876,0.217142,-0.010147,-2.863714,2.842478,1.376584,-0.032876,0.217142,-0.322983,-91.154831,90.478867,43.818039,-1.046494,12.773058,-0.322983,-91.154831,90.478867,43.818039,-1.046494,12.773058,1949,1043,3061,2504,2026,2105,,0,,,,2.05,,0.04,0.51,1.73,33.08
54,0,1.8,-29.114,0,0,-0.015493,-2.856502,2.898190,1.373846,-0.034523,0.224265,-0.009499,-2.863533,2.842739,1.375732,-0.032877,0.217951,-0.009499,-2.863533,2.842739,1.375732,-0.032877,0.217951,-0.009499,-2.863533,2.842739,1.375732,-0.032877,0.217951,-0.302361,-91.149094,90.487183,43.790909,-1.046509,12.820643,-0.302361,-91.149094,90.487183,43.790909,-1.046509,12.820643,1949,1043,3061,2504,2026,2106,,0,,,,1.61,,0.03,0.47,1.73,33.15
55,0,1.8333333333333333,-29.408,0,0,-0.015493,-2.856502,2.898190,1.373846,-0.034523,0.224265,-0.008994,-2.863365,2.843135,1.374890,-0.032874,0.218903,-0.008994,-2.863365,2.843135,1.374890,-0.032874,0.218903,-0.008994,-2.863365,2.843135,1.374890,-0.032874,0.218903,-0.286293,-91.143738,90.499786,43.764114,-1.046425,12.876636,-0.286293,-91.143738,90.499786,43.764114,-1.046425,12.876636,1949,1043,3061,2504,2026,2107,,0,,,,1.48,,0.02,0.48,1.63,33.19
56,0,1.8666666666666667,-29.100,0,0,-0.015493,-2.856502,2.898190,1.373846,-0.034523,0.224265,-0.008684,-2.863213,2.843631,1.374130,-0.032870,0.219810,-0.008684,-2.863213,2.843631,1.374130,-0.032870,0.219810,-0.008684,-2.863213,2.843631,1.374130,-0.032870,0.219810,-0.276413,-91.138901,90.515564,43.739929,-1.046288,12.929996,-0.276413,-91.138901,90.515564,43.739929,-1.046288,12.929996,1949,1043,3061,2504,2026,2108,,0,,,,1.74,,0.03,0.43,1.72,33.13
57,0,1.9,-29.645,0,0,-0.015493,-2.856502,2.898190,1.373846,-0.034523,0.224265,-0.008620,-2.863041,2.844116,1.373461,-0.032870,0.220474,-0.008620,-2.863041,2.844116,1.373461,-0.032870,0.220474,-0.008620,-2.863041,2.844116,1.373461,-0.032870,0.220474,-0.274368,-91.133438,90.531021,43.718597,-1.046288,12.969059,-0.274368,-91.133438,90.531021,43.718597,-1.046288,12.969059,1949,1043,3061,2503,2026,2108,,0,,,,1.48,,0.02,0.40,1.54,33.24
58,0,1.9333333333333333,-29.315,0,0,-0.015493,-2.856502,2.898190,1.373846,-0.034523,0.224265,-0.008873,-2.862765,2.844410,1.372856,-0.032878,0.220809,-0.008873,-2.862765,2.844410,1.372856,-0.032878,0.220809,-0.008873,-2.862765,2.844410,1.372856,-0.032878,0.220809,-0.282433,-91.124649,90.540390,43.699356,-1.046547,12.988747,-0.282433,-91.124649,90.540390,43.699356,-1.046547,12.988747,1949,1043,3061,2503,2026,2109,,0,,,,1.61,,0.03,0.43,1.64,33.19
59,0,1.9666666666666666,-29.209,0,0,-0.015493,-2.856502,2.898190,1.373846,-0.034523,0.224265,-0.009426,-2.862337,2.844396,1.372423,-0.032893,0.220891,-0.009426,-2.862337,2.844396,1.372423,-0.032893,0.220891,-0.009426,-2.862337,2.844396,1.372423,-0.032893,0.220891,-0.300026,-91.111023,90.539932,43.685577,-1.047028,12.993616,-0.300026,-91.111023,90.539932,43.685577,-1.047028,12.993616,1949,1043,3061,2503,2026,2109,,0,,,,1.56,,0.03,0.45,1.73,33.11
60,0,2.0,-29.517,0,0,-0.015493,-2.856502,2.898190,1.373846,-0.034523,0.224265,-0.010151,-2.861718,2.844002,1.372290,-0.032912,0.220846,-0.010151,-2.861718,2.844002,1.372290,-0.032912,0.220846,-0.010151,-2.861718,2.844002,1.372290,-0.032912,0.220846,-0.323105,-91.091316,90.527390,43.681351,-1.047623,12.990957,-0.323105,-91.091316,90.527390,43.681351,-1.047623,12.990957,1949,1044,3061,2503,2026,2109,,0,,,,1.41,,0.03,0.48,1.64,33.18
61,0,2.033333333333333,-29.517,0,0,-0.015493,-2.856502,2.898190,1.373846,-0.034523,0.224265,-0.010940,-2.860833,2.843183,1.372459,-0.032930,0.220810,-0.010940,-2.860833,2.843183,1.372459,-0.032930,0.220810,-0.010940,-2.860833,2.843183,1.372459,-0.032930,0.220810,-0.348236,-91.063141,90.501328,43.686737,-1.048203,12.988830,-0.348236,-91.063141,90.501328,43.686737,-1.048203,12.988830,1949,1044,3061,2503,2026,2109,,0,,,,1.45,,0.03,0.41,1.68,33.24
62,0,2.066666666666667,-28.981,0,0,-0.015493,-2.856502,2.898190,1.373846,-0.034523,0.224265,-0.011769,-2.859613,2.841933,1.372825,-0.032946,0.220886,-0.011769,-2.859613,2.841933,1.372825,-0.032946,0.220886,-0.011769,-2.859613,2.841933,1.372825,-0.032946,0.220886,-0.374619,-91.024300,90.461548,43.698380,-1.048691,12.993267,-0.374619,-91.024300,90.461548,43.698380,-1.048691,12.993267,1949,1044,3061,2503,2026,2109,,0,,,,1.59,,0.03,0.52,1.82,33.30
63,0,2.1,-29.016,0,0,-0.015493,-2.856502,2.898190,1.373846,-0.034523,0.224265,-0.012639,-2.858066,2.840348,1.373297,-0.032956,0.221090,-0.012639,-2.858066,2.840348,1.373297,-0.032956,0.221090,-0.012639,-2.858066,2.840348,1.373297,-0.032956,0.221090,-0.402321,-90.975067,90.411102,43.713409,-1.049034,13.005313,-0.402321,-90.975067,90.411102,43.713409,-1.049034,13.005313,1948,1045,3060,2503,2026,2109,,0,,,,1.48,,0.03,0.53,1.82,33.48
64,0,2.1333333333333333,-28.436,0,0,-0.015493,-2.856502,2.898190,1.373846,-0.034523,0.224265,-0.013536,-2.856248,2.838563,1.373754,-0.032963,0.221385,-0.013536,-2.856248,2.838563,1.373754,-0.032963,0.221385,-0.013536,-2.856248,2.838563,1.373754,-0.032963,0.221385,-0.430878,-90.917191,90.354248,43.727951,-1.049248,13.022667,-0.430878,-90.917191,90.354248,43.727951,-1.049248,13.022667,1948,1046,3059,2503,2026,2109,,0,,,,1.60,,0.03,0.66,1.86,32.83
65,0,2.1666666666666665,-28.920,0,0,-0.015493,-2.856502,2.898190,1.373846,-0.034523,0.224265,-0.014361,-2.854244,2.836706,1.374138,-0.032966,0.221720,-0.014361,-2.854244,2.836706,1.374138,-0.032966,0.221720,-0.014361,-2.854244,2.836706,1.374138,-0.032966,0.221720,-0.457115,-90.853401,90.295166,43.740173,-1.049339,13.042376,-0.457115,-90.853401,90.295166,43.740173,-1.049339,13.042376,1948,1046,3059,2504,2026,2109,,0,,,,1.60,,0.03,0.46,1.78,32.95
66,0,2.2,-29.329,0,0,-0.015493,-2.856502,2.898190,1.373846,-0.034523,0.224265,-0.015064,-2.852168,2.834909,1.374463,-0.032967,0.222053,-0.015064,-2.852168,2.834909,1.374463,-0.032967,0.222053,-0.015064,-2.852168,2.834909,1.374463,-0.032966,0.222053,-0.479492,-90.787315,90.237946,43.750519,-1.049355,13.061929,-0.479492,-90.787315,90.237946,43.750519,-1.049355,13.061929,1948,1047,3058,2504,2026,2110,,0,,,,1.50,,0.03,0.45,1.73,33.21
67,0,2.2333333333333334,-29.543,0,0,-0.015493,-2.856502,2.898190,1.373846,-0.034523,0.224265,-0.015676,-2.850107,2.833261,1.374719,-0.032967,0.222349,-0.015676,-2.850107,2.833261,1.374719,-0.032967,0.222349,-0.015676,-2.850107,2.833261,1.374719,-0.032967,0.222349,-0.498993,-90.721710,90.185501,43.758667,-1.049377,13.079354,-0.498993,-90.721710,90.185501,43.758667,-1.049377,13.079354,1947,1048,3058,2504,2026,2110,,0,,,,1.48,,0.02,0.40,1.58,33.20
68,0,2.2666666666666666,-29.253,0,0,-0.015493,-2.856502,2.898190,1.373846,-0.034523,0.224265,-0.016232,-2.848113,2.831810,1.374881,-0.032968,0.222577,-0.016232,-2.848113,2.831810,1.374881,-0.032968,0.222577,-0.016232,-2.848113,2.831810,1.374881,-0.032968,0.222577,-0.516670,-90.658257,90.139313,43.763809,-1.049408,13.092745,-0.516670,-90.658257,90.139313,43.763809,-1.049408,13.092745,1947,1049,3057,2504,2026,2110,,0,,,,1.67,,0.02,0.40,1.66,33.15
69,0,2.3,-29.236,0,0,-0.015493,-2.856502,2.898190,1.373846,-0.034523,0.224265,-0.016705,-2.846230,2.830598,1.374981,-0.032969,0.222710,-0.016705,-2.846230,2.830598,1.374981,-0.032969,0.222710,-0.016705,-2.846230,2.830598,1.374981,-0.032969,0.222710,-0.531731,-90.598297,90.100723,43.766998,-1.049423,13.100616,-0.531731,-90.598297,90.100723,43.766998,-1.049423,13.100616,1947,1049,3057,2504,2026,2110,,0,,,,1.65,,0.03,0.46,1.62,33.18
70,0,2.3333333333333335,-29.169,0,0,-0.015493,-2.856502,2.898190,1.373846,-0.034523,0.224265,-0.017066,-2.844479,2.829646,1.375079,-0.032968,0.222762,-0.017066,-2.844479,2.829646,1.375079,-0.032968,0.222762,-0.017066,-2.844479,2.829646,1.375079,-0.032968,0.222762,-0.543221,-90.542572,90.070435,43.770126,-1.049408,13.103670,-0.543221,-90.542572,90.070435,43.770126,-1.049408,13.103670,1947,1050,3056,2504,2026,2110,,0,,,,1.62,,0.05,0.57,1.61,33.14
71,0,2.3666666666666667,-29.492,0,0,-0.015493,-2.856502,2.898190,1.373846,-0.034523,0.224265,-0.017345,-2.842845,2.828915,1.375149,-0.032967,0.222791,-0.017345,-2.842845,2.828915,1.375149,-0.032967,0.222791,-0.017345,-2.842845,2.828915,1.375149,-0.032968,0.222791,-0.552109,-90.490570,90.047165,43.772339,-1.049385,13.105339,-0.552109,-90.490570,90.047165,43.772339,-1.049385,13.105339,1947,1050,3056,2504,2026,2110,,0,,,,1.51,,0.02,0.39,1.63,33.20
72,0,2.4,-28.876,0,0,-0.015493,-2.856502,2.898190,1.373846,-0.034523,0.224265,-0.017608,-2.841328,2.828373,1.375171,-0.032967,0.222868,-0.017608,-2.841328,2.828373,1.375171,-0.032967,0.222868,-0.017608,-2.841328,2.828373,1.375171,-0.032967,0.222868,-0.560486,-90.442276,90.029892,43.773071,-1.049377,13.109899,-0.560486,-90.442276,90.029892,43.773071,-1.049377,13.109899,1947,1051,3056,2504,2026,2110,,0,,,,1.37,,0.02,0.47,2.18,33.06
73,0,2.433333333333333,-29.023,0,0,-0.015493,-2.856502,2.898190,1.373846,-0.034523,0.224265,-0.017866,-2.839940,2.828018,1.375174,-0.032968,0.223014,-0.017866,-2.839940,2.828018,1.375174,-0.032968,0.223014,-0.017866,-2.839940,2.828018,1.375173,-0.032968,0.223014,-0.568695,-90.398079,90.018600,43.773132,-1.049385,13.118479,-0.568695,-90.398079,90.018600,43.773132,-1.049385,13.118479,1947,1051,3056,2504,2026,2110,,0,,,,1.42,,0.03,0.48,2.09,33.23
74,0,2.466666666666667,-29.205,0,0,-0.015493,-2.856502,2.898190,1.373846,-0.034523,0.224265,-0.018053,-2.838707,2.827886,1.375175,-0.032968,0.223165,-0.018053,-2.838707,2.827886,1.375175,-0.032968,0.223165,-0.018053,-2.838707,2.827886,1.375175,-0.032968,0.223165,-0.574654,-90.358856,90.014404,43.773178,-1.049408,13.127372,-0.574654,-90.358856,90.014404,43.773178,-1.049408,13.127372,1947,1052,3056,2504,2026,2111,,0,,,,1.44,,0.04,0.44,1.84,33.16
75,0,2.5,-29.162,0,0,-0.015493,-2.856502,2.898190,1.373846,-0.034523,0.224265,-0.018115,-2.837654,2.828028,1.375144,-0.032970,0.223255,-0.018115,-2.837654,2.828028,1.375144,-0.032970,0.223255,-0.018115,-2.837654,2.828028,1.375144,-0.032970,0.223255,-0.576607,-90.325333,90.018936,43.772202,-1.049469,13.132635,-0.576607,-90.325333,90.018936,43.772202,-1.049469,13.132635,1947,1052,3056,2504,2026,2111,,0,,,,1.50,,0.02,0.62,1.70,33.17
76,0,2.533333333333333,-28.929,0,0,-0.015493,-2.856502,2.898190,1.373846,-0.034523,0.224265,-0.018112,-2.836797,2.828506,1.375043,-0.032977,0.223274,-0.018112,-2.836797,2.828506,1.375043,-0.032977,0.223274,-0.018112,-2.836797,2.828506,1.375043,-0.032977,0.223274,-0.576538,-90.298065,90.034134,43.768982,-1.049690,13.133738,-0.576538,-90.298065,90.034134,43.768982,-1.049690,13.133738,1947,1053,3056,2504,2026,2111,,0,,,,1.78,,0.04,0.50,1.69,33.19
77,0,2.566666666666667,-28.829,0,0,-0.015493,-2.856502,2.898190,1.373846,-0.034523,0.224265,-0.018124,-2.836160,2.829398,1.374842,-0.032994,0.223265,-0.018124,-2.836160,2.829398,1.374842,-0.032994,0.223265,-0.018124,-2.836160,2.829398,1.374842,-0.032994,0.223265,-0.576897,-90.277786,90.062546,43.762573,-1.050240,13.133243,-0.576897,-90.277786,90.062546,43.762573,-1.050240,13.133243,1947,1053,3056,2504,2025,2111,,0,,,,1.75,,0.03,0.44,1.78,33.06
78,0,2.6,-28.821,0,0,-0.015493,-2.856502,2.898190,1.373846,-0.034523,0.224265,-0.018138,-2.835790,2.830765,1.374474,-0.033021,0.223278,-0.018138,-2.835790,2.830765,1.374474,-0.033021,0.223278,-0.018137,-2.835790,2.830765,1.374474,-0.033021,0.223278,-0.577339,-90.265991,90.106033,43.750870,-1.051079,13.134006,-0.577339,-90.265991,90.106033,43.750870,-1.051079,13.134006,1947,1053,3057,2504,2025,2111,,0,,,,1.73,,0.05,0.60,1.70,33.12
79,0,2.6333333333333333,-28.327,0,0,-0.015493,-2.850912,2.898190,1.373846,-0.034523,0.224265,-0.018112,-2.835824,2.832661,1.373895,-0.033056,0.223363,-0.018112,-2.835824,2.832661,1.373895,-0.033056,0.223363,-0.018112,-2.835824,2.832661,1.373894,-0.033056,0.223363,-0.576515,-90.267067,90.166397,43.732422,-1.052200,13.138980,-0.576515,-90.267067,90.166397,43.732422,-1.052200,13.138980,1947,1053,3057,2504,2025,2111,,0,,,,1.81,,0.04,0.62,2.09,33.08
80,0,2.6666666666666665,-29.236,0,0,-0.015493,-2.845322,2.898190,1.373846,-0.034523,0.224265,-0.018012,-2.836490,2.835176,1.373154,-0.033100,0.223584,-0.018012,-2.836490,2.835176,1.373154,-0.033100,0.223584,-0.018012,-2.836490,2.835176,1.373154,-0.033100,0.223584,-0.573341,-90.288284,90.246445,43.708862,-1.053604,13.151995,-0.573341,-90.288284,90.246445,43.708862,-1.053604,13.151995,1947,1053,3058,2503,2025,2111,,0,,,,1.55,,0.03,0.46,1.70,33.13
81,0,2.7,-29.190,0,0,-0.015493,-2.839731,2.898190,1.373846,-0.034523,0.224265,-0.017941,-2.837998,2.838354,1.372304,-0.033163,0.224015,-0.017941,-2.837998,2.838354,1.372304,-0.033163,0.224015,-0.017941,-2.837998,2.838354,1.372304,-0.033163,0.224015,-0.571091,-90.336281,90.347610,43.681793,-1.055618,13.177326,-0.571091,-90.336281,90.347610,43.681793,-1.055618,13.177326,1947,1052,3059,2503,2025,2111,,0,,,,1.69,,0.03,0.44,1.67,33.18
82,0,2.7333333333333334,-18.183,0,0,-0.015493,-2.839731,2.898190,1.373846,-0.034523,0.224265,-0.017979,-2.840486,2.842182,1.371397,-0.033254,0.224688,-0.017979,-2.840486,2.842182,1.371397,-0.033254,0.224688,-0.017979,-2.840486,2.842182,1.371397,-0.033254,0.224688,-0.572296,-90.415466,90.469467,43.652924,-1.058495,13.216954,-0.572296,-90.415466,90.469467,43.652924,-1.058495,13.216954,1947,1051,3061,2503,2025,2112,,0,,,,1.56,,0.03,0.43,12.82,33.20
83,0,2.7666666666666666,-29.670,0,0,-0.015493,-2.839731,2.898190,1.373846,-0.034523,0.224265,-0.018162,-2.844025,2.846627,1.370537,-0.033376,0.225625,-0.018162,-2.844025,2.846627,1.370537,-0.033376,0.225625,-0.018162,-2.844025,2.846627,1.370537,-0.033376,0.225625,-0.578102,-90.528137,90.610947,43.625549,-1.062401,13.272062,-0.578102,-90.528137,90.610947,43.625549,-1.062401,13.272062,1947,1050,3062,2502,2025,2113,,0,,,,1.35,,0.02,0.40,1.61,33.20
84,0,2.8,-29.617,0,0,-0.015493,-2.839731,2.898190,1.373846,-0.034523,0.224265,-0.018425,-2.848559,2.851591,1.369813,-0.033533,0.226822,-0.018425,-2.848559,2.851591,1.369813,-0.033533,0.226822,-0.018425,-2.848559,2.851591,1.369813,-0.033533,0.226822,-0.586494,-90.672440,90.768951,43.602509,-1.067375,13.342491,-0.586494,-90.672440,90.768951,43.602509,-1.067375,13.342491,1947,1048,3064,2502,2025,2114,,0,,,,1.36,,0.02,0.40,1.64,33.17
85,0,2.8333333333333335,-29.361,0,0,-0.015493,-2.839731,2.898190,1.373846,-0.034523,0.224265,-0.018765,-2.853822,2.856827,1.369188,-0.033721,0.228237,-0.018765,-2.853822,2.856827,1.369188,-0.033721,0.228237,-0.018765,-2.853822,2.856827,1.369188,-0.033721,0.228237,-0.597321,-90.839973,90.935608,43.582596,-1.073380,13.425681,-0.597321,-90.839973,90.935608,43.582596,-1.073380,13.425681,1947,1046,3066,2502,2025,2115,,0,,,,1.51,,0.04,0.55,1.61,33.25
86,0,2.8666666666666667,-28.845,0,0,-0.015493,-2.839731,2.898190,1.373846,-0.034523,0.224265,-0.019191,-2.859378,2.861967,1.368595,-0.033936,0.229768,-0.019191,-2.859378,2.861967,1.368595,-0.033936,0.229768,-0.019191,-2.859378,2.861967,1.368595,-0.033936,0.229768,-0.610863,-91.016838,91.099243,43.563721,-1.080200,13.515788,-0.610863,-91.016838,91.099243,43.563721,-1.080200,13.515788,1946,1044,3068,2502,2025,2116,,0,,,,1.57,,0.03,0.49,2.04,33.14
87,0,2.9,-28.586,0,0,-0.015493,-2.839731,2.898190,1.373846,-0.034523,0.224265,-0.019658,-2.864640,2.866565,1.368131,-0.034165,0.231293,-0.019658,-2.864640,2.866565,1.368131,-0.034165,0.231293,-0.019658,-2.864640,2.866565,1.368131,-0.034165,0.231293,-0.625740,-91.184326,91.245621,43.548981,-1.087494,13.605478,-0.625740,-91.184326,91.245621,43.548981,-1.087494,13.605478,1946,1043,3069,2501,2025,2118,,0,,,,1.55,,0.03,0.89,1.88,33.14
88,0,2.933333333333333,-27.881,0,0,-0.015493,-2.839731,2.898190,1.373846,-0.034523,0.224265,-0.020099,-2.868779,2.869982,1.367941,-0.034391,0.232715,-0.020099,-2.868779,2.869982,1.367941,-0.034391,0.232715,-0.020099,-2.868779,2.869982,1.367941,-0.034391,0.232715,-0.639763,-91.316071,91.354385,43.542892,-1.094704,13.689116,-0.639763,-91.316071,91.354385,43.542892,-1.094704,13.689116,1946,1041,3071,2501,2025,2119,,0,,,,2.27,,0.05,0.65,2.04,33.16
89,0,2.966666666666667,-29.298,0,0,-0.015493,-2.839731,2.898190,1.373846,-0.034523,0.224265,-0.020503,-2.870721,2.871363,1.368228,-0.034594,0.234024,-0.020503,-2.870721,2.871363,1.368228,-0.034594,0.234024,-0.020503,-2.870721,2.871363,1.368228,-0.034594,0.234024,-0.652641,-91.377899,91.398315,43.552048,-1.101166,13.766098,-0.652641,-91.377899,91.398315,43.552048,-1.101166,13.766098,1946,1040,3071,2501,2024,2120,,0,,,,1.52,,0.03,0.43,1.71,33.11
90,1,3.0,-18.789,0,0,-0.015493,-2.839731,2.898190,1.373846,-0.034523,0.224265,-0.016490,-2.840598,2.891690,1.365630,-0.035784,0.221680,-0.016490,-2.840598,2.891690,1.365630,-0.035784,0.221680,-0.016490,-2.840598,2.891690,1.365631,-0.035784,0.221680,-0.524887,-90.419029,92.045364,43.469376,-1.139030,13.040007,-0.524887,-90.419029,92.045364,43.469376,-1.139030,13.040007,1947,1051,3078,2501,2024,2109,,0,126,1789030972.086577,18.9,1.46,7.88,2.49,0.42,1.82,33.07
91,0,3.033333333333333,-29.387,0,0,-0.015493,-2.839731,2.898190,1.373846,-0.034523,0.224265,-0.016341,-2.840486,2.892820,1.364486,-0.035963,0.220879,-0.016341,-2.840486,2.892820,1.364486,-0.035963,0.220879,-0.016341,-2.840486,2.892820,1.364486,-0.035964,0.220879,-0.520149,-90.415482,92.081314,43.432953,-1.144753,12.992853,-0.520149,-90.415482,92.081314,43.432953,-1.144753,12.992853,1947,1051,3079,2500,2024,2109,,0,,,,1.56,,0.02,0.41,1.54,33.04
92,0,3.066666666666667,-29.604,0,0,-0.015493,-2.839731,2.901020,1.373846,-0.034523,0.224265,-0.016136,-2.838706,2.892098,1.363906,-0.036157,0.220625,-0.016136,-2.838706,2.892098,1.363906,-0.036157,0.220625,-0.016136,-2.838706,2.892098,1.363906,-0.036157,0.220625,-0.513634,-90.358833,92.058334,43.414490,-1.150909,12.977970,-0.513634,-90.358833,92.058334,43.414490,-1.150909,12.977970,1947,1052,3078,2500,2023,2108,,0,,,,1.44,,0.02,0.42,1.58,33.21
93,0,3.1,-29.527,0,0,-0.015493,-2.834141,2.912341,1.373846,-0.034523,0.221941,-0.015997,-2.834478,2.888793,1.364229,-0.036340,0.221182,-0.015997,-2.834478,2.888793,1.364229,-0.036340,0.221182,-0.015997,-2.834478,2.888793,1.364229,-0.036340,0.221182,-0.509216,-90.224243,91.953140,43.424759,-1.156723,13.010708,-0.509216,-90.224243,91.953140,43.424759,-1.156723,13.010708,1947,1053,3077,2500,2023,2109,,0,,,,1.50,,0.02,0.40,1.56,33.15
94,0,3.1333333333333333,-29.439,0,0,-0.015493,-2.834141,2.920832,1.373846,-0.034523,0.221941,-0.015912,-2.827012,2.882138,1.365876,-0.036487,0.222763,-0.015912,-2.827012,2.882138,1.365876,-0.036487,0.222763,-0.015912,-2.827012,2.882138,1.365876,-0.036487,0.222763,-0.506500,-89.986588,91.741287,43.477203,-1.161400,13.103708,-0.506500,-89.986588,91.741287,43.477203,-1.161400,13.103708,1947,1056,3075,2501,2023,2110,,0,,,,1.55,,0.02,0.41,1.63,33.22
95,0,3.1666666666666665,-29.558,0,0,-0.015493,-2.834141,2.920832,1.373846,-0.034523,0.221941,-0.015770,-2.815259,2.871176,1.368984,-0.036587,0.225554,-0.015770,-2.815259,2.871176,1.368984,-0.036587,0.225554,-0.015770,-2.815259,2.871176,1.368984,-0.036587,0.225554,-0.501976,-89.612473,91.392380,43.576111,-1.164589,13.267901,-0.501976,-89.612473,91.392380,43.576111,-1.164589,13.267901,1947,1060,3071,2502,2023,2113,,0,,,,1.39,,0.02,0.39,1.63,33.49
96,0,3.2,-28.947,0,0,-0.015493,-2.834141,2.923662,1.373846,-0.034523,0.221941,-0.015704,-2.798080,2.854928,1.373554,-0.036597,0.229640,-0.015704,-2.798080,2.854928,1.373554,-0.036597,0.229640,-0.015704,-2.798080,2.854928,1.373554,-0.036597,0.229640,-0.499878,-89.065666,90.875168,43.721588,-1.164940,13.508227,-0.499878,-89.065666,90.875168,43.721588,-1.164940,13.508227,1947,1066,3065,2503,2023,2116,,0,,,,1.44,,0.02,0.60,1.68,32.84
97,0,3.2333333333333334,-29.251,0,0,-0.015493,-2.828551,2.923662,1.373846,-0.034523,0.221941,-0.015981,-2.774489,2.832567,1.379649,-0.036478,0.235046,-0.015981,-2.774489,2.832567,1.379649,-0.036478,0.235046,-0.015981,-2.774489,2.832567,1.379649,-0.036478,0.235046,-0.508690,-88.314713,90.163422,43.915604,-1.161125,13.826239,-0.508690,-88.314713,90.163422,43.915604,-1.161125,13.826239,1947,1075,3057,2506,2023,2121,,0,,,,1.51,,0.03,0.42,1.72,33.11
98,0,3.2666666666666666,-29.107,0,0,-0.015493,-2.814576,2.923662,1.373846,-0.034523,0.221941,-0.016678,-2.743557,2.803357,1.387274,-0.036217,0.241839,-0.016678,-2.743557,2.803357,1.387274,-0.036217,0.241839,-0.016678,-2.743557,2.803357,1.387274,-0.036217,0.241839,-0.530884,-87.330132,89.233612,44.158295,-1.152817,14.225817,-0.530884,-87.330132,89.233612,44.158295,-1.152817,14.225817,1947,1086,3047,2508,2023,2127,,0,,,,1.47,,0.03,0.43,1.96,33.18
99,0,3.3,-28.635,0,0,-0.015493,-2.797806,2.923662,1.373846,-0.034523,0.221941,-0.017753,-2.704568,2.766821,1.396405,-0.035795,0.250168,-0.017753,-2.704568,2.766821,1.396405,-0.035795,0.250168,-0.017753,-2.704568,2.766821,1.396405,-0.035795,0.250168,-0.565102,-86.089066,88.070633,44.448944,-1.139389,14.715740,-0.565102,-86.089066,88.070633,44.448944,-1.139389,14.715740,1947,1100,3034,2512,2024,2134,,0,,,,1.78,,0.03,0.55,2.00,33.23
100,0,3.3333333333333335,-29.323,0,0,-0.015493,-2.775446,2.923662,1.376591,-0.034523,0.224265,-0.019160,-2.657136,2.722812,1.407122,-0.035196,0.260181,-0.019160,-2.657136,2.722812,1.407122,-0.035196,0.260181,-0.019160,-2.657136,2.722812,1.407122,-0.035195,0.260181,-0.609894,-84.579262,86.669800,44.790085,-1.120308,15.304768,-0.609894,-84.579262,86.669800,44.790085,-1.120308,15.304768,1946,1117,3019,2516,2024,2142,,0,,,,1.52,,0.03,0.44,1.69,33.19
101,0,3.3666666666666667,-29.144,0,0,-0.015493,-2.747496,2.915171,1.387571,-0.034523,0.233561,-0.021072,-2.601126,2.671380,1.419583,-0.034430,0.272053,-0.021072,-2.601126,2.671380,1.419583,-0.034430,0.272053,-0.021072,-2.601126,2.671380,1.419583,-0.034430,0.272053,-0.670731,-82.796410,85.032654,45.186722,-1.095947,16.003138,-0.670731,-82.796410,85.032654,45.186722,-1.095947,16.003138,1946,1137,3000,2520,2025,2153,,0,,,,1.68,,0.03,0.43,1.69,33.12
102,0,3.4,-29.415,0,0,-0.015493,-2.711161,2.895360,1.398551,-0.034523,0.242857,-0.023637,-2.536493,2.612585,1.433697,-0.033504,0.285940,-0.023637,-2.536493,2.612585,1.433697,-0.033504,0.285940,-0.023637,-2.536493,2.612585,1.433697,-0.033504,0.285940,-0.752388,-80.739067,83.161179,45.635971,-1.066452,16.820005,-0.752388,-80.739067,83.161179,45.635971,-1.066452,16.820005,1945,1160,2980,2525,2025,2165,,0,,,,1.51,,0.03,0.46,1.58,33.18
103,0,3.433333333333333,-29.275,0,0,-0.015493,-2.669236,2.864227,1.412276,-0.034523,0.253315,-0.026963,-2.463428,2.546548,1.449219,-0.032419,0.301830,-0.026963,-2.463428,2.546548,1.449219,-0.032419,0.301830,-0.026963,-2.463428,2.546548,1.449219,-0.032420,0.301830,-0.858269,-78.413345,81.059143,46.130066,-1.031944,17.754721,-0.858269,-78.413345,81.059143,46.130066,-1.031944,17.754721,1944,1186,2956,2531,2026,2178,,0,,,,1.59,,0.03,0.53,1.60,33.18
104,0,3.466666666666667,-29.475,0,0,-0.015493,-2.616131,2.821773,1.423255,-0.034523,0.264935,-0.031076,-2.382209,2.473563,1.465911,-0.031187,0.319611,-0.031076,-2.382209,2.473563,1.465911,-0.031187,0.319611,-0.031076,-2.382210,2.473563,1.465912,-0.031187,0.319611,-0.989189,-75.828079,78.735947,46.661407,-0.992714,18.800657,-0.989189,-75.828079,78.735947,46.661407,-0.992714,18.800657,1943,1215,2930,2537,2027,2194,,0,,,,1.55,,0.02,0.39,1.57,33.20
105,0,3.5,-29.244,0,0,-0.015493,-2.563025,2.770828,1.436980,-0.034523,0.277717,-0.035891,-2.293414,2.394095,1.483761,-0.029813,0.339207,-0.035891,-2.293414,2.394095,1.483761,-0.029813,0.339207,-0.035891,-2.293414,2.394094,1.483761,-0.029813,0.339207,-1.142433,-73.001640,76.206390,47.229584,-0.948990,19.953369,-1.142433,-73.001640,76.206390,47.229584,-0.948990,19.953369,1942,1247,2902,2544,2028,2210,,0,,,,1.57,,0.03,0.44,1.68,33.15
106,0,3.533333333333333,-29.194,0,0,-0.015493,-2.498740,2.714223,1.450705,-0.034523,0.292823,-0.041391,-2.197699,2.308668,1.502861,-0.028319,0.360524,-0.041391,-2.197699,2.308668,1.502861,-0.028319,0.360524,-0.041391,-2.197699,2.308667,1.502861,-0.028319,0.360524,-1.317505,-69.954933,73.487167,47.837540,-0.901413,21.207279,-1.317505,-69.954933,73.487167,47.837540,-0.901413,21.207279,1940,1281,2872,2551,2029,2229,,0,,,,1.64,,0.03,0.43,1.68,33.13
107,0,3.566666666666667,-29.379,0,0,-0.015493,-2.426070,2.651957,1.467174,-0.034523,0.309091,-0.047611,-2.095720,2.217763,1.523133,-0.026726,0.383391,-0.047611,-2.095720,2.217763,1.523133,-0.026726,0.383391,-0.047611,-2.095720,2.217763,1.523133,-0.026726,0.383391,-1.515518,-66.708832,70.593597,48.482819,-0.850716,22.552391,-1.515518,-66.708832,70.593597,48.482819,-0.850716,22.552391,1938,1318,2840,2558,2030,2248,,0,,,,1.45,,0.02,0.41,1.66,33.11
108,0,3.6,-29.448,0,0,-0.015493,-2.347809,2.586861,1.483644,-0.034523,0.326521,-0.054463,-1.988150,2.121915,1.544356,-0.025051,0.407570,-0.054463,-1.988150,2.121915,1.544356,-0.025051,0.407570,-0.054463,-1.988150,2.121915,1.544356,-0.025051,0.407570,-1.733604,-63.284775,67.542633,49.158386,-0.797394,23.974695,-1.733604,-63.284775,67.542633,49.158386,-0.797394,23.974695,1936,1356,2806,2566,2031,2269,,0,,,,1.45,,0.03,0.41,1.65,33.15
109,0,3.6333333333333333,-29.659,0,0,-0.015493,-2.261164,2.510444,1.502859,-0.034523,0.346275,-0.061722,-1.875723,2.021792,1.566180,-0.023306,0.432774,-0.061722,-1.875723,2.021792,1.566180,-0.023306,0.432774,-0.061722,-1.875723,2.021792,1.566180,-0.023306,0.432774,-1.964661,-59.706116,64.355652,49.853043,-0.741859,25.457281,-1.964661,-59.706116,64.355652,49.853043,-0.741859,25.457281,1934,1396,2771,2574,2032,2291,,0,,,,1.44,,0.02,0.41,1.52,33.23
110,0,3.6666666666666665,-29.345,0,0,-0.015493,-2.168929,2.428366,1.522074,-0.034523,0.367191,-0.069166,-1.759291,1.918248,1.588401,-0.021503,0.458695,-0.069166,-1.759291,1.918248,1.588401,-0.021503,0.458695,-0.069166,-1.759291,1.918248,1.588400,-0.021503,0.458695,-2.201614,-55.999969,61.059738,50.560349,-0.684456,26.982063,-2.201614,-55.999969,61.059738,50.560349,-0.684456,26.982063,1932,1438,2734,2582,2033,2313,,0,,,,1.56,,0.03,0.41,1.60,33.07
111,0,3.7,-28.921,0,0,-0.022378,-2.068308,2.343459,1.541288,-0.034523,0.390431,-0.076549,-1.639783,1.812235,1.611037,-0.019653,0.485080,-0.076549,-1.639783,1.812235,1.611037,-0.019653,0.485080,-0.076549,-1.639783,1.812235,1.611037,-0.019653,0.485080,-2.436615,-52.195919,57.685226,51.280899,-0.625587,28.534096,-2.436615,-52.195919,57.685226,51.280899,-0.625587,28.534096,1930,1481,2697,2590,2034,2336,,0,,,,1.69,,0.03,0.48,1.87,33.19
112,0,3.7333333333333334,-29.043,0,0,-0.036150,-1.967688,2.252889,1.563248,-0.034523,0.412509,-0.083625,-1.518156,1.704675,1.634041,-0.017771,0.511685,-0.083625,-1.518156,1.704675,1.634041,-0.017771,0.511685,-0.083625,-1.518156,1.704675,1.634042,-0.017771,0.511685,-2.661865,-48.324394,54.261505,52.013153,-0.565666,30.099112,-2.661865,-48.324394,54.261505,52.013153,-0.565666,30.099112,1928,1524,2659,2598,2035,2359,,0,,,,1.70,,0.03,0.52,1.69,33.19
113,0,3.7666666666666666,-28.748,0,0,-0.053364,-1.858683,2.156661,1.582462,-0.034523,0.436910,-0.090383,-1.395320,1.596387,1.657162,-0.015877,0.538288,-0.090383,-1.395320,1.596387,1.657162,-0.015877,0.538288,-0.090383,-1.395320,1.596387,1.657162,-0.015877,0.538288,-2.876976,-44.414417,50.814575,52.749115,-0.505394,31.663996,-2.876976,-44.414417,50.814575,52.749115,-0.505394,31.663996,1926,1568,2621,2607,2037,2382,,0,,,,1.68,,0.03,0.47,1.81,32.95
114,0,3.8,-29.428,0,0,-0.074021,-1.749677,2.057602,1.604422,-0.031454,0.461312,-0.096914,-1.272159,1.488121,1.680085,-0.013994,0.564742,-0.096914,-1.272159,1.488121,1.680085,-0.013994,0.564742,-0.096914,-1.272159,1.488122,1.680085,-0.013994,0.564742,-3.084877,-40.494072,47.368378,53.478760,-0.445450,33.220093,-3.084877,-40.494072,47.368378,53.478760,-0.445450,33.220093,1924,1612,2582,2615,2038,2405,,0,,,,1.55,,0.03,0.41,1.59,33.14
115,0,3.8333333333333335,-29.547,0,0,-0.087792,-1.632287,1.955713,1.626382,-0.025317,0.486876,-0.103071,-1.149621,1.380638,1.702684,-0.012138,0.590909,-0.103071,-1.149621,1.380638,1.702684,-0.012138,0.590909,-0.103071,-1.149621,1.380638,1.702684,-0.012138,0.590908,-3.280846,-36.593563,43.947083,54.198105,-0.386375,34.759323,-3.280846,-36.593563,43.947083,54.198105,-0.386375,34.759323,1922,1656,2544,2623,2039,2427,,0,,,,1.51,,0.03,0.40,1.56,33.19
116,0,3.8666666666666667,-29.437,0,0,-0.087792,-1.512101,1.853822,1.648341,-0.020714,0.513602,-0.108746,-1.028728,1.274734,1.724941,-0.010334,0.616663,-0.108746,-1.028728,1.274734,1.724941,-0.010334,0.616663,-0.108746,-1.028728,1.274734,1.724942,-0.010334,0.616663,-3.461502,-32.745430,40.576035,54.906601,-0.328949,36.274288,-3.461502,-32.745430,40.576035,54.906601,-0.328949,36.274288,1920,1699,2507,2631,2040,2449,,0,,,,1.56,,0.02,0.41,1.56,33.18
117,0,3.9,-29.364,0,0,-0.087792,-1.389121,1.749103,1.670301,-0.017645,0.539166,-0.114018,-0.910472,1.171161,1.746759,-0.008610,0.641845,-0.114018,-0.910472,1.171161,1.746759,-0.008610,0.641845,-0.114018,-0.910472,1.171161,1.746759,-0.008610,0.641845,-3.629318,-28.981232,37.279221,55.601059,-0.274063,37.755589,-3.629318,-28.981232,37.279221,55.601059,-0.274063,37.755589,1919,1742,2470,2639,2041,2471,,0,,,,1.54,,0.03,0.41,1.65,33.16
118,0,3.933333333333333,-29.140,0,0,-0.087792,-1.266140,1.638723,1.692260,-0.016111,0.565892,-0.119041,-0.795827,1.070728,1.767932,-0.006993,0.666180,-0.119041,-0.795827,1.070728,1.767932,-0.006993,0.666180,-0.119041,-0.795827,1.070729,1.767932,-0.006993,0.666180,-3.789207,-25.331970,34.082336,56.275009,-0.222580,39.187084,-3.789207,-25.331970,34.082336,56.275009,-0.222580,39.187084,1917,1783,2435,2647,2042,2492,,0,,,,1.55,,0.03,0.48,1.68,33.07
119,0,3.966666666666667,-29.380,0,0,-0.098121,-1.140365,1.534003,1.714220,-0.013042,0.591456,-0.123792,-0.685792,0.974357,1.788230,-0.005500,0.689367,-0.123792,-0.685792,0.974357,1.788230,-0.005500,0.689367,-0.123792,-0.685792,0.974357,1.788231,-0.005500,0.689367,-3.940422,-21.829437,31.014755,56.921143,-0.175072,40.551010,-3.940422,-21.829437,31.014755,56.921143,-0.175072,40.551010,1916,1822,2401,2654,2043,2512,,0,,,,1.39,,0.04,0.44,1.71,33.22
120,0,4.0,-29.297,0,0,-0.108449,-1.017384,1.426453,1.736180,-0.011508,0.617020,-0.128255,-0.581340,0.882974,1.807510,-0.004144,0.711204,-0.128255,-0.581340,0.882974,1.807510,-0.004144,0.711204,-0.128255,-0.581340,0.882974,1.807510,-0.004144,0.711204,-4.082474,-18.504631,28.105927,57.534836,-0.131897,41.835514,-4.082474,-18.504631,28.105927,57.534836,-0.131897,41.835514,1915,1860,2368,2661,2044,2531,,0,,,,1.51,,0.03,0.43,1.69,33.11
121,0,4.033333333333333,-29.281,0,0,-0.122221,-0.894403,1.321733,1.755394,-0.011508,0.642584,-0.132401,-0.483293,0.797342,1.825606,-0.002933,0.731515,-0.132401,-0.483293,0.797342,1.825606,-0.002933,0.731515,-0.132401,-0.483293,0.797342,1.825606,-0.002933,0.731515,-4.214455,-15.383698,25.380173,58.110840,-0.093346,43.030308,-4.214455,-15.383698,25.380173,58.110840,-0.093346,43.030308,1914,1895,2338,2668,2045,2548,,0,,,,1.51,,0.03,0.44,1.76,33.22
122,0,4.066666666666666,-29.143,0,0,-0.132549,-0.774218,1.222674,1.774609,-0.011508,0.665824,-0.136211,-0.392366,0.718074,1.842382,-0.001879,0.750128,-0.136211,-0.392366,0.718074,1.842382,-0.001879,0.750128,-0.136211,-0.392366,0.718074,1.842382,-0.001879,0.750128,-4.335739,-12.489388,22.856995,58.644836,-0.059807,44.125179,-4.335739,-12.489388,22.856995,58.644836,-0.059807,44.125179,1912,1927,2310,2674,2046,2564,,0,,,,1.60,,0.03,0.43,1.73,33.13
123,0,4.1,-28.813,0,0,-0.132549,-0.656828,1.123615,1.796568,-0.011508,0.687902,-0.139666,-0.309154,0.645672,1.857721,-0.000989,0.766963,-0.139666,-0.309154,0.645672,1.857721,-0.000989,0.766963,-0.139666,-0.309154,0.645672,1.857721,-0.000989,0.766963,-4.445709,-9.840683,20.552376,59.133072,-0.031471,45.115486,-4.445709,-9.840683,20.552376,59.133072,-0.031471,45.115486,1911,1957,2285,2680,2046,2579,,0,,,,1.56,,0.03,0.58,1.98,33.15
124,0,4.133333333333334,-29.187,0,0,-0.132549,-0.542232,1.030216,1.815783,-0.008439,0.708818,-0.142825,-0.234147,0.580553,1.871500,-0.000262,0.781999,-0.142825,-0.234147,0.580553,1.871500,-0.000262,0.781999,-0.142825,-0.234147,0.580553,1.871500,-0.000262,0.781999,-4.546249,-7.453133,18.479561,59.571701,-0.008354,45.999950,-4.546249,-7.453133,18.479561,59.571701,-0.008354,45.999950,1911,1984,2262,2685,2047,2591,,0,,,,1.45,,0.04,0.54,1.72,33.15
125,0,4.166666666666667,-29.168,0,0,-0.129107,-0.438817,0.945308,1.832253,-0.005370,0.728571,-0.145752,-0.167664,0.522935,1.883630,0.000306,0.795196,-0.145752,-0.167664,0.522935,1.883630,0.000306,0.795196,-0.145752,-0.167664,0.522935,1.883630,0.000306,0.795196,-4.639435,-5.336899,16.645523,59.957794,0.009727,46.776230,-4.639435,-5.336899,16.645523,59.957794,0.009727,46.776230,1910,2008,2241,2689,2047,2603,,0,,,,1.72,,0.03,0.43,1.69,33.18
126,0,4.2,-29.489,0,0,-0.129107,-0.340991,0.866060,1.848722,-0.003836,0.747163,-0.148453,-0.109841,0.472801,1.894114,0.000722,0.806553,-0.148453,-0.109841,0.472801,1.894114,0.000722,0.806553,-0.148453,-0.109841,0.472801,1.894114,0.000722,0.806553,-4.725418,-3.496361,15.049721,60.291519,0.022995,47.444309,-4.725418,-3.496361,15.049721,60.291519,0.022995,47.444309,1909,2028,2224,2693,2047,2613,,0,,,,1.56,,0.03,0.41,1.56,33.19
127,0,4.233333333333333,-29.426,0,0,-0.132549,-0.251551,0.789644,1.862448,-0.003836,0.763431,-0.150924,-0.060629,0.429937,1.902926,0.001000,0.816163,-0.150924,-0.060629,0.429937,1.902926,0.001000,0.816163,-0.150924,-0.060629,0.429937,1.902926,0.001000,0.816163,-4.804054,-1.929878,13.685333,60.572021,0.031830,48.009609,-4.804054,-1.929878,13.685333,60.572021,0.031830,48.009609,1908,2046,2208,2696,2048,2621,,0,,,,1.51,,0.03,0.41,1.63,33.13
128,0,4.266666666666667,-29.542,0,0,-0.132549,-0.173291,0.724548,1.876172,-0.003836,0.778537,-0.153237,-0.019788,0.393997,1.910051,0.001150,0.824211,-0.153237,-0.019788,0.393997,1.910051,0.001150,0.824211,-0.153237,-0.019788,0.393997,1.910051,0.001150,0.824211,-4.877678,-0.629860,12.541321,60.798813,0.036621,48.482971,-4.877678,-0.629860,12.541321,60.798813,0.036621,48.482971,1907,2060,2196,2699,2048,2628,,0,,,,1.53,,0.02,0.39,1.58,33.18
129,0,4.3,-29.372,0,0,-0.132549,-0.103415,0.665112,1.887151,-0.003836,0.791319,-0.155464,0.013027,0.364606,1.915724,0.001186,0.830939,-0.155464,0.013027,0.364606,1.915724,0.001186,0.830939,-0.155464,0.013027,0.364606,1.915724,0.001186,0.830939,-4.948570,0.414658,11.605774,60.979385,0.037750,48.878757,-4.948570,0.414658,11.605774,60.979385,0.037750,48.878757,1907,2072,2185,2701,2048,2634,,0,,,,1.53,,0.03,0.40,1.74,33.19
130,0,4.333333333333333,-29.670,0,0,-0.132549,-0.044720,0.611337,1.895387,-0.003836,0.801777,-0.157627,0.038267,0.341327,1.920374,0.001123,0.836596,-0.157627,0.038267,0.341327,1.920374,0.001123,0.836596,-0.157627,0.038267,0.341327,1.920374,0.001123,0.836596,-5.017433,1.218079,10.864784,61.127396,0.035736,49.211521,-5.017433,1.218079,10.864784,61.127396,0.035736,49.211521,1906,2081,2177,2703,2048,2638,,0,,,,1.34,,0.03,0.45,1.59,33.18
131,0,4.366666666666666,-29.282,0,0,-0.132549,0.008385,0.568883,1.906366,-0.003836,0.812235,-0.159736,0.056657,0.323540,1.924299,0.000979,0.841384,-0.159736,0.056657,0.323540,1.924299,0.000979,0.841384,-0.159736,0.056657,0.323540,1.924299,0.000979,0.841384,-5.084549,1.803459,10.298584,61.252350,0.031174,49.493176,-5.084549,1.803459,10.298584,61.252350,0.031174,49.493176,1906,2088,2171,2704,2048,2643,,0,,,,1.59,,0.03,0.43,1.64,33.11
132,0,4.4,-29.392,0,0,-0.132549,0.047515,0.532089,1.911856,-0.003836,0.820369,-0.161782,0.069233,0.310431,1.927473,0.000780,0.845471,-0.161782,0.069233,0.310431,1.927473,0.000780,0.845471,-0.161782,0.069233,0.310431,1.927473,0.000780,0.845471,-5.149689,2.203751,9.881332,61.353363,0.024834,49.733593,-5.149689,2.203751,9.881332,61.353363,0.024834,49.733593,1905,2092,2166,2705,2048,2646,,0,,,,1.47,,0.03,0.43,1.67,33.19
133,0,4.433333333333334,-28.769,0,0,-0.132549,0.075465,0.500957,1.917346,-0.003836,0.827341,-0.163645,0.077192,0.301180,1.929781,0.000548,0.848977,-0.163645,0.077192,0.301180,1.929781,0.000548,0.848977,-0.163645,0.077192,0.301180,1.929781,0.000548,0.848977,-5.208992,2.457085,9.586868,61.426834,0.017426,49.939827,-5.208992,2.457085,9.586868,61.426834,0.017426,49.939827,1904,2095,2163,2706,2047,2649,,0,,,,2.11,,0.02,0.41,1.69,33.19
134,0,4.466666666666667,-28.409,0,0,-0.132549,0.095030,0.478315,1.922836,-0.003836,0.833151,-0.165222,0.081774,0.295073,1.931262,0.000300,0.851912,-0.165222,0.081774,0.295073,1.931262,0.000300,0.851912,-0.165222,0.081774,0.295073,1.931262,0.000300,0.851912,-5.259186,2.602936,9.392456,61.473969,0.009537,50.112450,-5.259186,2.602936,9.392456,61.473969,0.009537,50.112450,1904,2097,2161,2707,2047,2652,,0,,,,2.21,,0.03,0.45,1.78,33.15
135,0,4.5,-29.077,0,0,-0.135992,0.111800,0.458503,1.922836,-0.003836,0.838961,-0.166576,0.084192,0.291499,1.932133,0.000046,0.854286,-0.166576,0.084192,0.291499,1.932133,0.000046,0.854286,-0.166576,0.084192,0.291499,1.932134,0.000046,0.854286,-5.302284,2.679909,9.278717,61.501724,0.001480,50.252144,-5.302284,2.679909,9.278717,61.501724,0.001480,50.252144,1904,2098,2159,2707,2047,2654,,0,,,,1.62,,0.03,0.47,1.82,33.22
136,0,4.533333333333333,-28.494,0,0,-0.139435,0.122981,0.444351,1.928326,-0.003836,0.843609,-0.167776,0.085615,0.289891,1.932511,-0.000200,0.856021,-0.167776,0.085615,0.289891,1.932511,-0.000200,0.856021,-0.167776,0.085615,0.289891,1.932511,-0.000200,0.856021,-5.340485,2.725220,9.227516,61.513733,-0.006363,50.354183,-5.340485,2.725220,9.227516,61.513733,-0.006363,50.354183,1903,2098,2159,2707,2047,2655,,0,,,,1.82,,0.04,0.76,1.83,33.15
137,0,4.566666666666666,-29.157,0,0,-0.149764,0.131366,0.433031,1.928326,-0.003836,0.847095,-0.168853,0.087141,0.289706,1.932207,-0.000427,0.857012,-0.168853,0.087141,0.289706,1.932207,-0.000427,0.857012,-0.168853,0.087141,0.289706,1.932207,-0.000427,0.857012,-5.374741,2.773788,9.221611,61.504059,-0.013580,50.412483,-5.374741,2.773788,9.221611,61.504059,-0.013580,50.412483,1903,2099,2159,2707,2047,2656,,0,,,,1.56,,0.03,0.46,1.81,33.19
138,0,4.6,-28.974,0,0,-0.160092,0.134161,0.424540,1.928326,-0.003836,0.849419,-0.169799,0.089731,0.290452,1.930897,-0.000623,0.857291,-0.169799,0.089731,0.290452,1.930897,-0.000623,0.857291,-0.169799,0.089731,0.290452,1.930897,-0.000623,0.857291,-5.404869,2.856209,9.245369,61.462341,-0.019814,50.428879,-5.404869,2.856209,9.245369,61.462341,-0.019814,50.428879,1903,2100,2159,2706,2047,2656,,0,,,,1.74,,0.03,0.49,1.70,33.12
139,0,4.633333333333334,-29.466,0,0,-0.170421,0.134161,0.424540,1.928326,-0.003836,0.851743,-0.170577,0.094108,0.291806,1.928360,-0.000780,0.857045,-0.170577,0.094108,0.291806,1.928360,-0.000780,0.857045,-0.170577,0.094108,0.291806,1.928360,-0.000780,0.857045,-5.429634,2.995560,9.288452,61.381607,-0.024826,50.414406,-5.429634,2.995560,9.288452,61.381607,-0.024826,50.414406,1902,2101,2160,2706,2046,2656,,0,,,,1.51,,0.02,0.40,1.62,33.20
140,0,4.666666666666667,-29.406,0,0,-0.173864,0.136955,0.421709,1.928326,-0.003836,0.851743,-0.171145,0.100750,0.293639,1.924433,-0.000902,0.856480,-0.171145,0.100750,0.293639,1.924433,-0.000902,0.856480,-0.171145,0.100750,0.293639,1.924433,-0.000902,0.856480,-5.447723,3.206970,9.346832,61.256622,-0.028702,50.381161,-5.447723,3.206970,9.346832,61.256622,-0.028702,50.381161,1902,2104,2160,2704,2046,2656,,0,,,,1.57,,0.02,0.39,1.59,33.16
141,0,4.7,-29.418,0,0,-0.173864,0.136955,0.421709,1.928326,-0.003836,0.851743,-0.171478,0.109877,0.295997,1.918978,-0.000997,0.855838,-0.171478,0.109877,0.295997,1.918978,-0.000997,0.855838,-0.171477,0.109877,0.295997,1.918978,-0.000997,0.855838,-5.458298,3.497482,9.421875,61.082977,-0.031731,50.343430,-5.458298,3.497482,9.421875,61.082977,-0.031731,50.343430,1902,2107,2161,2702,2046,2655,,0,,,,1.54,,0.02,0.40,1.59,33.13
142,0,4.733333333333333,-29.554,0,0,-0.166978,0.139750,0.421709,1.928326,-0.003836,0.851743,-0.171618,0.121495,0.299008,1.911896,-0.001072,0.855355,-0.171618,0.121495,0.299008,1.911896,-0.001072,0.855355,-0.171618,0.121495,0.299008,1.911896,-0.001072,0.855355,-5.462753,3.867294,9.517715,60.857529,-0.034119,50.314987,-5.462753,3.867294,9.517715,60.857529,-0.034119,50.314987,1902,2111,2162,2700,2046,2655,,0,,,,1.41,,0.03,0.43,1.60,33.17
143,0,4.766666666666667,-29.531,0,0,-0.163535,0.142546,0.421709,1.928326,-0.003836,0.851743,-0.171613,0.135453,0.302826,1.903099,-0.001131,0.855169,-0.171613,0.135453,0.302826,1.903099,-0.001131,0.855169,-0.171613,0.135453,0.302826,1.903099,-0.001131,0.855169,-5.462593,4.311623,9.639267,60.577515,-0.036011,50.304054,-5.462593,4.311623,9.639267,60.577515,-0.036011,50.304054,1902,2116,2163,2696,2046,2654,,0,,,,1.48,,0.03,0.41,1.61,33.19
144,0,4.8,-29.670,0,0,-0.163535,0.153726,0.421709,1.928326,-0.003836,0.851743,-0.171485,0.151489,0.307507,1.892519,-0.001176,0.855319,-0.171485,0.151489,0.307507,1.892519,-0.001176,0.855319,-0.171485,0.151489,0.307507,1.892519,-0.001176,0.855319,-5.458549,4.822067,9.788261,60.240753,-0.037437,50.312859,-5.458549,4.822067,9.788261,60.240753,-0.037437,50.312859,1902,2122,2165,2692,2046,2655,,0,,,,1.39,,0.02,0.40,1.59,33.23
145,0,4.833333333333333,-29.427,0,0,-0.163535,0.164906,0.421709,1.928326,-0.003836,0.851743,-0.171189,0.169246,0.313000,1.880212,-0.001203,0.855837,-0.171189,0.169246,0.313000,1.880212,-0.001203,0.855837,-0.171189,0.169246,0.313000,1.880212,-0.001203,0.855837,-5.449120,5.387260,9.963104,59.849014,-0.038277,50.343357,-5.449120,5.387260,9.963104,59.849014,-0.038277,50.343357,1902,2128,2167,2688,2046,2655,,0,,,,1.44,,0.03,0.40,1.58,33.09
146,0,4.866666666666666,-29.045,0,0,-0.163535,0.178881,0.421709,1.920091,-0.003836,0.851743,-0.170643,0.188232,0.319230,1.866471,-0.001206,0.856751,-0.170643,0.188232,0.319230,1.866471,-0.001206,0.856751,-0.170643,0.188232,0.319230,1.866471,-0.001206,0.856751,-5.431732,5.991600,10.161400,59.411621,-0.038391,50.397110,-5.431732,5.991600,10.161400,59.411621,-0.038391,50.397110,1902,2135,2169,2683,2046,2656,,0,,,,1.64,,0.03,0.43,1.73,33.01
147,0,4.9,-28.605,0,0,-0.166978,0.195651,0.421709,1.906366,-0.003836,0.851743,-0.169800,0.207874,0.326066,1.851756,-0.001181,0.858023,-0.169800,0.207874,0.326066,1.851756,-0.001181,0.858023,-0.169800,0.207874,0.326066,1.851756,-0.001181,0.858023,-5.404892,6.616821,10.379005,58.943207,-0.037582,50.471954,-5.404892,6.616821,10.379005,58.943207,-0.037582,50.471954,1903,2142,2172,2678,2046,2657,,0,,,,1.76,,0.03,0.74,1.85,33.14
148,0,4.933333333333334,-29.302,0,0,-0.170421,0.215216,0.421709,1.895387,-0.003836,0.851743,-0.168646,0.227606,0.333280,1.836558,-0.001120,0.859518,-0.168646,0.227606,0.333280,1.836558,-0.001120,0.859518,-0.168646,0.227606,0.333280,1.836558,-0.001120,0.859518,-5.368179,7.244919,10.608635,58.459442,-0.035660,50.559879,-5.368179,7.244919,10.608635,58.459442,-0.035660,50.559879,1903,2149,2174,2672,2046,2658,,0,,,,1.43,,0.03,0.42,1.81,33.19
149,0,4.966666666666667,-29.083,0,0,-0.170421,0.231986,0.421709,1.881662,-0.003836,0.851743,-0.167195,0.246881,0.340590,1.821413,-0.001018,0.861023,-0.167195,0.246881,0.340590,1.821413,-0.001018,0.861023,-0.167195,0.246881,0.340590,1.821413,-0.001018,0.861023,-5.321991,7.858467,10.841324,57.977371,-0.032410,50.648438,-5.321991,7.858467,10.841324,57.977371,-0.032410,50.648438,1903,2156,2177,2667,2046,2659,,0,,,,1.71,,0.03,0.45,1.72,33.18
150,0,5.0,-29.310,0,0,-0.170421,0.251551,0.421709,1.865192,-0.003836,0.851743,-0.165513,0.265181,0.347710,1.806875,-0.000870,0.862264,-0.165513,0.265181,0.347710,1.806875,-0.000870,0.862264,-0.165513,0.265181,0.347710,1.806875,-0.000870,0.862264,-5.268433,8.440971,11.067940,57.514618,-0.027695,50.721432,-5.268433,8.440971,11.067940,57.514618,-0.027695,50.721432,1904,2162,2179,2661,2046,2661,,0,,,,1.66,,0.03,0.43,1.58,33.16
151,0,5.033333333333333,-29.492,0,0,-0.170421,0.268321,0.421709,1.851467,-0.003836,0.851743,-0.163726,0.282063,0.354372,1.793438,-0.000677,0.863082,-0.163726,0.282063,0.354372,1.793438,-0.000677,0.863082,-0.163726,0.282063,0.354372,1.793438,-0.000677,0.863082,-5.211571,8.978355,11.280014,57.086914,-0.021545,50.769508,-5.211571,8.978355,11.280014,57.086914,-0.021545,50.769508,1904,2168,2182,2656,2047,2661,,0,,,,1.54,,0.02,0.41,1.53,33.17
152,0,5.066666666666666,-29.514,0,0,-0.170421,0.282296,0.421709,1.840488,-0.003836,0.851743,-0.161970,0.297209,0.360331,1.781444,-0.000443,0.863423,-0.161970,0.297209,0.360331,1.781444,-0.000443,0.863423,-0.161970,0.297209,0.360331,1.781444,-0.000443,0.863423,-5.155655,9.460464,11.469688,56.705124,-0.014091,50.789608,-5.155655,9.460464,11.469688,56.705124,-0.014091,50.789608,1905,2174,2184,2652,2047,2662,,0,,,,1.52,,0.02,0.41,1.56,33.16
153,0,5.1,-29.282,0,0,-0.170421,0.293476,0.418879,1.829508,-0.003836,0.851743,-0.160317,0.310399,0.365438,1.771126,-0.000174,0.863293,-0.160317,0.310399,0.365438,1.771126,-0.000174,0.863293,-0.160317,0.310399,0.365438,1.771126,-0.000174,0.863293,-5.103043,9.880302,11.632248,56.376678,-0.005539,50.781929,-5.103043,9.880302,11.632248,56.376678,-0.005539,50.781929,1905,2179,2186,2648,2047,2661,,0,,,,1.62,,0.03,0.43,1.62,33.15
154,0,5.133333333333334,-29.591,0,0,-0.170421,0.301861,0.418879,1.818528,-0.003836,0.851743,-0.158813,0.321517,0.369591,1.762623,0.000118,0.862738,-0.158813,0.321517,0.369591,1.762623,0.000118,0.862738,-0.158813,0.321517,0.369591,1.762623,0.000118,0.862738,-5.055168,10.234192,11.764458,56.106033,0.003769,50.749321,-5.055168,10.234192,11.764458,56.106033,0.003769,50.749321,1906,2183,2187,2645,2047,2661,,0,,,,1.42,,0.02,0.45,1.57,33.19
155,0,5.166666666666667,-29.223,0,0,-0.170421,0.310246,0.418879,1.807548,-0.003836,0.851743,-0.157517,0.330571,0.372735,1.755945,0.000424,0.861813,-0.157517,0.330571,0.372735,1.755945,0.000424,0.861813,-0.157517,0.330571,0.372735,1.755945,0.000424,0.861813,-5.013931,10.522400,11.864532,55.893463,0.013504,50.694889,-5.013931,10.522400,11.864532,55.893463,0.013504,50.694889,1906,2186,2188,2643,2047,2660,,0,,,,1.61,,0.03,0.53,1.66,33.20
156,0,5.2,-29.243,0,0,-0.170421,0.321426,0.418879,1.799313,-0.003836,0.851743,-0.156475,0.337725,0.374902,1.750945,0.000741,0.860571,-0.156475,0.337725,0.374902,1.750945,0.000741,0.860571,-0.156475,0.337725,0.374902,1.750945,0.000741,0.860571,-4.980759,10.750130,11.933495,55.734329,0.023590,50.621796,-4.980759,10.750130,11.933495,55.734329,0.023590,50.621796,1907,2188,2189,2641,2047,2659,,0,,,,1.50,,0.03,0.44,1.77,33.19
157,0,5.233333333333333,-29.065,0,0,-0.170421,0.329812,0.418879,1.793823,-0.003836,0.851743,-0.155693,0.343242,0.376213,1.747377,0.001071,0.859126,-0.155693,0.343242,0.376213,1.747377,0.001071,0.859126,-0.155693,0.343242,0.376213,1.747377,0.001071,0.859126,-4.955849,10.925720,11.975243,55.620743,0.034081,50.536823,-4.955849,10.925720,11.975243,55.620743,0.034081,50.536823,1907,2190,2189,2640,2048,2658,,0,,,,1.63,,0.03,0.43,1.83,33.11
158,0,5.266666666666667,-29.612,0,0,-0.170421,0.332607,0.418879,1.788334,-0.003836,0.851743,-0.155155,0.347405,0.376873,1.744923,0.001413,0.857641,-0.155155,0.347405,0.376873,1.744923,0.001413,0.857641,-0.155155,0.347405,0.376873,1.744923,0.001413,0.857641,-4.938728,11.058235,11.996254,55.542633,0.044991,50.449467,-4.938728,11.058235,11.996254,55.542633,0.044991,50.449467,1907,2192,2190,2639,2048,2657,,0,,,,1.47,,0.03,0.40,1.55,33.18
159,0,5.3,-29.605,0,0,-0.170421,0.335401,0.418879,1.782843,-0.003836,0.851743,-0.154863,0.350479,0.377142,1.743235,0.001765,0.856297,-0.154863,0.350479,0.377142,1.743235,0.001765,0.856297,-0.154863,0.350479,0.377142,1.743235,0.001765,0.856297,-4.929443,11.156082,12.004807,55.488892,0.056168,50.370419,-4.929443,11.156082,12.004807,55.488892,0.056168,50.370419,1907,2193,2190,2638,2048,2655,,0,,,,1.52,,0.03,0.42,1.50,33.18
160,0,5.333333333333333,-29.397,0,0,-0.170421,0.340992,0.418879,1.780099,-0.003836,0.851743,-0.154794,0.352704,0.377276,1.742007,0.002118,0.855283,-0.154794,0.352704,0.377276,1.742007,0.002118,0.855283,-0.154794,0.352704,0.377276,1.742007,0.002118,0.855283,-4.927231,11.226913,12.009071,55.449783,0.067429,50.310741,-4.927231,11.226913,12.009071,55.449783,0.067429,50.310741,1907,2194,2190,2638,2048,2655,,0,,,,1.52,,0.02,0.40,1.73,33.21
161,0,5.366666666666666,-29.334,0,0,-0.170421,0.343787,0.418879,1.777354,-0.003836,0.851743,-0.154895,0.354351,0.377484,1.740960,0.002468,0.854709,-0.154895,0.354351,0.377484,1.740960,0.002468,0.854709,-0.154895,0.354351,0.377484,1.740960,0.002468,0.854709,-4.930458,11.279343,12.015678,55.416489,0.078545,50.276981,-4.930458,11.279343,12.015678,55.416489,0.078545,50.276981,1907,2194,2190,2637,2049,2654,,0,,,,1.56,,0.03,0.49,1.63,33.19
162,0,5.4,-28.933,0,0,-0.170421,0.343787,0.418879,1.774609,-0.003836,0.851743,-0.155121,0.355724,0.377932,1.739799,0.002805,0.854590,-0.155121,0.355724,0.377932,1.739799,0.002805,0.854590,-0.155121,0.355724,0.377932,1.739799,0.002805,0.854590,-4.937653,11.323059,12.029961,55.379517,0.089302,50.269997,-4.937653,11.323059,12.029961,55.379517,0.089302,50.269997,1907,2195,2190,2637,2049,2654,,0,,,,1.87,,0.03,0.49,1.72,33.20
163,0,5.433333333333334,-29.366,0,0,-0.170421,0.343787,0.416049,1.774609,-0.003836,0.851743,-0.155480,0.357137,0.378760,1.738267,0.003121,0.854885,-0.155480,0.357137,0.378760,1.738267,0.003121,0.854885,-0.155481,0.357137,0.378760,1.738266,0.003121,0.854885,-4.949097,11.368034,12.056305,55.330734,0.099350,50.287365,-4.949097,11.368034,12.056305,55.330734,0.099350,50.287365,1907,2195,2190,2636,2049,2654,,0,,,,1.60,,0.02,0.42,1.60,33.15
164,0,5.466666666666667,-29.404,0,0,-0.170421,0.343787,0.416049,1.771864,-0.003836,0.851743,-0.155968,0.358902,0.380055,1.736185,0.003402,0.855513,-0.155968,0.358902,0.380055,1.736185,0.003402,0.855513,-0.155968,0.358902,0.380055,1.736185,0.003402,0.855513,-4.964630,11.424217,12.097527,55.264496,0.108276,50.324310,-4.964630,11.424217,12.097527,55.264496,0.108276,50.324310,1907,2196,2191,2636,2049,2655,,0,,,,1.53,,0.02,0.43,1.62,33.22
165,0,5.5,-29.210,0,0,-0.170421,0.343787,0.416049,1.771864,-0.003836,0.851743,-0.156536,0.361350,0.381828,1.733388,0.003635,0.856354,-0.156536,0.361350,0.381828,1.733388,0.003635,0.856354,-0.156536,0.361350,0.381828,1.733388,0.003635,0.856354,-4.982704,11.502121,12.153961,55.175446,0.115715,50.373756,-4.982704,11.502121,12.153961,55.175446,0.115715,50.373756,1907,2197,2191,2634,2049,2655,,0,,,,1.50,,0.03,0.48,1.63,33.01
166,0,5.533333333333333,-29.215,0,0,-0.170421,0.343787,0.416049,1.771864,-0.003836,0.851743,-0.157146,0.364786,0.384021,1.729726,0.003815,0.857236,-0.157146,0.364786,0.384021,1.729726,0.003815,0.857236,-0.157146,0.364786,0.384021,1.729726,0.003815,0.857236,-5.002129,11.611488,12.223755,55.058884,0.121452,50.425659,-5.002129,11.611488,12.223755,55.058884,0.121452,50.425659,1906,2198,2192,2633,2049,2656,,0,,,,1.68,,0.03,0.42,1.71,33.21
167,0,5.566666666666666,-29.105,0,0,-0.170421,0.343787,0.416049,1.771864,-0.003836,0.851743,-0.157789,0.369444,0.386565,1.725085,0.003937,0.857970,-0.157789,0.369444,0.386565,1.725085,0.003937,0.857970,-0.157789,0.369444,0.386565,1.725085,0.003937,0.857970,-5.022598,11.759773,12.304756,54.911148,0.125328,50.468826,-5.022598,11.759773,12.304756,54.911148,0.125328,50.468826,1906,2200,2193,2631,2050,2657,,0,,,,1.79,,0.03,0.41,1.71,33.19
168,0,5.6,-28.472,0,0,-0.170421,0.343787,0.416049,1.771864,-0.003836,0.851743,-0.158440,0.375437,0.389382,1.719432,0.004000,0.858409,-0.158440,0.375437,0.389382,1.719432,0.004000,0.858409,-0.158440,0.375437,0.389382,1.719432,0.004000,0.858409,-5.043312,11.950539,12.394417,54.731201,0.127327,50.494629,-5.043312,11.950539,12.394417,54.731201,0.127327,50.494629,1906,2202,2194,2629,2050,2657,,0,,,,2.19,,0.03,0.45,1.89,33.22
169,0,5.633333333333334,-27.992,0,0,-0.170421,0.346581,0.416049,1.771864,-0.003836,0.851743,-0.159095,0.382718,0.392384,1.712862,0.004002,0.858536,-0.159095,0.382718,0.392384,1.712862,0.004002,0.858536,-0.159095,0.382718,0.392384,1.712862,0.004002,0.858536,-5.064148,12.182297,12.489975,54.522079,0.127396,50.502098,-5.064148,12.182297,12.489975,54.522079,0.127396,50.502098,1906,2204,2195,2627,2050,2657,,0,,,,1.74,,0.03,1.27,1.93,33.13
170,0,5.666666666666667,-29.412,0,0,-0.170421,0.349376,0.416049,1.766374,-0.003836,0.851743,-0.159784,0.391093,0.395488,1.705551,0.003941,0.858413,-0.159784,0.391093,0.395488,1.705551,0.003941,0.858413,-0.159785,0.391093,0.395488,1.705551,0.003941,0.858413,-5.086098,12.448898,12.588760,54.289383,0.125458,50.494911,-5.086098,12.448898,12.588760,54.289383,0.125458,50.494911,1906,2207,2196,2624,2050,2657,,0,,,,1.54,,0.03,0.41,1.60,33.14
171,0,5.7,-29.356,0,0,-0.170421,0.354966,0.416049,1.758139,-0.003836,0.851743,-0.160523,0.400281,0.398612,1.697699,0.003814,0.858160,-0.160523,0.400281,0.398612,1.697699,0.003814,0.858160,-0.160523,0.400281,0.398612,1.697699,0.003814,0.858160,-5.109612,12.741325,12.688232,54.039444,0.121391,50.479996,-5.109612,12.741325,12.688232,54.039444,0.121391,50.479996,1905,2211,2197,2621,2049,2657,,0,,,,1.61,,0.03,0.40,1.58,33.09
172,0,5.733333333333333,-29.247,0,0,-0.170421,0.363351,0.416049,1.749904,-0.003836,0.851743,-0.161261,0.409974,0.401657,1.689501,0.003623,0.857889,-0.161261,0.409974,0.401657,1.689501,0.003623,0.857889,-0.161261,0.409974,0.401657,1.689501,0.003623,0.857889,-5.133095,13.049889,12.785126,53.778488,0.115326,50.464035,-5.133095,13.049889,12.785126,53.778488,0.115326,50.464035,1905,2214,2198,2618,2049,2657,,0,,,,1.52,,0.02,0.40,1.83,33.20
173,0,5.766666666666667,-29.262,0,0,-0.170421,0.371737,0.416049,1.741669,-0.003836,0.851743,-0.162012,0.419870,0.404520,1.681179,0.003382,0.857692,-0.162012,0.419870,0.404520,1.681179,0.003382,0.857692,-0.162012,0.419870,0.404520,1.681179,0.003382,0.857692,-5.157005,13.364876,12.876274,53.513596,0.107658,50.452477,-5.157005,13.364876,12.876274,53.513596,0.107658,50.452477,1905,2218,2199,2615,2049,2657,,0,,,,1.47,,0.02,0.44,1.83,33.19
174,0,5.8,-29.337,0,0,-0.170421,0.374531,0.416049,1.733434,-0.003836,0.851743,-0.162781,0.429696,0.407153,1.672940,0.003106,0.857627,-0.162781,0.429696,0.407153,1.672940,0.003106,0.857627,-0.162781,0.429696,0.407153,1.672940,0.003106,0.857627,-5.181488,13.677658,12.960091,53.251343,0.098862,50.448631,-5.181488,13.677658,12.960091,53.251343,0.098862,50.448631,1905,2221,2200,2612,2049,2657,,0,,,,1.56,,0.03,0.45,1.65,33.23
175,0,5.833333333333333,-29.205,0,0,-0.170421,0.382917,0.416049,1.725199,-0.003836,0.851743,-0.163535,0.439253,0.409511,1.664932,0.002807,0.857719,-0.163535,0.439253,0.409511,1.664932,0.002807,0.857719,-0.163534,0.439253,0.409511,1.664932,0.002807,0.857719,-5.205467,13.981865,13.035133,52.996445,0.089355,50.454033,-5.205467,13.981865,13.035133,52.996445,0.089355,50.454033,1905,2225,2201,2610,2049,2657,,0,,,,1.65,,0.03,0.43,1.67,33.15
176,0,5.866666666666666,-28.201,0,0,-0.170421,0.388506,0.416049,1.716964,-0.003836,0.851743,-0.164194,0.448415,0.411518,1.657280,0.002499,0.857993,-0.164194,0.448415,0.411518,1.657280,0.002499,0.857993,-0.164194,0.448415,0.411518,1.657280,0.002499,0.857993,-5.226463,14.273476,13.099030,52.752869,0.079536,50.470161,-5.226463,14.273476,13.099030,52.752869,0.079536,50.470161,1904,2228,2202,2607,2049,2657,,0,,,,1.70,,0.03,0.48,2.55,33.15
177,0,5.9,-29.699,0,0,-0.170421,0.391301,0.416049,1.708730,-0.003836,0.851743,-0.164725,0.457075,0.413089,1.650140,0.002194,0.858476,-0.164725,0.457075,0.413089,1.650140,0.002194,0.858476,-0.164725,0.457075,0.413089,1.650140,0.002194,0.858476,-5.243347,14.549149,13.149033,52.525589,0.069832,50.498604,-5.243347,14.549149,13.149033,52.525589,0.069832,50.498604,1904,2231,2202,2604,2048,2657,,0,,,,1.35,,0.03,0.41,1.53,33.16
178,0,5.933333333333334,-29.373,0,0,-0.170421,0.396892,0.416049,1.703241,-0.003836,0.851743,-0.165142,0.465108,0.414168,1.643717,0.001908,0.859166,-0.165142,0.465108,0.414168,1.643717,0.001908,0.859166,-0.165142,0.465108,0.414168,1.643717,0.001908,0.859166,-5.256630,14.804840,13.183365,52.321121,0.060722,50.539185,-5.256630,14.804840,13.183365,52.321121,0.060722,50.539185,1904,2234,2203,2602,2048,2658,,0,,,,1.58,,0.03,0.44,1.61,33.19
179,0,5.966666666666667,-29.634,0,0,-0.170421,0.402482,0.416049,1.695005,-0.003836,0.851743,-0.165431,0.472398,0.414743,1.638155,0.001652,0.860015,-0.165431,0.472398,0.414743,1.638155,0.001652,0.860015,-0.165431,0.472398,0.414743,1.638155,0.001652,0.860015,-5.265831,15.036880,13.201691,52.144104,0.052582,50.589119,-5.265831,15.036880,13.201691,52.144104,0.052582,50.589119,1904,2237,2203,2600,2048,2659,,0,,,,1.46,,0.02,0.40,1.54,33.18
180,1,6.0,-19.653,0,0,-0.170421,0.405277,0.416049,1.686770,-0.003836,0.851743,-0.175500,0.428350,0.420355,1.647058,-0.004989,0.846910,-0.175500,0.428350,0.420355,1.647058,-0.004989,0.846910,-0.175500,0.428350,0.420355,1.647058,-0.004989,0.846910,-5.586334,13.634804,13.380302,52.427475,-0.158806,49.818249,-5.586334,13.634804,13.380302,52.427475,-0.158806,49.818249,1901,2221,2205,2603,2044,2647,,0,205,1789030975.066385,39.1,1.54,7.02,2.59,0.45,1.77,33.18
181,0,6.033333333333333,-29.198,0,0,-0.170421,0.405277,0.416049,1.681280,-0.003836,0.851743,-0.175392,0.439618,0.424337,1.636256,-0.005069,0.846595,-0.175392,0.439618,0.424337,1.636256,-0.005069,0.846595,-0.175392,0.439618,0.424337,1.636256,-0.005069,0.846595,-5.582901,13.993477,13.507057,52.083618,-0.161346,49.799732,-5.582901,13.993477,13.507057,52.083618,-0.161346,49.799732,1901,2225,2206,2599,2044,2647,,0,,,,1.63,,0.03,0.46,1.63,33.12
182,0,6.066666666666666,-29.121,0,0,-0.170421,0.405277,0.416049,1.678536,-0.003836,0.851743,-0.175263,0.449834,0.428033,1.626207,-0.005112,0.845765,-0.175263,0.449834,0.428033,1.626207,-0.005112,0.845765,-0.175263,0.449834,0.428033,1.626207,-0.005112,0.845765,-5.578812,14.318657,13.624725,51.763763,-0.162720,49.750881,-5.578812,14.318657,13.624725,51.763763,-0.162720,49.750881,1901,2228,2208,2595,2044,2646,,0,,,,1.59,,0.03,0.48,1.75,33.12
183,0,6.1,-29.017,0,0,-0.170421,0.402482,0.416049,1.670301,-0.003836,0.851743,-0.175161,0.458490,0.431389,1.617437,-0.005146,0.844546,-0.175161,0.458490,0.431389,1.617437,-0.005146,0.844546,-0.175161,0.458490,0.431389,1.617437,-0.005146,0.844546,-5.575562,14.594185,13.731529,51.484604,-0.163803,49.679153,-5.575562,14.594185,13.731529,51.484604,-0.163803,49.679153,1901,2232,2209,2592,2044,2645,,0,,,,1.64,,0.04,0.69,1.61,33.16
184,0,6.133333333333334,-29.380,0,0,-0.170421,0.405277,0.416049,1.664811,-0.003836,0.851743,-0.175258,0.465365,0.434435,1.610400,-0.005175,0.843217,-0.175258,0.465365,0.434435,1.610400,-0.005175,0.843217,-0.175258,0.465365,0.434435,1.610400,-0.005175,0.843217,-5.578629,14.813026,13.828491,51.260635,-0.164726,49.601002,-5.578629,14.813026,13.828491,51.260635,-0.164726,49.601002,1901,2234,2210,2590,2044,2644,,0,,,,1.53,,0.02,0.40,1.62,33.11
185,0,6.166666666666667,-29.325,0,0,-0.170421,0.408072,0.416049,1.656576,-0.003836,0.848257,-0.175544,0.470356,0.437075,1.605125,-0.005205,0.842045,-0.175544,0.470356,0.437075,1.605125,-0.005205,0.842045,-0.175544,0.470356,0.437075,1.605125,-0.005205,0.842045,-5.587746,14.971901,13.912521,51.092712,-0.165680,49.532047,-5.587746,14.971901,13.912521,51.092712,-0.165680,49.532047,1901,2236,2211,2588,2044,2643,,0,,,,1.53,,0.02,0.40,1.74,33.18
186,0,6.2,-29.323,0,0,-0.170421,0.408072,0.416049,1.651086,-0.003836,0.845933,-0.175905,0.473541,0.439179,1.601421,-0.005270,0.841197,-0.175905,0.473541,0.439179,1.601421,-0.005270,0.841197,-0.175905,0.473541,0.439179,1.601421,-0.005270,0.841197,-5.599236,15.073288,13.979507,50.974808,-0.167732,49.482155,-5.599236,15.073288,13.979507,50.974808,-0.167732,49.482155,1901,2237,2212,2586,2044,2642,,0,,,,1.51,,0.03,0.43,1.69,33.20
187,0,6.233333333333333,-29.451,0,0,-0.170421,0.408072,0.416049,1.642851,-0.003836,0.843609,-0.176227,0.475103,0.440716,1.599032,-0.005330,0.840762,-0.176227,0.475103,0.440716,1.599032,-0.005330,0.840762,-0.176227,0.475103,0.440716,1.599032,-0.005330,0.840762,-5.609474,15.123001,14.028419,50.898773,-0.169647,49.456612,-5.609474,15.123001,14.028419,50.898773,-0.169647,49.456612,1901,2237,2212,2586,2044,2642,,0,,,,1.50,,0.03,0.41,1.58,33.13
188,0,6.266666666666667,-29.340,0,0,-0.170421,0.408072,0.421709,1.637362,-0.003836,0.843609,-0.176422,0.475329,0.441757,1.597748,-0.005383,0.840738,-0.176422,0.475329,0.441757,1.597748,-0.005383,0.840738,-0.176422,0.475329,0.441757,1.597748,-0.005383,0.840738,-5.615685,15.130196,14.061569,50.857880,-0.171341,49.455193,-5.615685,15.130196,14.061569,50.857880,-0.171341,49.455193,1901,2238,2213,2585,2043,2642,,0,,,,1.54,,0.03,0.44,1.67,33.16
189,0,6.3,-29.576,0,0,-0.170421,0.408072,0.421709,1.637362,-0.003836,0.843609,-0.176451,0.474436,0.442485,1.597512,-0.005438,0.841138,-0.176451,0.474436,0.442485,1.597512,-0.005438,0.841138,-0.176451,0.474436,0.442485,1.597512,-0.005438,0.841138,-5.616608,15.101776,14.084717,50.850372,-0.173096,49.478718,-5.616608,15.101776,14.084717,50.850372,-0.173096,49.478718,1901,2237,2213,2585,2043,2642,,0,,,,1.44,,0.02,0.41,1.60,33.19
190,0,6.333333333333333,-29.572,0,0,-0.170421,0.408072,0.421709,1.631871,-0.003836,0.842447,-0.176354,0.472589,0.443084,1.598332,-0.005491,0.842017,-0.176354,0.472589,0.443084,1.598332,-0.005491,0.842017,-0.176354,0.472589,0.443084,1.598332,-0.005491,0.842017,-5.613510,15.042961,14.103821,50.876480,-0.174805,49.530388,-5.613510,15.042961,14.103821,50.876480,-0.174805,49.530388,1901,2237,2213,2585,2043,2643,,0,,,,1.44,,0.02,0.42,1.59,33.17
191,0,6.366666666666666,-28.976,0,0,-0.170421,0.408072,0.427370,1.631871,-0.003836,0.842447,-0.176237,0.470048,0.443666,1.600073,-0.005553,0.843393,-0.176237,0.470048,0.443666,1.600073,-0.005553,0.843393,-0.176237,0.470048,0.443666,1.600073,-0.005553,0.843393,-5.609810,14.962090,14.122330,50.931900,-0.176773,49.611359,-5.609810,14.962090,14.122330,50.931900,-0.176773,49.611359,1901,2236,2213,2586,2043,2644,,0,,,,1.56,,0.03,0.55,1.87,33.18
192,0,6.4,-29.161,0,0,-0.170421,0.408072,0.430200,1.629127,-0.003836,0.842447,-0.176170,0.467217,0.444223,1.602222,-0.005632,0.845106,-0.176170,0.467217,0.444223,1.602222,-0.005632,0.845106,-0.176170,0.467217,0.444223,1.602222,-0.005632,0.845106,-5.607674,14.871964,14.140060,51.000320,-0.179283,49.712143,-5.607674,14.871964,14.140060,51.000320,-0.179283,49.712143,1901,2235,2213,2587,2043,2646,,0,,,,1.56,,0.03,0.45,1.70,33.04
193,0,6.433333333333334,-29.424,0,0,-0.170421,0.408072,0.430200,1.626382,-0.003836,0.842447,-0.176147,0.464589,0.444743,1.604139,-0.005717,0.846930,-0.176147,0.464589,0.444743,1.604139,-0.005717,0.846930,-0.176147,0.464589,0.444743,1.604139,-0.005717,0.846930,-5.606949,14.788345,14.156601,51.061325,-0.181976,49.819420,-5.606949,14.788345,14.156601,51.061325,-0.181976,49.819420,1901,2234,2214,2587,2043,2647,,0,,,,1.51,,0.03,0.41,1.64,33.17
194,0,6.466666666666667,-29.264,0,0,-0.170421,0.408072,0.430200,1.626382,-0.003836,0.842447,-0.176130,0.462566,0.445242,1.605293,-0.005807,0.848730,-0.176130,0.462566,0.445242,1.605293,-0.005807,0.848730,-0.176130,0.462566,0.445242,1.605293,-0.005807,0.848730,-5.606400,14.723923,14.172485,51.098053,-0.184837,49.925304,-5.606400,14.723923,14.172485,51.098053,-0.184837,49.925304,1901,2233,2214,2588,2043,2649,,0,,,,1.49,,0.03,0.45,1.78,33.19
195,0,6.5,-29.448,0,0,-0.170421,0.408072,0.430200,1.626382,-0.003836,0.842447,-0.176093,0.461419,0.445756,1.605432,-0.005880,0.850466,-0.176093,0.461419,0.445756,1.605432,-0.005880,0.850466,-0.176093,0.461419,0.445756,1.605432,-0.005880,0.850466,-5.605209,14.687416,14.188850,51.102478,-0.187164,50.027412,-5.605209,14.687416,14.188850,51.102478,-0.187164,50.027412,1901,2233,2214,2588,2043,2650,,0,,,,1.54,,0.03,0.40,1.66,33.19
196,0,6.533333333333333,-29.608,0,0,-0.170421,0.408072,0.430200,1.626382,-0.003836,0.842447,-0.176060,0.461293,0.446312,1.604497,-0.005931,0.852066,-0.176060,0.461293,0.446312,1.604497,-0.005931,0.852066,-0.176060,0.461293,0.446312,1.604497,-0.005931,0.852066,-5.604156,14.683426,14.206566,51.072723,-0.188805,50.121540,-5.604156,14.683426,14.206566,51.072723,-0.188805,50.121540,1901,2233,2214,2588,2043,2652,,0,,,,1.49,,0.03,0.41,1.55,33.21
197,0,6.566666666666666,-29.288,0,0,-0.170421,0.408072,0.430200,1.626382,-0.003836,0.842447,-0.176047,0.462231,0.446904,1.602573,-0.005957,0.853374,-0.176047,0.462231,0.446904,1.602573,-0.005957,0.853374,-0.176047,0.462231,0.446904,1.602573,-0.005957,0.853374,-5.603760,14.713264,14.225388,51.011490,-0.189613,50.198494,-5.603760,14.713264,14.225388,51.011490,-0.189613,50.198494,1901,2233,2214,2587,2043,2653,,0,,,,1.53,,0.02,0.39,1.79,33.20
198,0,6.6,-28.982,0,0,-0.170421,0.408072,0.430200,1.626382,-0.003836,0.842447,-0.176000,0.464140,0.447509,1.599826,-0.005952,0.854257,-0.176000,0.464140,0.447509,1.599826,-0.005952,0.854257,-0.176000,0.464140,0.447509,1.599827,-0.005952,0.854257,-5.602264,14.774048,14.244667,50.924057,-0.189461,50.250423,-5.602264,14.774048,14.244667,50.924057,-0.189461,50.250423,1901,2234,2215,2586,2043,2654,,0,,,,1.58,,0.03,0.45,1.87,33.20
199,0,6.633333333333334,-29.028,0,0,-0.170421,0.408072,0.430200,1.626382,-0.003836,0.842447,-0.175878,0.466871,0.448104,1.596404,-0.005923,0.854727,-0.175878,0.466871,0.448104,1.596404,-0.005923,0.854727,-0.175878,0.466871,0.448104,1.596404,-0.005923,0.854727,-5.598358,14.860962,14.263603,50.815109,-0.188522,50.278030,-5.598358,14.860962,14.263603,50.815109,-0.188522,50.278030,1901,2235,2215,2585,2043,2654,,0,,,,1.69,,0.03,0.42,1.68,33.03
200,0,6.666666666666667,-29.314,0,0,-0.170421,0.408072,0.430200,1.626382,-0.003836,0.842447,-0.175735,0.470192,0.448651,1.592415,-0.005882,0.854954,-0.175735,0.470192,0.448651,1.592415,-0.005882,0.854954,-0.175735,0.470192,0.448651,1.592415,-0.005882,0.854954,-5.593803,14.966690,14.280998,50.688141,-0.187225,50.291409,-5.593803,14.966690,14.280998,50.688141,-0.187225,50.291409,1901,2236,2215,2583,2043,2654,,0,,,,1.48,,0.03,0.42,1.63,33.13
201,0,6.7,-28.734,0,0,-0.170421,0.408072,0.430200,1.626382,-0.003836,0.842447,-0.175639,0.473820,0.449127,1.588066,-0.005850,0.855113,-0.175639,0.473820,0.449127,1.588066,-0.005850,0.855113,-0.175639,0.473820,0.449127,1.588067,-0.005851,0.855113,-5.590759,15.082153,14.296165,50.549728,-0.186226,50.300743,-5.590759,15.082153,14.296165,50.549728,-0.186226,50.300743,1901,2237,2215,2582,2043,2654,,0,,,,1.92,,0.02,0.50,1.79,33.10
202,0,6.733333333333333,-12.338,0,0,-0.170421,0.408072,0.430200,1.626382,-0.003836,0.842447,-0.175588,0.477460,0.449518,1.583678,-0.005844,0.855194,-0.175588,0.477460,0.449518,1.583678,-0.005844,0.855194,-0.175588,0.477460,0.449518,1.583678,-0.005844,0.855194,-5.589142,15.198029,14.308609,50.410049,-0.186012,50.305515,-5.589142,15.198029,14.308609,50.410049,-0.186012,50.305515,1901,2238,2215,2580,2043,2654,,0,,,,18.61,,0.03,0.44,1.63,33.22
203,0,6.766666666666667,-28.152,0,0,-0.170421,0.408072,0.430200,1.626382,-0.003836,0.842447,-0.175601,0.480912,0.449765,1.579505,-0.005871,0.855046,-0.175601,0.480912,0.449765,1.579505,-0.005871,0.855046,-0.175601,0.480912,0.449765,1.579504,-0.005871,0.855046,-5.589539,15.307915,14.316475,50.277191,-0.186882,50.296795,-5.589539,15.307915,14.316475,50.277191,-0.186882,50.296795,1901,2240,2215,2578,2043,2654,,0,,,,1.47,,0.03,1.41,1.85,33.13
204,0,6.8,-29.234,0,0,-0.166978,0.410867,0.430200,1.626382,-0.003836,0.842447,-0.175673,0.484086,0.449788,1.575605,-0.005929,0.854566,-0.175673,0.484086,0.449788,1.575605,-0.005929,0.854566,-0.175673,0.484086,0.449788,1.575605,-0.005929,0.854566,-5.591827,15.408936,14.317200,50.153061,-0.188728,50.268578,-5.591827,15.408936,14.317200,50.153061,-0.188728,50.268578,1901,2241,2215,2577,2043,2654,,0,,,,1.56,,0.03,0.43,1.74,33.17
205,0,6.833333333333333,-29.257,0,0,-0.166978,0.416457,0.430200,1.620891,-0.003836,0.842447,-0.175709,0.486936,0.449565,1.571985,-0.006006,0.853839,-0.175709,0.486936,0.449565,1.571985,-0.006006,0.853839,-0.175709,0.486936,0.449565,1.571985,-0.006006,0.853839,-5.592987,15.499664,14.310112,50.037827,-0.191193,50.225811,-5.592987,15.499664,14.310112,50.037827,-0.191193,50.225811,1901,2242,2215,2576,2043,2653,,0,,,,1.60,,0.03,0.44,1.69,33.15
206,0,6.866666666666666,-29.578,0,0,-0.166978,0.419252,0.430200,1.612657,-0.003836,0.842447,-0.175680,0.489420,0.449161,1.568671,-0.006090,0.853008,-0.175680,0.489420,0.449161,1.568671,-0.006090,0.853008,-0.175680,0.489420,0.449161,1.568671,-0.006090,0.853008,-5.592056,15.578735,14.297226,49.932343,-0.193840,50.176949,-5.592056,15.578735,14.297226,49.932343,-0.193840,50.176949,1901,2243,2215,2574,2043,2653,,0,,,,1.42,,0.03,0.45,1.57,33.19
207,0,6.9,-29.076,0,0,-0.166978,0.419252,0.430200,1.609912,-0.003836,0.842447,-0.175581,0.491497,0.448700,1.565695,-0.006160,0.852218,-0.175581,0.491497,0.448700,1.565695,-0.006160,0.852218,-0.175581,0.491497,0.448700,1.565695,-0.006160,0.852218,-5.588928,15.644836,14.282570,49.837601,-0.196091,50.130474,-5.588928,15.644836,14.282570,49.837601,-0.196091,50.130474,1901,2243,2215,2573,2043,2652,,0,,,,1.53,,0.03,0.43,1.97,33.20
208,0,6.933333333333334,-29.296,0,0,-0.166978,0.419252,0.430200,1.604422,-0.003836,0.842447,-0.175361,0.493120,0.448356,1.563120,-0.006192,0.851618,-0.175361,0.493120,0.448356,1.563120,-0.006192,0.851618,-0.175361,0.493120,0.448356,1.563120,-0.006192,0.851618,-5.581902,15.696510,14.271614,49.755646,-0.197113,50.095154,-5.581902,15.696510,14.271614,49.755646,-0.197113,50.095154,1901,2244,2215,2572,2043,2651,,0,,,,1.53,,0.03,0.42,1.66,33.11
209,0,6.966666666666667,-29.135,0,0,-0.166978,0.419252,0.430200,1.598932,-0.003836,0.842447,-0.174861,0.494216,0.448301,1.561118,-0.006145,0.851321,-0.174861,0.494216,0.448301,1.561118,-0.006145,0.851321,-0.174861,0.494216,0.448301,1.561118,-0.006145,0.851321,-5.566010,15.731392,14.269867,49.691940,-0.195618,50.077702,-5.566010,15.731392,14.269867,49.691940,-0.195618,50.077702,1901,2244,2215,2572,2043,2651,,0,,,,1.55,,0.02,0.44,1.89,33.19
210,0,7.0,-29.246,0,0,-0.166978,0.419252,0.430200,1.598932,-0.003836,0.842447,-0.174027,0.494716,0.448650,1.559865,-0.005986,0.851331,-0.174027,0.494716,0.448650,1.559865,-0.005986,0.851331,-0.174027,0.494716,0.448650,1.559865,-0.005987,0.851331,-5.539459,15.747299,14.280960,49.652054,-0.190559,50.078278,-5.539459,15.747299,14.280960,49.652054,-0.190559,50.078278,1901,2244,2215,2571,2043,2651,,0,,,,1.49,,0.03,0.47,1.82,33.19
211,0,7.033333333333333,-29.229,0,0,-0.166978,0.419252,0.430200,1.596187,-0.003836,0.842447,-0.172764,0.494610,0.449419,1.559400,-0.005687,0.851573,-0.172764,0.494610,0.449419,1.559400,-0.005687,0.851573,-0.172764,0.494610,0.449419,1.559400,-0.005687,0.851573,-5.499245,15.743912,14.305450,49.637238,-0.181023,50.092548,-5.499245,15.743912,14.305450,49.637238,-0.181023,50.092548,1902,2244,2215,2571,2043,2651,,0,,,,1.73,,0.03,0.46,1.60,33.19
212,0,7.066666666666666,-29.637,0,0,-0.166978,0.419252,0.430200,1.590698,-0.003836,0.842447,-0.170892,0.493968,0.450567,1.559617,-0.005219,0.851988,-0.170892,0.493968,0.450567,1.559617,-0.005219,0.851988,-0.170892,0.493968,0.450567,1.559617,-0.005219,0.851988,-5.439644,15.723480,14.341988,49.644165,-0.166115,50.116940,-5.439644,15.723480,14.341988,49.644165,-0.166115,50.116940,1902,2244,2216,2571,2044,2652,,0,,,,1.35,,0.03,0.41,1.60,33.15
213,0,7.1,-29.655,0,0,-0.166978,0.419252,0.430200,1.587952,-0.003836,0.842447,-0.168233,0.492881,0.452038,1.560407,-0.004572,0.852516,-0.168233,0.492881,0.452038,1.560407,-0.004572,0.852516,-0.168233,0.492881,0.452038,1.560407,-0.004571,0.852516,-5.355011,15.688873,14.388802,49.669296,-0.145515,50.147999,-5.355011,15.688873,14.388802,49.669296,-0.145515,50.147999,1903,2244,2216,2571,2044,2652,,0,,,,1.45,,0.02,0.39,1.54,33.19
214,0,7.133333333333334,-29.588,0,0,-0.166978,0.419252,0.430200,1.587952,-0.003836,0.842447,-0.164817,0.491409,0.453763,1.561674,-0.003756,0.853035,-0.164817,0.491409,0.453763,1.561674,-0.003756,0.853035,-0.164817,0.491409,0.453763,1.561674,-0.003756,0.853035,-5.246292,15.642036,14.443741,49.709625,-0.119568,50.178539,-5.246292,15.642036,14.443741,49.709625,-0.119568,50.178539,1904,2243,2217,2572,2045,2653,,0,,,,1.50,,0.03,0.41,1.54,33.21
215,0,7.166666666666667,-29.182,0,0,-0.166978,0.419252,0.430200,1.587952,-0.003836,0.842447,-0.160829,0.489606,0.455638,1.563280,-0.002794,0.853406,-0.160829,0.489606,0.455638,1.563280,-0.002794,0.853406,-0.160829,0.489606,0.455638,1.563280,-0.002794,0.853406,-5.119339,15.584633,14.503395,49.760757,-0.088943,50.200325,-5.119339,15.584633,14.503395,49.760757,-0.088943,50.200325,1905,2243,2217,2573,2045,2653,,0,,,,1.61,,0.03,0.50,1.68,33.14
216,0,7.2,-29.597,0,0,-0.166978,0.419252,0.430200,1.587952,-0.003836,0.842447,-0.156435,0.487541,0.457562,1.565062,-0.001721,0.853573,-0.156435,0.487541,0.457562,1.565062,-0.001721,0.853573,-0.156435,0.487541,0.457562,1.565062,-0.001721,0.853573,-4.979477,15.518929,14.564644,49.817474,-0.054787,50.210201,-4.979477,15.518929,14.564644,49.817474,-0.054787,50.210201,1907,2242,2218,2573,2046,2653,,0,,,,1.45,,0.03,0.41,1.57,33.21
217,0,7.233333333333333,-29.206,0,0,-0.166978,0.419252,0.435861,1.587952,-0.003836,0.842447,-0.151818,0.485345,0.459441,1.566801,-0.000586,0.853620,-0.151818,0.485345,0.459441,1.566801,-0.000586,0.853620,-0.151817,0.485345,0.459441,1.566801,-0.000586,0.853620,-4.832497,15.449013,14.624474,49.872833,-0.018639,50.212921,-4.832497,15.449013,14.624474,49.872833,-0.018639,50.212921,1908,2241,2219,2574,2047,2653,,0,,,,1.64,,0.03,0.45,1.67,33.19
218,0,7.266666666666667,-29.288,0,0,-0.166978,0.419252,0.438691,1.587952,-0.003836,0.842447,-0.147261,0.483136,0.461185,1.568349,0.000557,0.853683,-0.147261,0.483136,0.461185,1.568349,0.000557,0.853683,-0.147261,0.483136,0.461185,1.568349,0.000557,0.853683,-4.687469,15.378693,14.679955,49.922089,0.017738,50.216675,-4.687469,15.378693,14.679955,49.922089,0.017738,50.216675,1909,2240,2219,2574,2047,2653,,0,,,,1.55,,0.04,0.47,1.64,33.10
219,0,7.3,-29.539,0,0,-0.166978,0.419252,0.441521,1.587952,-0.003836,0.842447,-0.143049,0.480997,0.462731,1.569666,0.001653,0.853782,-0.143049,0.480997,0.462731,1.569666,0.001653,0.853782,-0.143049,0.480997,0.462731,1.569666,0.001653,0.853782,-4.553375,15.310600,14.729179,49.964020,0.052605,50.222462,-4.553375,15.310600,14.729179,49.964020,0.052605,50.222462,1910,2240,2220,2575,2048,2653,,0,,,,1.51,,0.03,0.40,1.60,33.19
220,0,7.333333333333333,-29.538,0,0,-0.166978,0.419252,0.441521,1.587952,-0.003836,0.842447,-0.139354,0.479034,0.464012,1.570714,0.002658,0.853701,-0.139354,0.479034,0.464012,1.570714,0.002658,0.853701,-0.139354,0.479034,0.464012,1.570714,0.002658,0.853701,-4.435776,15.248131,14.769951,49.997360,0.084602,50.217693,-4.435776,15.248131,14.769951,49.997360,0.084602,50.217693,1912,2239,2220,2575,2049,2653,,0,,,,1.49,,0.03,0.41,1.60,33.19
221,0,7.366666666666666,-29.236,0,0,-0.166978,0.419252,0.441521,1.587952,-0.003836,0.842447,-0.136263,0.477416,0.464949,1.571357,0.003544,0.853139,-0.136263,0.477416,0.464949,1.571357,0.003544,0.853139,-0.136263,0.477416,0.464949,1.571357,0.003544,0.853139,-4.337387,15.196609,14.799774,50.017853,0.112823,50.184650,-4.337387,15.196609,14.799774,50.017853,0.112823,50.184650,1912,2238,2221,2575,2049,2653,,0,,,,1.49,,0.02,0.43,1.88,33.20
222,0,7.4,-29.357,0,0,-0.166978,0.419252,0.441521,1.587952,-0.003836,0.842447,-0.133851,0.476281,0.465498,1.571497,0.004298,0.852027,-0.133851,0.476281,0.465498,1.571497,0.004298,0.852027,-0.133851,0.476281,0.465498,1.571497,0.004298,0.852027,-4.260597,15.160492,14.817261,50.022293,0.136803,50.119209,-4.260597,15.160492,14.817261,50.022293,0.136803,50.119209,1913,2238,2221,2576,2050,2652,,0,,,,1.51,,0.02,0.40,1.72,33.17
223,0,7.433333333333334,-29.395,0,0,-0.166978,0.419252,0.441521,1.587952,-0.003836,0.842447,-0.132128,0.475659,0.465696,1.571196,0.004915,0.850617,-0.132128,0.475659,0.465696,1.571196,0.004915,0.850617,-0.132128,0.475659,0.465696,1.571196,0.004915,0.850617,-4.205772,15.140686,14.823570,50.012726,0.156441,50.036263,-4.205772,15.140686,14.823570,50.012726,0.156441,50.036263,1914,2238,2221,2575,2050,2651,,0,,,,1.51,,0.03,0.47,1.66,33.20
224,0,7.466666666666667,-29.142,0,0,-0.166978,0.419252,0.441521,1.587952,-0.003836,0.842447,-0.131049,0.475479,0.465575,1.570578,0.005396,0.849279,-0.131049,0.475479,0.465575,1.570578,0.005396,0.849279,-0.131049,0.475479,0.465575,1.570578,0.005396,0.849279,-4.171425,15.134956,14.819695,49.993057,0.171768,49.957561,-4.171425,15.134956,14.819695,49.993057,0.171768,49.957561,1914,2238,2221,2575,2051,2649,,0,,,,1.61,,0.06,0.48,1.72,33.15
225,0,7.5,-29.686,0,0,-0.166978,0.419252,0.441521,1.587952,-0.003836,0.842447,-0.130545,0.475616,0.465107,1.569655,0.005749,0.848214,-0.130545,0.475616,0.465107,1.569655,0.005749,0.848214,-0.130545,0.475616,0.465107,1.569655,0.005749,0.848214,-4.155380,15.139343,14.804817,49.963669,0.182999,49.894932,-4.155380,15.139343,14.804817,49.963669,0.182999,49.894932,1914,2238,2221,2575,2051,2648,,0,,,,1.43,,0.02,0.40,1.51,33.20
226,0,7.533333333333333,-28.749,0,0,-0.166978,0.419252,0.441521,1.587952,-0.003836,0.842447,-0.130494,0.475909,0.464378,1.568504,0.005992,0.847297,-0.130494,0.475909,0.464378,1.568504,0.005992,0.847297,-0.130494,0.475909,0.464378,1.568504,0.005992,0.847297,-4.153763,15.148636,14.781616,49.927017,0.190735,49.840981,-4.153763,15.148636,14.781616,49.927017,0.190735,49.840981,1914,2238,2221,2574,2051,2648,,0,,,,1.80,,0.04,0.68,1.70,33.13
227,0,7.566666666666666,-29.496,0,0,-0.163535,0.419252,0.441521,1.587952,-0.003836,0.842447,-0.130710,0.476180,0.463691,1.567430,0.006152,0.846184,-0.130710,0.476180,0.463691,1.567430,0.006152,0.846184,-0.130710,0.476180,0.463691,1.567430,0.006152,0.846184,-4.160629,15.157280,14.759743,49.892853,0.195839,49.775528,-4.160629,15.157280,14.759743,49.892853,0.195839,49.775528,1914,2238,2220,2574,2051,2647,,0,,,,1.53,,0.03,0.42,1.59,33.18
228,0,7.6,-29.213,0,0,-0.160092,0.419252,0.441521,1.587952,-0.003836,0.842447,-0.131001,0.476339,0.463394,1.566725,0.006256,0.844474,-0.131001,0.476339,0.463394,1.566725,0.006256,0.844474,-0.131001,0.476339,0.463394,1.566725,0.006256,0.844474,-4.169876,15.162346,14.750290,49.870422,0.199142,49.674942,-4.169876,15.162346,14.750290,49.870422,0.199142,49.674942,1914,2238,2220,2574,2051,2645,,0,,,,1.59,,0.03,0.44,1.76,33.17
229,0,7.633333333333334,-29.351,0,0,-0.156649,0.419252,0.441521,1.587952,-0.003836,0.842447,-0.131186,0.476438,0.463606,1.566340,0.006326,0.841766,-0.131186,0.476438,0.463606,1.566340,0.006326,0.841766,-0.131186,0.476438,0.463606,1.566340,0.006326,0.841766,-4.175774,15.165497,14.757027,49.858139,0.201378,49.515640,-4.175774,15.165497,14.757027,49.858139,0.201378,49.515640,1914,2238,2220,2574,2051,2643,,0,,,,1.61,,0.03,0.44,1.64,33.19
230,0,7.666666666666667,-29.522,0,0,-0.156649,0.419252,0.441521,1.587952,-0.003836,0.842447,-0.131158,0.476610,0.464140,1.565961,0.006381,0.837692,-0.131158,0.476610,0.464140,1.565961,0.006381,0.837692,-0.131158,0.476610,0.464140,1.565960,0.006381,0.837692,-4.174896,15.170959,14.774025,49.846069,0.203117,49.276001,-4.174896,15.170959,14.774025,49.846069,0.203117,49.276001,1914,2238,2220,2573,2051,2639,,0,,,,1.52,,0.02,0.46,1.54,33.17
231,0,7.7,-29.468,0,0,-0.156649,0.419252,0.441521,1.587952,-0.003836,0.842447,-0.130873,0.476942,0.464711,1.565370,0.006431,0.831815,-0.130873,0.476942,0.464711,1.565370,0.006431,0.831815,-0.130873,0.476942,0.464711,1.565370,0.006431,0.831815,-4.165810,15.181541,14.792213,49.827271,0.204704,48.930286,-4.165810,15.181541,14.792213,49.827271,0.204704,48.930286,1914,2238,2221,2573,2051,2634,,0,,,,1.49,,0.03,0.42,1.64,33.21
232,0,7.733333333333333,-29.460,0,0,-0.156649,0.419252,0.441521,1.587952,-0.003836,0.842447,-0.130409,0.477416,0.465133,1.564625,0.006475,0.823675,-0.130409,0.477416,0.465133,1.564625,0.006475,0.823675,-0.130409,0.477416,0.465133,1.564625,0.006475,0.823674,-4.151054,15.196625,14.805641,49.803558,0.206116,48.451443,-4.151054,15.196625,14.805641,49.803558,0.206116,48.451443,1914,2238,2221,2573,2051,2627,,0,,,,1.51,,0.03,0.43,1.60,33.23
233,0,7.766666666666667,-29.222,0,0,-0.156649,0.419252,0.441521,1.587952,-0.003836,0.840123,-0.129890,0.477923,0.465345,1.563976,0.006513,0.812853,-0.129890,0.477923,0.465345,1.563976,0.006513,0.812853,-0.129890,0.477923,0.465345,1.563976,0.006513,0.812853,-4.134521,15.212761,14.812386,49.782913,0.207329,47.814877,-4.134521,15.212761,14.812386,49.782913,0.207329,47.814877,1914,2238,2221,2573,2051,2618,,0,,,,1.54,,0.03,0.46,1.73,33.13
234,0,7.8,-29.290,0,0,-0.156649,0.419252,0.441521,1.587952,-0.003836,0.833151,-0.129390,0.478370,0.465334,1.563608,0.006545,0.799075,-0.129390,0.478370,0.465334,1.563608,0.006545,0.799075,-0.129390,0.478370,0.465334,1.563608,0.006545,0.799075,-4.118599,15.226982,14.812027,49.771194,0.208321,47.004433,-4.118599,15.226982,14.812027,49.771194,0.208321,47.004433,1914,2239,2221,2573,2051,2606,,0,,,,1.49,,0.03,0.43,1.81,33.21
235,0,7.833333333333333,-29.309,0,0,-0.156649,0.419252,0.441521,1.587952,-0.003836,0.825017,-0.128898,0.478716,0.465125,1.563580,0.006564,0.782229,-0.128898,0.478716,0.465125,1.563580,0.006564,0.782229,-0.128899,0.478716,0.465125,1.563580,0.006564,0.782229,-4.102966,15.237999,14.805374,49.770309,0.208939,46.013458,-4.102966,15.237999,14.805374,49.770309,0.208939,46.013458,1915,2239,2221,2573,2051,2592,,0,,,,1.54,,0.03,0.43,1.65,33.17
236,0,7.866666666666666,-28.257,0,0,-0.156649,0.419252,0.441521,1.587952,-0.003836,0.814559,-0.128398,0.478929,0.464787,1.563905,0.006564,0.762359,-0.128398,0.478929,0.464787,1.563905,0.006564,0.762359,-0.128398,0.478929,0.464787,1.563905,0.006564,0.762359,-4.087029,15.244766,14.794624,49.780624,0.208939,44.844627,-4.087029,15.244766,14.794624,49.780624,0.208939,44.844627,1915,2239,2221,2573,2051,2575,,0,,,,2.23,,0.03,0.42,2.03,33.14
237,0,7.9,-28.182,0,0,-0.156649,0.419252,0.441521,1.587952,-0.003836,0.802939,-0.127940,0.478990,0.464379,1.564533,0.006538,0.739620,-0.127940,0.478990,0.464379,1.564533,0.006538,0.739620,-0.127940,0.478990,0.464379,1.564533,0.006538,0.739620,-4.072472,15.246727,14.781631,49.800613,0.208115,43.507030,-4.072472,15.246727,14.781631,49.800613,0.208115,43.507030,1915,2239,2221,2573,2051,2555,,0,,,,1.47,,0.03,1.53,1.78,33.20
238,0,7.933333333333334,-27.866,0,0,-0.156649,0.419252,0.441521,1.587952,-0.003836,0.788995,-0.127588,0.478916,0.463928,1.565331,0.006484,0.714178,-0.127588,0.478916,0.463928,1.565331,0.006484,0.714178,-0.127588,0.478916,0.463928,1.565330,0.006484,0.714178,-4.061256,15.244362,14.767281,49.826019,0.206398,42.010441,-4.061256,15.244362,14.767281,49.826019,0.206398,42.010441,1915,2239,2220,2573,2051,2533,,0,,,,1.57,,0.03,1.70,1.79,33.11
239,0,7.966666666666667,-28.686,0,0,-0.156649,0.419252,0.441521,1.587952,-0.003836,0.771565,-0.127317,0.478730,0.463501,1.566195,0.006410,0.686230,-0.127317,0.478730,0.463501,1.566195,0.006410,0.686230,-0.127317,0.478730,0.463501,1.566196,0.006410,0.686230,-4.052628,15.238441,14.753708,49.853546,0.204025,40.366455,-4.052628,15.238441,14.753708,49.853546,0.204025,40.366455,1915,2239,2220,2574,2051,2509,,0,,,,1.44,,0.02,0.40,2.44,33.18
240,0,8.0,-29.605,0,0,-0.156649,0.419252,0.441521,1.587952,-0.003836,0.751811,-0.127085,0.478506,0.463146,1.567014,0.006326,0.656059,-0.127085,0.478506,0.463146,1.567014,0.006326,0.656059,-0.127085,0.478506,0.463146,1.567014,0.006326,0.656059,-4.045242,15.231323,14.742409,49.879593,0.201370,38.591732,-4.045242,15.231323,14.742409,49.879593,0.201370,38.591732,1915,2239,2220,2574,2051,2483,,0,,,,1.45,,0.02,0.44,1.53,33.19
241,0,8.033333333333333,-29.440,0,0,-0.156649,0.419252,0.441521,1.587952,-0.003836,0.728571,-0.126884,0.478357,0.462862,1.567647,0.006248,0.624006,-0.126884,0.478357,0.462862,1.567647,0.006248,0.624006,-0.126884,0.478357,0.462862,1.567647,0.006248,0.624006,-4.038826,15.226570,14.733360,49.899750,0.198875,36.706226,-4.038826,15.226570,14.733360,49.899750,0.198875,36.706226,1915,2239,2220,2574,2051,2456,,0,,,,1.53,,0.02,0.49,1.57,33.18
242,0,8.066666666666666,-29.417,0,0,-0.156649,0.419252,0.441521,1.587952,-0.003836,0.703008,-0.126729,0.478364,0.462615,1.568004,0.006188,0.590417,-0.126729,0.478364,0.462615,1.568004,0.006188,0.590417,-0.126729,0.478364,0.462615,1.568004,0.006188,0.590417,-4.033913,15.226791,14.725510,49.911118,0.196968,34.730404,-4.033913,15.226791,14.725510,49.911118,0.196968,34.730404,1915,2239,2220,2574,2051,2427,,0,,,,1.64,,0.03,0.41,1.55,33.26
243,0,8.1,-29.166,0,0,-0.156649,0.419252,0.441521,1.587952,-0.003836,0.675120,-0.126617,0.478505,0.462399,1.568153,0.006157,0.555563,-0.126617,0.478505,0.462399,1.568153,0.006157,0.555563,-0.126617,0.478505,0.462399,1.568153,0.006157,0.555563,-4.030342,15.231300,14.718613,49.915848,0.195984,32.680187,-4.030342,15.231300,14.718613,49.915848,0.195984,32.680187,1915,2239,2220,2574,2051,2397,,0,,,,1.60,,0.03,0.51,1.67,33.13
244,0,8.133333333333333,-29.490,0,0,-0.156649,0.419252,0.441521,1.587952,-0.003836,0.646070,-0.126511,0.478730,0.462204,1.568162,0.006158,0.519683,-0.126511,0.478730,0.462204,1.568162,0.006158,0.519683,-0.126511,0.478730,0.462204,1.568162,0.006158,0.519683,-4.026970,15.238464,14.712418,49.916153,0.196007,30.569613,-4.026970,15.238464,14.712418,49.916153,0.196007,30.569613,1915,2239,2220,2574,2051,2366,,0,,,,1.53,,0.03,0.40,1.60,33.16
245,0,8.166666666666666,-29.530,0,0,-0.156649,0.419252,0.441521,1.587952,-0.003836,0.615858,-0.126331,0.478998,0.462030,1.568063,0.006185,0.483049,-0.126331,0.478998,0.462030,1.568063,0.006185,0.483049,-0.126331,0.478998,0.462030,1.568063,0.006185,0.483049,-4.021233,15.246979,14.706863,49.912979,0.196884,28.414673,-4.021233,15.246979,14.706863,49.912979,0.196884,28.414673,1915,2239,2220,2574,2051,2334,,0,,,,1.52,,0.03,0.41,1.55,33.17
246,0,8.2,-29.476,0,0,-0.156649,0.419252,0.441521,1.587952,-0.003836,0.583322,-0.126089,0.479295,0.461889,1.567861,0.006235,0.446042,-0.126089,0.479295,0.461889,1.567861,0.006235,0.446042,-0.126089,0.479295,0.461889,1.567861,0.006235,0.446042,-4.013527,15.256439,14.702393,49.906570,0.198471,26.237747,-4.013527,15.256439,14.702393,49.906570,0.198471,26.237747,1915,2239,2220,2574,2051,2302,,0,,,,1.43,,0.03,0.39,1.74,33.21
247,0,8.233333333333333,-29.275,0,0,-0.156649,0.419252,0.441521,1.587952,-0.003836,0.550786,-0.125846,0.479619,0.461784,1.567555,0.006304,0.409143,-0.125846,0.479619,0.461784,1.567555,0.006304,0.409143,-0.125846,0.479619,0.461784,1.567555,0.006304,0.409143,-4.005791,15.266731,14.699028,49.896820,0.200668,24.067253,-4.005791,15.266731,14.699028,49.896820,0.200668,24.067253,1915,2239,2220,2574,2051,2271,,0,,,,1.57,,0.03,0.46,1.70,33.16
248,0,8.266666666666667,-29.205,0,0,-0.156649,0.419252,0.441521,1.587952,-0.003836,0.515926,-0.125636,0.479961,0.461679,1.567159,0.006390,0.372861,-0.125636,0.479961,0.461679,1.567159,0.006390,0.372861,-0.125636,0.479961,0.461679,1.567159,0.006390,0.372861,-3.999115,15.277649,14.695702,49.884216,0.203392,21.932980,-3.999115,15.277649,14.695702,49.884216,0.203392,21.932980,1916,2239,2220,2574,2051,2239,,0,,,,1.71,,0.03,0.45,1.66,33.19
249,0,8.3,-29.315,0,0,-0.156649,0.419252,0.441521,1.587952,-0.003836,0.479904,-0.125441,0.480306,0.461545,1.566723,0.006488,0.337674,-0.125441,0.480306,0.461545,1.566723,0.006488,0.337674,-0.125441,0.480306,0.461545,1.566723,0.006488,0.337674,-3.992920,15.288628,14.691452,49.870331,0.206520,19.863201,-3.992920,15.288628,14.691452,49.870331,0.206520,19.863201,1916,2239,2220,2574,2051,2209,,0,,,,1.53,,0.03,0.43,1.69,33.18
250,0,8.333333333333334,-29.303,0,0,-0.156649,0.419252,0.441521,1.587952,-0.003836,0.443882,-0.125280,0.480636,0.461385,1.566304,0.006593,0.304101,-0.125280,0.480636,0.461385,1.566304,0.006593,0.304101,-0.125280,0.480636,0.461385,1.566304,0.006593,0.304101,-3.987801,15.299103,14.686348,49.856995,0.209846,17.888317,-3.987801,15.299103,14.686348,49.856995,0.209846,17.888317,1916,2239,2220,2574,2051,2180,,0,,,,1.56,,0.03,0.44,1.65,33.24
251,0,8.366666666666667,-28.951,0,0,-0.156649,0.419252,0.441521,1.587952,-0.003836,0.409023,-0.125174,0.480969,0.461230,1.565906,0.006697,0.272754,-0.125174,0.480969,0.461230,1.565906,0.006697,0.272754,-0.125174,0.480969,0.461230,1.565906,0.006697,0.272754,-3.984413,15.309715,14.681412,49.844345,0.213181,16.044348,-3.984413,15.309715,14.681412,49.844345,0.213181,16.044348,1916,2240,2219,2573,2051,2153,,0,,,,1.62,,0.04,0.48,1.80,33.04
252,0,8.4,-29.291,0,0,-0.156649,0.419252,0.441521,1.587952,-0.003836,0.375325,-0.125158,0.481317,0.461125,1.565522,0.006794,0.244268,-0.125158,0.481317,0.461125,1.565522,0.006794,0.244268,-0.125158,0.481317,0.461125,1.565522,0.006794,0.244268,-3.983894,15.320801,14.678070,49.832123,0.216255,14.368719,-3.983894,15.320801,14.678070,49.832123,0.216255,14.368719,1916,2240,2219,2573,2051,2129,,0,,,,1.65,,0.03,0.45,1.62,33.17
253,0,8.433333333333334,-29.522,0,0,-0.156649,0.419252,0.441521,1.587952,-0.002301,0.343951,-0.125256,0.481628,0.461090,1.565206,0.006875,0.219164,-0.125256,0.481628,0.461090,1.565206,0.006875,0.219164,-0.125256,0.481628,0.461090,1.565206,0.006875,0.219164,-3.987015,15.330696,14.676941,49.822052,0.218819,12.892014,-3.987015,15.330696,14.676941,49.822052,0.218819,12.892014,1916,2240,2219,2573,2051,2107,,0,,,,1.48,,0.03,0.44,1.59,33.17
254,0,8.466666666666667,-29.544,0,0,-0.153206,0.419252,0.441521,1.585207,-0.002301,0.311415,-0.125465,0.481783,0.461095,1.565067,0.006930,0.197786,-0.125465,0.481783,0.461095,1.565067,0.006930,0.197786,-0.125465,0.481783,0.461095,1.565067,0.006930,0.197786,-3.993675,15.335617,14.677109,49.817612,0.220596,11.634466,-3.993675,15.335617,14.677109,49.817612,0.220596,11.634466,1916,2240,2219,2573,2052,2089,,0,,,,1.50,,0.02,0.40,1.57,33.15
255,0,8.5,-29.307,0,0,-0.135992,0.419252,0.441521,1.582462,-0.002301,0.283527,-0.125762,0.481665,0.461099,1.565226,0.006959,0.180274,-0.125762,0.481665,0.461099,1.565226,0.006959,0.180274,-0.125762,0.481665,0.461099,1.565226,0.006959,0.180274,-4.003113,15.331879,14.677238,49.822693,0.221504,10.604363,-4.003113,15.331879,14.677238,49.822693,0.221504,10.604363,1915,2240,2219,2573,2052,2074,,0,,,,1.57,,0.04,0.48,1.66,33.22
256,0,8.533333333333333,-29.542,0,0,-0.122221,0.419252,0.441521,1.579717,-0.002301,0.256801,-0.126142,0.481251,0.461080,1.565717,0.006961,0.166578,-0.126142,0.481251,0.461080,1.565717,0.006961,0.166578,-0.126142,0.481251,0.461080,1.565717,0.006961,0.166578,-4.015205,15.318680,14.676620,49.838333,0.221565,9.798709,-4.015205,15.318680,14.676620,49.838333,0.221565,9.798709,1915,2240,2219,2573,2052,2062,,0,,,,1.49,,0.03,0.42,1.56,33.17
257,0,8.566666666666666,-29.650,0,0,-0.118778,0.419252,0.441521,1.576973,-0.002301,0.234723,-0.126595,0.480608,0.461030,1.566457,0.006940,0.156496,-0.126595,0.480608,0.461030,1.566457,0.006940,0.156496,-0.126595,0.480608,0.461030,1.566457,0.006940,0.156496,-4.029640,15.298225,14.675049,49.861862,0.220909,9.205675,-4.029640,15.298225,14.675049,49.861862,0.220909,9.205675,1915,2239,2219,2574,2052,2053,,0,,,,1.47,,0.02,0.42,1.50,33.18
258,0,8.6,-29.426,0,0,-0.115335,0.419252,0.441521,1.574228,-0.002301,0.214969,-0.127063,0.479871,0.460928,1.567267,0.006907,0.149675,-0.127063,0.479871,0.460928,1.567267,0.006907,0.149675,-0.127063,0.479871,0.460928,1.567267,0.006907,0.149675,-4.044533,15.274765,14.671791,49.887665,0.219872,8.804428,-4.044533,15.274765,14.671791,49.887665,0.219872,8.804428,1915,2239,2219,2574,2052,2047,,0,,,,1.49,,0.02,0.39,1.71,33.18
259,0,8.633333333333333,-29.292,0,0,-0.111892,0.422047,0.441521,1.571483,-0.002301,0.197539,-0.127484,0.479185,0.460745,1.567994,0.006874,0.145620,-0.127484,0.479185,0.460745,1.567994,0.006874,0.145620,-0.127484,0.479185,0.460745,1.567994,0.006874,0.145620,-4.057938,15.252937,14.665962,49.910797,0.218796,8.565876,-4.057938,15.252937,14.665962,49.910797,0.218796,8.565876,1915,2239,2219,2574,2051,2044,,0,,,,1.40,,0.02,0.52,1.70,33.07
260,0,8.666666666666666,-29.369,0,0,-0.111892,0.422047,0.441521,1.571483,-0.002301,0.184757,-0.127793,0.478663,0.460486,1.568583,0.006845,0.143690,-0.127793,0.478663,0.460486,1.568583,0.006845,0.143690,-0.127793,0.478663,0.460486,1.568583,0.006845,0.143690,-4.067787,15.236320,14.657738,49.929535,0.217880,8.452347,-4.067787,15.236320,14.657738,49.929535,0.217880,8.452347,1915,2239,2219,2574,2051,2042,,0,,,,1.46,,0.03,0.59,1.64,33.21
261,0,8.7,-29.088,0,0,-0.111892,0.422047,0.441521,1.568737,-0.002301,0.175461,-0.128039,0.478410,0.460147,1.568998,0.006820,0.143130,-0.128039,0.478410,0.460147,1.568998,0.006820,0.143130,-0.128039,0.478410,0.460147,1.568998,0.006820,0.143130,-4.075607,15.228256,14.646927,49.942749,0.217102,8.419439,-4.075607,15.228256,14.646927,49.942749,0.217102,8.419439,1915,2239,2219,2575,2051,2042,,0,,,,1.64,,0.03,0.54,1.72,33.22
262,0,8.733333333333333,-29.036,0,0,-0.111892,0.422047,0.441521,1.568737,-0.002301,0.169651,-0.128264,0.478506,0.459718,1.569220,0.006801,0.143100,-0.128264,0.478506,0.459718,1.569220,0.006801,0.143100,-0.128264,0.478506,0.459718,1.569220,0.006801,0.143100,-4.082764,15.231308,14.633270,49.949814,0.216499,8.417618,-4.082764,15.231308,14.633270,49.949814,0.216499,8.417618,1915,2239,2219,2575,2051,2042,,0,,,,1.59,,0.03,0.51,1.78,33.13
263,0,8.766666666666667,-29.181,0,0,-0.111892,0.422047,0.441521,1.568737,-0.002301,0.165003,-0.128496,0.478970,0.459243,1.569287,0.006787,0.142810,-0.128496,0.478970,0.459243,1.569287,0.006787,0.142810,-0.128496,0.478970,0.459243,1.569287,0.006787,0.142810,-4.090141,15.246078,14.618149,49.951950,0.216042,8.400559,-4.090141,15.246078,14.618149,49.951950,0.216042,8.400559,1915,2239,2219,2575,2051,2041,,0,,,,1.61,,0.04,0.45,1.74,33.23
264,0,8.8,-29.322,0,0,-0.111892,0.422047,0.441521,1.565993,-0.002301,0.161517,-0.128709,0.479775,0.458788,1.569255,0.006776,0.141651,-0.128709,0.479775,0.458788,1.569255,0.006776,0.141651,-0.128708,0.479775,0.458788,1.569255,0.006776,0.141651,-4.096916,15.271713,14.603661,49.950943,0.215698,8.332404,-4.096916,15.271713,14.603661,49.950943,0.215698,8.332404,1915,2239,2219,2575,2051,2040,,0,,,,1.52,,0.03,0.41,1.61,33.04
265,0,8.833333333333334,-29.565,0,0,-0.111892,0.422047,0.441521,1.565993,-0.002301,0.159193,-0.128906,0.480894,0.458334,1.569098,0.006766,0.139205,-0.128906,0.480894,0.458334,1.569098,0.006766,0.139205,-0.128906,0.480894,0.458334,1.569098,0.006766,0.139205,-4.103210,15.307343,14.589218,49.945923,0.215363,8.188516,-4.103210,15.307343,14.589218,49.945923,0.215363,8.188516,1915,2240,2218,2575,2051,2038,,0,,,,1.53,,0.02,0.39,1.54,33.18
266,0,8.866666666666667,-29.531,0,0,-0.111892,0.422047,0.441521,1.565993,-0.000767,0.155707,-0.129087,0.482289,0.457803,1.568756,0.006753,0.135215,-0.129087,0.482289,0.457803,1.568756,0.006753,0.135215,-0.129087,0.482289,0.457803,1.568756,0.006753,0.135215,-4.108963,15.351746,14.572334,49.935043,0.214943,7.953837,-4.108963,15.351746,14.572334,49.935043,0.214943,7.953837,1915,2240,2218,2575,2051,2035,,0,,,,1.46,,0.02,0.41,1.63,33.18
267,0,8.9,-29.556,0,0,-0.111892,0.422047,0.441521,1.565993,-0.000767,0.154545,-0.129243,0.483851,0.457176,1.568325,0.006735,0.129591,-0.129243,0.483851,0.457176,1.568325,0.006735,0.129591,-0.129243,0.483851,0.457176,1.568325,0.006735,0.129591,-4.113930,15.401459,14.552376,49.921341,0.214386,7.623008,-4.113930,15.401459,14.552376,49.921341,0.214386,7.623008,1914,2241,2218,2574,2051,2030,,0,,,,1.57,,0.02,0.38,1.50,33.16
268,0,8.933333333333334,-29.428,0,0,-0.111892,0.422047,0.441521,1.565993,-0.000767,0.152221,-0.129361,0.485471,0.456455,1.567946,0.006713,0.122445,-0.129361,0.485471,0.456455,1.567946,0.006713,0.122445,-0.129360,0.485471,0.456455,1.567946,0.006713,0.122445,-4.117676,15.453003,14.529419,49.909286,0.213684,7.202637,-4.117676,15.453003,14.529419,49.909286,0.213684,7.202637,1914,2241,2218,2574,2051,2024,,0,,,,1.56,,0.03,0.43,1.59,33.16
269,0,8.966666666666667,-29.610,0,0,-0.111892,0.422047,0.441521,1.565993,-0.000767,0.147573,-0.129425,0.487077,0.455618,1.567719,0.006688,0.114034,-0.129425,0.487077,0.455618,1.567719,0.006688,0.114034,-0.129425,0.487077,0.455618,1.567719,0.006688,0.114034,-4.119720,15.504158,14.502762,49.902039,0.212883,6.707877,-4.119720,15.504158,14.502762,49.902039,0.212883,6.707877,1914,2242,2217,2574,2051,2017,,0,,,,1.50,,0.02,0.39,1.53,33.19
270,1,9.0,-17.930,0,0,-0.111892,0.422047,0.441521,1.565993,-0.000767,0.141764,-0.118125,0.401709,0.429077,1.545368,-0.004998,0.160175,-0.118125,0.401709,0.429077,1.545368,-0.004998,0.160175,-0.118125,0.401709,0.429077,1.545368,-0.004998,0.160175,-3.760040,12.786797,13.657951,49.190598,-0.159103,9.422061,-3.760040,12.786797,13.657951,49.190598,-0.159103,9.422061,1918,2211,2208,2566,2044,2056,,0,284,1789030978.045973,59.5,1.55,8.41,1.95,1.27,1.88,33.19
271,0,9.033333333333333,-28.090,0,0,-0.111892,0.422047,0.441521,1.565993,-0.000767,0.135954,-0.117787,0.410890,0.436222,1.536096,-0.005218,0.154372,-0.117787,0.410890,0.436222,1.536096,-0.005218,0.154372,-0.117787,0.410890,0.436222,1.536096,-0.005218,0.154372,-3.749275,13.079048,13.885391,48.895462,-0.166092,9.080708,-3.749275,13.079048,13.885391,48.895462,-0.166092,9.080708,1918,2215,2211,2563,2044,2051,,0,,,,2.13,,0.07,0.54,2.10,33.14
272,0,9.066666666666666,-28.957,0,0,-0.108449,0.422047,0.441521,1.565993,-0.000767,0.135954,-0.117233,0.422230,0.444797,1.526032,-0.005239,0.142905,-0.117233,0.422230,0.444797,1.526032,-0.005239,0.142905,-0.117233,0.422230,0.444797,1.526032,-0.005239,0.142905,-3.731636,13.440010,14.158318,48.575119,-0.166756,8.406189,-3.731636,13.440010,14.158318,48.575119,-0.166756,8.406189,1918,2219,2214,2559,2044,2041,,0,,,,1.56,,0.03,0.62,1.85,33.20
273,0,9.1,-29.311,0,0,-0.108449,0.410867,0.438691,1.565993,-0.000767,0.142926,-0.116314,0.434996,0.453310,1.515306,-0.005143,0.126494,-0.116314,0.434996,0.453310,1.515306,-0.005143,0.126494,-0.116314,0.434996,0.453310,1.515306,-0.005143,0.126494,-3.702377,13.846359,14.429298,48.233673,-0.163719,7.440835,-3.702377,13.846359,14.429298,48.233673,-0.163719,7.440835,1918,2223,2217,2555,2044,2027,,0,,,,1.52,,0.03,0.46,1.69,33.17
274,0,9.133333333333333,-29.265,0,0,-0.108449,0.410867,0.441521,1.552268,-0.000767,0.145249,-0.115089,0.448770,0.460890,1.503970,-0.004849,0.105957,-0.115089,0.448770,0.460890,1.503970,-0.004849,0.105957,-0.115089,0.448770,0.460890,1.503970,-0.004849,0.105957,-3.663406,14.284790,14.670586,47.872849,-0.154350,6.232765,-3.663406,14.284790,14.670586,47.872849,-0.154350,6.232765,1919,2228,2219,2551,2044,2010,,0,,,,1.46,,0.02,0.41,1.83,33.15
275,0,9.166666666666666,-29.548,0,0,-0.108449,0.408072,0.450012,1.541288,-0.002301,0.137116,-0.113619,0.463120,0.467259,1.491945,-0.004574,0.082738,-0.113619,0.463120,0.467259,1.491945,-0.004574,0.082738,-0.113619,0.463120,0.467259,1.491945,-0.004574,0.082738,-3.616615,14.741562,14.873314,47.490082,-0.145599,4.866958,-3.616615,14.741562,14.873314,47.490082,-0.145599,4.866958,1919,2233,2222,2547,2044,1990,,0,,,,1.49,,0.02,0.41,1.55,33.18
276,0,9.2,-29.650,0,0,-0.105007,0.408072,0.452842,1.533053,-0.002301,0.127820,-0.112103,0.477154,0.472734,1.479909,-0.004191,0.058538,-0.112103,0.477154,0.472734,1.479909,-0.004191,0.058538,-0.112103,0.477154,0.472734,1.479909,-0.004191,0.058538,-3.568352,15.188263,15.047600,47.106964,-0.133400,3.443384,-3.568352,15.188263,15.047600,47.106964,-0.133400,3.443384,1919,2238,2224,2542,2044,1969,,0,,,,1.45,,0.02,0.44,1.49,33.19
277,0,9.233333333333333,-29.525,0,0,-0.105007,0.408072,0.455673,1.522074,-0.002301,0.115038,-0.110655,0.489749,0.477697,1.469027,-0.003641,0.034337,-0.110655,0.489749,0.477697,1.469027,-0.003641,0.034337,-0.110655,0.489749,0.477697,1.469027,-0.003641,0.034337,-3.522263,15.589188,15.205574,46.760590,-0.115898,2.019846,-3.522263,15.589188,15.205574,46.760590,-0.115898,2.019846,1920,2243,2225,2538,2045,1948,,0,,,,1.53,,0.03,0.41,1.53,33.16
278,0,9.266666666666667,-29.400,0,0,-0.105007,0.410867,0.455673,1.511094,-0.002301,0.096446,-0.109587,0.499838,0.482334,1.460464,-0.003065,0.011221,-0.109587,0.499838,0.482334,1.460464,-0.003065,0.011221,-0.109587,0.499838,0.482334,1.460464,-0.003065,0.011221,-3.488266,15.910339,15.353157,46.488007,-0.097557,0.660065,-3.488266,15.910339,15.353157,46.488007,-0.097557,0.660065,1920,2246,2227,2535,2045,1928,,0,,,,1.55,,0.03,0.42,1.55,33.12
279,0,9.3,-29.635,0,0,-0.105007,0.422047,0.452842,1.502859,-0.002301,0.077854,-0.108988,0.506664,0.486701,1.455338,-0.002613,0.000472,-0.108988,0.506664,0.486701,1.455338,-0.002613,0.000472,-0.108988,0.506664,0.486701,1.455338,-0.002613,0.000472,-3.469208,16.127625,15.492180,46.324844,-0.083168,0.027761,-3.469208,16.127625,15.492180,46.324844,-0.083168,0.027761,1920,2249,2228,2533,2045,1919,,0,,,,1.49,,0.02,0.39,1.52,33.23
280,0,9.333333333333334,-29.388,0,0,-0.105007,0.427637,0.450012,1.491879,-0.002301,0.055776,-0.108641,0.509826,0.490765,1.454292,-0.002177,0.000472,-0.108641,0.509826,0.490765,1.454292,-0.002177,0.000472,-0.108641,0.509826,0.490765,1.454292,-0.002177,0.000472,-3.458145,16.228271,15.621521,46.291534,-0.069305,0.027762,-3.458145,16.228271,15.621521,46.291534,-0.069305,0.027762,1920,2250,2230,2533,2046,1919,,0,,,,1.53,,0.03,0.47,1.55,33.10
281,0,9.366666666666667,-29.660,0,0,-0.105007,0.433227,0.452842,1.486389,-0.002301,0.038346,-0.108289,0.509311,0.494128,1.456909,-0.001758,0.000472,-0.108289,0.509311,0.494128,1.456909,-0.001758,0.000472,-0.108289,0.509311,0.494128,1.456909,-0.001758,0.000472,-3.446960,16.211868,15.728592,46.374863,-0.055962,0.027762,-3.446960,16.211868,15.728592,46.374863,-0.055962,0.027762,1921,2250,2231,2534,2046,1919,,0,,,,1.47,,0.02,0.41,1.51,33.20
282,0,9.4,-29.587,0,0,-0.105007,0.436022,0.461333,1.480899,-0.002301,0.027888,-0.107714,0.506125,0.495929,1.461806,-0.001279,0.000472,-0.107714,0.506125,0.495929,1.461806,-0.001279,0.000472,-0.107714,0.506125,0.495929,1.461806,-0.001279,0.000472,-3.428642,16.110466,15.785896,46.530731,-0.040710,0.027762,-3.428642,16.110466,15.785896,46.530731,-0.040710,0.027762,1921,2249,2232,2536,2046,1919,,0,,,,1.45,,0.02,0.40,1.59,33.18
283,0,9.433333333333334,-29.587,0,0,-0.105007,0.436022,0.464163,1.480899,-0.002301,0.022078,-0.106558,0.500832,0.495543,1.467653,-0.000746,0.000472,-0.106558,0.500832,0.495543,1.467653,-0.000746,0.000472,-0.106558,0.500832,0.495543,1.467653,-0.000746,0.000472,-3.391853,15.941963,15.773605,46.716827,-0.023766,0.027762,-3.391853,15.941963,15.773605,46.716827,-0.023766,0.027762,1921,2247,2232,2538,2047,1919,,0,,,,1.42,,0.03,0.43,1.55,33.18
284,0,9.466666666666667,-29.406,0,0,-0.105007,0.436022,0.466994,1.480899,-0.002301,0.017430,-0.104550,0.494275,0.492882,1.473672,-0.000130,0.000472,-0.104550,0.494275,0.492882,1.473672,-0.000130,0.000472,-0.104550,0.494275,0.492882,1.473672,-0.000130,0.000472,-3.327942,15.733269,15.688934,46.908432,-0.004143,0.027762,-3.327942,15.733269,15.688934,46.908432,-0.004143,0.027762,1922,2244,2231,2540,2047,1919,,0,,,,1.45,,0.03,0.43,1.63,33.16
285,0,9.5,-29.323,0,0,-0.105007,0.436022,0.466994,1.480899,-0.002301,0.015106,-0.101835,0.487189,0.488223,1.479360,0.000552,0.000472,-0.101835,0.487189,0.488223,1.479360,0.000552,0.000472,-0.101835,0.487189,0.488223,1.479360,0.000552,0.000472,-3.241516,15.507698,15.540627,47.089478,0.017586,0.027762,-3.241516,15.507698,15.540627,47.089478,0.017586,0.027762,1922,2242,2229,2542,2047,1919,,0,,,,1.53,,0.03,0.45,1.60,33.07
286,0,9.533333333333333,-29.610,0,0,-0.105007,0.436022,0.466994,1.480899,-0.002301,0.012782,-0.098748,0.479938,0.481921,1.484133,0.001245,0.000472,-0.098748,0.479938,0.481921,1.484133,0.001245,0.000472,-0.098748,0.479938,0.481921,1.484132,0.001245,0.000472,-3.143265,15.276909,15.340019,47.241394,0.039635,0.027762,-3.143265,15.276909,15.340019,47.241394,0.039635,0.027762,1923,2239,2227,2544,2048,1919,,0,,,,1.48,,0.03,0.40,1.50,33.19
287,0,9.566666666666666,-29.131,0,0,-0.105007,0.436022,0.466994,1.480899,-0.002301,0.011620,-0.095568,0.472844,0.474519,1.487616,0.001920,0.000472,-0.095568,0.472844,0.474519,1.487616,0.001920,0.000472,-0.095568,0.472844,0.474519,1.487616,0.001920,0.000472,-3.042038,15.051094,15.104416,47.352295,0.061119,0.027762,-3.042038,15.051094,15.104416,47.352295,0.061119,0.027762,1924,2237,2224,2545,2048,1919,,0,,,,1.58,,0.03,0.46,1.76,33.09
288,0,9.6,-29.227,0,0,-0.105007,0.436022,0.466994,1.480899,-0.002301,0.011620,-0.092476,0.466033,0.466882,1.489917,0.002529,0.000472,-0.092476,0.466033,0.466882,1.489917,0.002529,0.000472,-0.092476,0.466033,0.466882,1.489917,0.002529,0.000472,-2.943596,14.834305,14.861313,47.425522,0.080513,0.027762,-2.943596,14.834305,14.861313,47.425522,0.080513,0.027762,1925,2234,2221,2546,2049,1919,,0,,,,1.61,,0.03,0.47,1.71,33.18
289,0,9.633333333333333,-29.460,0,0,-0.098121,0.436022,0.466994,1.480899,-0.002301,0.011620,-0.089457,0.459550,0.460009,1.491651,0.003046,0.000472,-0.089457,0.459550,0.460009,1.491651,0.003046,0.000472,-0.089457,0.459550,0.460009,1.491651,0.003046,0.000472,-2.847511,14.627945,14.642540,47.480713,0.096939,0.027762,-2.847511,14.627945,14.642540,47.480713,0.096939,0.027762,1926,2232,2219,2546,2049,1919,,0,,,,1.49,,0.03,0.42,1.60,33.16
290,0,9.666666666666666,-29.653,0,0,-0.094678,0.436022,0.466994,1.480899,-0.002301,0.011620,-0.086344,0.453143,0.454804,1.493567,0.003455,0.000472,-0.086344,0.453143,0.454804,1.493567,0.003455,0.000472,-0.086344,0.453143,0.454804,1.493567,0.003455,0.000472,-2.748398,14.424004,14.476845,47.541702,0.109970,0.027762,-2.748398,14.424004,14.476845,47.541702,0.109970,0.027762,1927,2230,2217,2547,2049,1919,,0,,,,1.48,,0.02,0.40,1.52,33.22
291,0,9.7,-29.140,0,0,-0.091235,0.436022,0.464163,1.480899,-0.002301,0.011620,-0.082990,0.446561,0.451809,1.496467,0.003754,0.000472,-0.082990,0.446561,0.451809,1.496467,0.003754,0.000472,-0.082990,0.446561,0.451809,1.496467,0.003754,0.000472,-2.641655,14.214493,14.381531,47.634018,0.119492,0.027762,-2.641655,14.214493,14.381531,47.634018,0.119492,0.027762,1928,2227,2216,2548,2049,1919,,0,,,,1.60,,0.03,0.45,1.77,33.12
292,0,9.733333333333333,-29.518,0,0,-0.091235,0.436022,0.461333,1.480899,-0.002301,0.011620,-0.079487,0.439598,0.451248,1.500934,0.003945,0.000472,-0.079487,0.439598,0.451248,1.500934,0.003945,0.000472,-0.079487,0.439598,0.451248,1.500934,0.003945,0.000472,-2.530144,13.992836,14.363670,47.776215,0.125572,0.027762,-2.530144,13.992836,14.363670,47.776215,0.125572,0.027762,1929,2225,2216,2550,2050,1919,,0,,,,1.57,,0.03,0.42,1.51,33.17
293,0,9.766666666666667,-29.553,0,0,-0.091235,0.436022,0.455673,1.483644,-0.002301,0.011620,-0.076365,0.432338,0.452953,1.506813,0.004034,0.000472,-0.076365,0.432338,0.452953,1.506813,0.004034,0.000472,-0.076365,0.432338,0.452953,1.506814,0.004034,0.000472,-2.430763,13.761757,14.417938,47.963364,0.128403,0.027762,-2.430763,13.761757,14.417938,47.963364,0.128403,0.027762,1930,2222,2217,2552,2050,1919,,0,,,,1.46,,0.02,0.39,1.57,33.12
294,0,9.8,-29.679,0,0,-0.084349,0.430432,0.455673,1.486389,-0.002301,0.011620,-0.074252,0.425085,0.456385,1.513465,0.004025,0.000472,-0.074252,0.425085,0.456385,1.513465,0.004025,0.000472,-0.074252,0.425085,0.456385,1.513465,0.004025,0.000472,-2.363518,13.530876,14.527176,48.175095,0.128105,0.027762,-2.363518,13.530876,14.527176,48.175095,0.128105,0.027762,1930,2220,2218,2554,2050,1919,,0,,,,1.36,,0.02,0.43,1.55,33.18
295,0,9.833333333333334,-29.578,0,0,-0.080907,0.427637,0.455673,1.489134,-0.002301,0.011620,-0.073628,0.418263,0.460685,1.520142,0.003926,0.000472,-0.073628,0.418263,0.460685,1.520142,0.003926,0.000472,-0.073628,0.418263,0.460685,1.520142,0.003926,0.000472,-2.343666,13.313721,14.664062,48.387634,0.124969,0.027762,-2.343666,13.313721,14.664062,48.387634,0.124969,0.027762,1931,2217,2219,2557,2050,1919,,0,,,,1.37,,0.02,0.39,1.68,33.20
296,0,9.866666666666667,-28.777,0,0,-0.080907,0.427637,0.455673,1.489134,-0.002301,0.011620,-0.074848,0.412485,0.464782,1.526054,0.003745,0.000472,-0.074848,0.412485,0.464782,1.526054,0.003745,0.000472,-0.074848,0.412485,0.464782,1.526054,0.003745,0.000472,-2.382477,13.129791,14.794456,48.575806,0.119194,0.027762,-2.382477,13.129791,14.794456,48.575806,0.119194,0.027762,1930,2215,2221,2559,2049,1919,,0,,,,1.50,,0.03,0.62,2.04,33.19
297,0,9.9,-28.882,0,0,-0.080907,0.419252,0.455673,1.497369,-0.002301,0.011620,-0.078071,0.408178,0.467948,1.530794,0.003490,0.000472,-0.078071,0.408178,0.467948,1.530794,0.003490,0.000472,-0.078071,0.408178,0.467948,1.530794,0.003490,0.000472,-2.485069,12.992706,14.895233,48.726700,0.111099,0.027762,-2.485069,12.992706,14.895233,48.726700,0.111099,0.027762,1929,2214,2222,2561,2049,1919,,0,,,,1.75,,0.04,0.59,1.75,33.25
298,0,9.933333333333334,-29.150,0,0,-0.080907,0.413662,0.455673,1.505604,-0.002301,0.011620,-0.082946,0.405256,0.470431,1.534637,0.003174,0.000472,-0.082946,0.405256,0.470431,1.534637,0.003174,0.000472,-0.082946,0.405256,0.470431,1.534637,0.003174,0.000472,-2.640244,12.899689,14.974281,48.848999,0.101028,0.027762,-2.640244,12.899689,14.974281,48.848999,0.101028,0.027762,1928,2212,2223,2562,2049,1919,,0,,,,1.63,,0.03,0.43,1.69,33.10
299,0,9.966666666666667,-29.036,0,0,-0.080907,0.413662,0.455673,1.511094,-0.002301,0.011620,-0.088468,0.403398,0.472909,1.537916,0.002826,0.000472,-0.088468,0.403398,0.472909,1.537916,0.002826,0.000472,-0.088468,0.403398,0.472909,1.537916,0.002826,0.000472,-2.816025,12.840569,15.053177,48.953384,0.089958,0.027762,-2.816025,12.840569,15.053177,48.953384,0.089958,0.027762,1926,2212,2224,2563,2049,1919,,0,,,,1.70,,0.04,0.48,1.78,33.20
300,0,10.0,-29.421,0,0,-0.080907,0.410867,0.455673,1.513839,-0.002301,0.011620,-0.093575,0.402570,0.475631,1.540403,0.002491,0.000472,-0.093575,0.402570,0.475631,1.540403,0.002491,0.000472,-0.093575,0.402570,0.475631,1.540403,0.002491,0.000472,-2.978569,12.814186,15.139816,49.032532,0.079300,0.027762,-2.978569,12.814186,15.139816,49.032532,0.079300,0.027762,1925,2212,2225,2564,2049,1919,,0,,,,1.51,,0.03,0.44,1.63,33.18
301,0,10.033333333333333,-29.614,0,0,-0.080907,0.408072,0.455673,1.516584,-0.002301,0.011620,-0.097838,0.402670,0.478527,1.541851,0.002181,0.000472,-0.097838,0.402670,0.478527,1.541851,0.002181,0.000472,-0.097838,0.402670,0.478527,1.541851,0.002181,0.000472,-3.114296,12.817383,15.231995,49.078644,0.069412,0.027762,-3.114296,12.817383,15.231995,49.078644,0.069412,0.027762,1924,2212,2226,2565,2048,1919,,0,,,,1.47,,0.02,0.40,1.56,33.21
302,0,10.066666666666666,-29.388,0,0,-0.080907,0.408072,0.455673,1.519329,-0.002301,0.011620,-0.101321,0.403356,0.481686,1.542226,0.001881,0.000472,-0.101321,0.403356,0.481686,1.542226,0.001881,0.000472,-0.101321,0.403356,0.481686,1.542226,0.001881,0.000472,-3.225151,12.839218,15.332535,49.090561,0.059875,0.027762,-3.225151,12.839218,15.332535,49.090561,0.059875,0.027762,1923,2212,2227,2565,2048,1919,,0,,,,1.52,,0.03,0.42,1.57,33.12
303,0,10.1,-29.606,0,0,-0.080907,0.408072,0.455673,1.522074,-0.002301,0.011620,-0.104171,0.404307,0.485299,1.541554,0.001548,0.000472,-0.104171,0.404307,0.485299,1.541554,0.001548,0.000472,-0.104171,0.404307,0.485299,1.541554,0.001548,0.000472,-3.315865,12.869499,15.447548,49.069183,0.049255,0.027762,-3.315865,12.869499,15.447548,49.069183,0.049255,0.027762,1922,2212,2228,2565,2048,1919,,0,,,,1.49,,0.02,0.46,1.49,33.20
304,0,10.133333333333333,-29.626,0,0,-0.080907,0.408072,0.455673,1.522074,-0.002301,0.011620,-0.106484,0.405432,0.489393,1.539717,0.001134,0.000472,-0.106484,0.405432,0.489393,1.539717,0.001134,0.000472,-0.106484,0.405432,0.489393,1.539717,0.001134,0.000472,-3.389503,12.905312,15.577866,49.010712,0.036110,0.027762,-3.389503,12.905312,15.577866,49.010712,0.036110,0.027762,1921,2213,2229,2564,2048,1919,,0,,,,1.49,,0.03,0.39,1.51,33.17
305,0,10.166666666666666,-29.357,0,0,-0.080907,0.408072,0.455673,1.522074,-0.002301,0.011620,-0.108403,0.406796,0.493780,1.536569,0.000635,0.000472,-0.108403,0.406796,0.493780,1.536569,0.000635,0.000472,-0.108403,0.406796,0.493780,1.536569,0.000635,0.000472,-3.450592,12.948700,15.717522,48.910507,0.020203,0.027762,-3.450592,12.948700,15.717522,48.910507,0.020203,0.027762,1921,2213,2231,2563,2047,1919,,0,,,,1.51,,0.02,0.41,1.55,32.99
306,0,10.2,-29.737,0,0,-0.080907,0.408072,0.455673,1.522074,-0.002301,0.011620,-0.109928,0.408359,0.498043,1.532234,0.000054,0.000472,-0.109928,0.408359,0.498043,1.532234,0.000054,0.000472,-0.109928,0.408359,0.498043,1.532234,0.000054,0.000472,-3.499115,12.998474,15.853203,48.772537,0.001732,0.027762,-3.499115,12.998474,15.853203,48.772537,0.001732,0.027762,1920,2214,2232,2561,2047,1919,,0,,,,1.32,,0.03,0.42,1.53,33.18
307,0,10.233333333333333,-29.369,0,0,-0.080907,0.408072,0.458503,1.522074,-0.002301,0.011620,-0.110775,0.409882,0.501833,1.527372,-0.000583,0.000472,-0.110775,0.409882,0.501833,1.527372,-0.000583,0.000472,-0.110775,0.409882,0.501833,1.527371,-0.000583,0.000472,-3.526062,13.046936,15.973839,48.617737,-0.018547,0.027762,-3.526062,13.046936,15.973839,48.617737,-0.018547,0.027762,1920,2214,2234,2559,2047,1919,,0,,,,1.36,,0.02,0.40,1.85,33.19
308,0,10.266666666666667,-29.004,0,0,-0.080907,0.408072,0.464163,1.522074,-0.002301,0.011620,-0.110411,0.411182,0.505198,1.522769,-0.001234,0.000472,-0.110411,0.411182,0.505198,1.522769,-0.001234,0.000472,-0.110411,0.411182,0.505198,1.522769,-0.001234,0.000472,-3.514503,13.088348,16.080948,48.471237,-0.039291,0.027762,-3.514503,13.088348,16.080948,48.471237,-0.039291,0.027762,1920,2215,2235,2558,2046,1919,,0,,,,1.37,,0.03,0.49,2.09,33.21
309,0,10.3,-28.565,0,0,-0.080907,0.408072,0.466994,1.522074,-0.002301,0.011620,-0.108251,0.411836,0.508444,1.519557,-0.001857,0.000472,-0.108251,0.411836,0.508444,1.519557,-0.001857,0.000472,-0.108251,0.411836,0.508444,1.519557,-0.001857,0.000472,-3.445747,13.109161,16.184258,48.369003,-0.059113,0.027762,-3.445747,13.109161,16.184258,48.369003,-0.059113,0.027762,1921,2215,2236,2557,2046,1919,,0,,,,1.55,,0.03,0.47,2.31,33.13
310,0,10.333333333333334,-29.443,0,0,-0.080907,0.408072,0.469824,1.522074,-0.002301,0.011620,-0.103972,0.411153,0.511814,1.519120,-0.002416,0.000472,-0.103972,0.411153,0.511814,1.519120,-0.002416,0.000472,-0.103972,0.411153,0.511814,1.519120,-0.002416,0.000472,-3.309532,13.087418,16.291550,48.355072,-0.076912,0.027762,-3.309532,13.087418,16.291550,48.355072,-0.076912,0.027762,1922,2215,2237,2556,2045,1919,,0,,,,1.58,,0.03,0.43,1.52,33.12
311,0,10.366666666666667,-29.580,0,0,-0.080907,0.408072,0.469824,1.519329,-0.002301,0.011620,-0.097636,0.408798,0.515218,1.521975,-0.002888,0.000472,-0.097636,0.408798,0.515218,1.521975,-0.002888,0.000472,-0.097636,0.408798,0.515218,1.521975,-0.002888,0.000472,-3.107841,13.012444,16.399910,48.445969,-0.091919,0.027762,-3.107841,13.012444,16.399910,48.445969,-0.091919,0.027762,1924,2214,2239,2557,2045,1919,,0,,,,1.49,,0.02,0.39,1.54,33.19
312,0,10.4,-29.566,0,0,-0.080907,0.408072,0.469824,1.519329,-0.002301,0.011620,-0.089792,0.405241,0.518083,1.527058,-0.003256,0.000472,-0.089792,0.405241,0.518083,1.527058,-0.003256,0.000472,-0.089792,0.405241,0.518083,1.527058,-0.003256,0.000472,-2.858185,12.899223,16.491081,48.607773,-0.103630,0.027762,-2.858185,12.899223,16.491081,48.607773,-0.103630,0.027762,1926,2212,2240,2559,2045,1919,,0,,,,1.48,,0.03,0.44,1.55,33.19
313,0,10.433333333333334,-29.348,0,0,-0.080907,0.408072,0.469824,1.519329,-0.002301,0.011620,-0.081418,0.401165,0.519933,1.533122,-0.003537,0.000472,-0.081418,0.401165,0.519933,1.533122,-0.003537,0.000472,-0.081418,0.401165,0.519933,1.533122,-0.003536,0.000472,-2.591621,12.769463,16.549980,48.800797,-0.112572,0.027762,-2.591621,12.769463,16.549980,48.800797,-0.112572,0.027762,1928,2211,2240,2562,2045,1919,,0,,,,1.59,,0.04,0.42,1.57,33.17
314,0,10.466666666666667,-29.479,0,0,-0.080907,0.408072,0.469824,1.519329,-0.002301,0.011620,-0.073370,0.396725,0.520703,1.540096,-0.003767,0.000472,-0.073370,0.396725,0.520703,1.540096,-0.003767,0.000472,-0.073370,0.396725,0.520703,1.540095,-0.003767,0.000472,-2.335449,12.628151,16.574501,49.022751,-0.119904,0.027762,-2.335449,12.628151,16.574501,49.022751,-0.119904,0.027762,1931,2209,2240,2564,2045,1919,,0,,,,1.51,,0.03,0.40,1.59,33.25
315,0,10.5,-29.524,0,0,-0.080907,0.408072,0.469824,1.519329,-0.002301,0.011620,-0.065920,0.391734,0.520488,1.548480,-0.003964,0.000472,-0.065920,0.391734,0.520488,1.548480,-0.003964,0.000472,-0.065920,0.391734,0.520488,1.548480,-0.003964,0.000472,-2.098289,12.469292,16.567635,49.289642,-0.126175,0.027762,-2.098289,12.469292,16.567635,49.289642,-0.126175,0.027762,1933,2208,2240,2567,2044,1919,,0,,,,1.42,,0.02,0.40,1.52,33.01
316,0,10.533333333333333,-29.509,0,0,-0.080907,0.408072,0.469824,1.519329,-0.002301,0.011620,-0.059340,0.386573,0.518900,1.557444,-0.004118,0.000472,-0.059340,0.386573,0.518900,1.557444,-0.004118,0.000472,-0.059340,0.386573,0.518900,1.557444,-0.004118,0.000472,-1.888855,12.305008,16.517090,49.574966,-0.131073,0.027762,-1.888855,12.305008,16.517090,49.574966,-0.131073,0.027762,1935,2206,2240,2570,2044,1919,,0,,,,1.48,,0.03,0.43,1.53,33.18
317,0,10.566666666666666,-29.684,0,0,-0.080907,0.405277,0.469824,1.519329,-0.002301,0.011620,-0.054403,0.382178,0.515352,1.564956,-0.004217,0.000472,-0.054403,0.382178,0.515352,1.564956,-0.004217,0.000472,-0.054403,0.382178,0.515352,1.564956,-0.004217,0.000472,-1.731705,12.165092,16.404152,49.814102,-0.134239,0.027762,-1.731705,12.165092,16.404152,49.814102,-0.134239,0.027762,1936,2204,2239,2573,2044,1919,,0,,,,1.45,,0.02,0.41,1.49,33.21
318,0,10.6,-29.432,0,0,-0.077464,0.399687,0.469824,1.519329,-0.002301,0.011620,-0.051714,0.378878,0.509979,1.570245,-0.004258,0.000472,-0.051714,0.378878,0.509979,1.570245,-0.004258,0.000472,-0.051714,0.378878,0.509979,1.570245,-0.004258,0.000472,-1.646118,12.060043,16.233131,49.982437,-0.135529,0.027762,-1.646118,12.060043,16.233131,49.982437,-0.135529,0.027762,1937,2203,2237,2575,2044,1919,,0,,,,1.43,,0.03,0.41,1.72,33.15
319,0,10.633333333333333,-29.508,0,0,-0.074021,0.399687,0.469824,1.519329,-0.002301,0.011620,-0.051080,0.375936,0.503581,1.574614,-0.004227,0.000472,-0.051080,0.375936,0.503581,1.574614,-0.004227,0.000472,-0.051080,0.375936,0.503581,1.574614,-0.004228,0.000472,-1.625916,11.966408,16.029480,50.121506,-0.134567,0.027762,-1.625916,11.966408,16.029480,50.121506,-0.134567,0.027762,1937,2202,2234,2577,2044,1919,,0,,,,1.46,,0.02,0.40,1.64,33.17
320,0,10.666666666666666,-29.248,0,0,-0.067135,0.394097,0.469824,1.522074,-0.002301,0.011620,-0.052106,0.372338,0.496590,1.579659,-0.004115,0.000472,-0.052106,0.372338,0.496590,1.579659,-0.004115,0.000472,-0.052106,0.372338,0.496590,1.579659,-0.004115,0.000472,-1.658577,11.851898,15.806946,50.282104,-0.130981,0.027762,-1.658577,11.851898,15.806946,50.282104,-0.130981,0.027762,1937,2201,2232,2578,2044,1919,,0,,,,1.46,,0.03,0.45,1.78,33.15
321,0,10.7,-28.247,0,0,-0.067135,0.388506,0.469824,1.527564,-0.002301,0.011620,-0.055045,0.367791,0.488452,1.585257,-0.003922,0.000472,-0.055045,0.367791,0.488452,1.585257,-0.003922,0.000472,-0.055045,0.367791,0.488452,1.585257,-0.003922,0.000472,-1.752151,11.707138,15.547905,50.460297,-0.124832,0.027762,-1.752151,11.707138,15.547905,50.460297,-0.124832,0.027762,1936,2199,2229,2581,2044,1919,,0,,,,2.05,,0.04,0.84,1.78,33.15
322,0,10.733333333333333,-29.149,0,0,-0.067135,0.385711,0.469824,1.535798,-0.002301,0.011620,-0.060406,0.362088,0.478863,1.591201,-0.003654,0.000472,-0.060406,0.362088,0.478863,1.591201,-0.003654,0.000472,-0.060406,0.362088,0.478863,1.591201,-0.003654,0.000472,-1.922783,11.525635,15.242699,50.649506,-0.116325,0.027762,-1.922783,11.525635,15.242699,50.649506,-0.116325,0.027762,1934,2197,2226,2583,2045,1919,,0,,,,1.60,,0.03,0.46,1.71,33.17
323,0,10.766666666666667,-9.490,0,0,-0.067135,0.380121,0.469824,1.541288,-0.002301,0.011620,-0.067766,0.354627,0.468381,1.598217,-0.003287,0.000472,-0.067766,0.354627,0.468381,1.598217,-0.003287,0.000472,-0.067766,0.354627,0.468381,1.598217,-0.003287,0.000472,-2.157059,11.288116,14.909027,50.872833,-0.104637,0.027762,-2.157059,11.288116,14.909027,50.872833,-0.104637,0.027762,1932,2194,2222,2585,2045,1919,,0,,,,21.30,,0.03,0.42,1.70,33.14
324,0,10.8,-28.616,0,0,-0.067135,0.377326,0.469824,1.549523,-0.002301,0.011620,-0.075966,0.344726,0.457987,1.607317,-0.002782,0.000472,-0.075966,0.344726,0.457987,1.607317,-0.002782,0.000472,-0.075966,0.344726,0.457987,1.607317,-0.002783,0.000472,-2.418083,10.972977,14.578178,51.162476,-0.088570,0.027762,-2.418083,10.972977,14.578178,51.162476,-0.088570,0.027762,1930,2191,2218,2589,2045,1919,,0,,,,1.82,,0.03,0.58,1.87,33.08
325,0,10.833333333333334,-29.502,0,0,-0.067135,0.374531,0.469824,1.552268,-0.002301,0.011620,-0.084091,0.332294,0.448459,1.618757,-0.002133,0.000472,-0.084091,0.332294,0.448459,1.618757,-0.002133,0.000472,-0.084091,0.332294,0.448459,1.618757,-0.002133,0.000472,-2.676704,10.577240,14.274887,51.526657,-0.067886,0.027762,-2.676704,10.577240,14.274887,51.526657,-0.067886,0.027762,1928,2186,2215,2593,2046,1919,,0,,,,1.52,,0.02,0.45,1.55,33.17
326,0,10.866666666666667,-29.203,0,0,-0.063693,0.374531,0.464163,1.563248,-0.002301,0.011620,-0.091885,0.317942,0.440291,1.631877,-0.001383,0.000472,-0.091885,0.317942,0.440291,1.631877,-0.001383,0.000472,-0.091885,0.317942,0.440291,1.631877,-0.001383,0.000472,-2.924797,10.120415,14.014885,51.944244,-0.044029,0.027762,-2.924797,10.120415,14.014885,51.944244,-0.044029,0.027762,1925,2181,2212,2598,2046,1919,,0,,,,1.75,,0.03,0.42,1.62,33.17
327,0,10.9,-29.629,0,0,-0.063693,0.368942,0.455673,1.571483,-0.002301,0.011620,-0.099478,0.302838,0.433626,1.645296,-0.000608,0.000472,-0.099478,0.302838,0.433626,1.645296,-0.000608,0.000472,-0.099478,0.302838,0.433626,1.645296,-0.000608,0.000472,-3.166496,9.639618,13.802734,52.371399,-0.019341,0.027762,-3.166496,9.639618,13.802734,52.371399,-0.019341,0.027762,1923,2176,2210,2602,2047,1919,,0,,,,1.48,,0.02,0.39,1.55,33.18
328,0,10.933333333333334,-29.239,0,0,-0.067135,0.357761,0.455673,1.585207,-0.002301,0.011620,-0.107237,0.288177,0.428589,1.657864,0.000114,0.000472,-0.107237,0.288177,0.428589,1.657864,0.000114,0.000472,-0.107237,0.288177,0.428589,1.657864,0.000114,0.000472,-3.413445,9.172966,13.642418,52.771454,0.003639,0.027762,-3.413445,9.172966,13.642418,52.771454,0.003639,0.027762,1921,2171,2208,2607,2047,1919,,0,,,,1.69,,0.03,0.43,1.66,33.20
329,0,10.966666666666667,-29.525,0,0,-0.074021,0.352171,0.455673,1.596187,-0.002301,0.011620,-0.115195,0.274736,0.425516,1.669389,0.000723,0.000472,-0.115195,0.274736,0.425516,1.669389,0.000723,0.000472,-0.115195,0.274736,0.425516,1.669389,0.000723,0.000472,-3.666779,8.745125,13.544609,53.138306,0.023018,0.027762,-3.666779,8.745125,13.544609,53.138306,0.023018,0.027762,1919,2166,2207,2611,2047,1919,,0,,,,1.52,,0.02,0.39,1.57,33.17
330,0,11.0,-29.407,0,0,-0.077464,0.343787,0.450012,1.609912,-0.002301,0.011620,-0.122986,0.263153,0.424317,1.679653,0.001188,0.000472,-0.122986,0.263153,0.424317,1.679653,0.001188,0.000472,-0.122986,0.263153,0.424317,1.679653,0.001188,0.000472,-3.914757,8.376434,13.506439,53.465012,0.037827,0.027762,-3.914757,8.376434,13.506439,53.465012,0.037827,0.027762,1916,2162,2206,2615,2048,1919,,0,,,,1.40,,0.07,0.50,1.69,33.21
331,0,11.033333333333333,-29.524,0,0,-0.080907,0.335401,0.447182,1.623636,-0.002301,0.011620,-0.130353,0.254207,0.424014,1.687343,0.001505,0.000472,-0.130353,0.254207,0.424014,1.687343,0.001505,0.000472,-0.130353,0.254207,0.424014,1.687343,0.001505,0.000472,-4.149261,8.091667,13.496765,53.709793,0.047897,0.027762,-4.149261,8.091667,13.496765,53.709793,0.047897,0.027762,1914,2158,2206,2618,2048,1919,,0,,,,1.41,,0.03,0.41,1.68,33.16
332,0,11.066666666666666,-28.956,0,0,-0.084349,0.329812,0.447182,1.637362,-0.002301,0.011620,-0.137478,0.248120,0.423621,1.691601,0.001670,0.000472,-0.137478,0.248120,0.423621,1.691601,0.001670,0.000472,-0.137478,0.248120,0.423621,1.691601,0.001670,0.000472,-4.376053,7.897888,13.484283,53.845322,0.053146,0.027762,-4.376053,7.897888,13.484283,53.845322,0.053146,0.027762,1912,2156,2206,2619,2048,1919,,0,,,,1.53,,0.03,0.43,2.04,33.21
333,0,11.1,-28.669,0,0,-0.091235,0.324221,0.447182,1.648341,-0.002301,0.011620,-0.144473,0.244161,0.422859,1.693274,0.001676,0.000472,-0.144473,0.244161,0.422859,1.693274,0.001676,0.000472,-0.144473,0.244161,0.422859,1.693274,0.001676,0.000472,-4.598709,7.771889,13.460014,53.898575,0.053360,0.027762,-4.598709,7.771889,13.460014,53.898575,0.053360,0.027762,1910,2155,2206,2620,2048,1919,,0,,,,2.01,,0.03,0.54,1.76,33.19
334,0,11.133333333333333,-29.047,0,0,-0.098121,0.321426,0.447182,1.659321,-0.002301,0.011620,-0.151109,0.241242,0.421732,1.693893,0.001526,0.000472,-0.151109,0.241242,0.421732,1.693893,0.001526,0.000472,-0.151109,0.241242,0.421732,1.693893,0.001526,0.000472,-4.809944,7.678970,13.424133,53.918289,0.048576,0.027762,-4.809944,7.678970,13.424133,53.918289,0.048576,0.027762,1908,2154,2206,2620,2048,1919,,0,,,,1.65,,0.03,0.57,1.75,33.21
335,0,11.166666666666666,-29.210,0,0,-0.105007,0.318631,0.447182,1.664811,-0.002301,0.011620,-0.156918,0.238638,0.420077,1.694257,0.001234,0.000472,-0.156918,0.238638,0.420077,1.694257,0.001234,0.000472,-0.156918,0.238638,0.420077,1.694257,0.001234,0.000472,-4.994858,7.596100,13.371452,53.929871,0.039291,0.027762,-4.994858,7.596100,13.371452,53.929871,0.039291,0.027762,1906,2153,2205,2620,2048,1919,,0,,,,1.64,,0.03,0.43,1.67,33.15
336,0,11.2,-29.284,0,0,-0.108449,0.318631,0.447182,1.670301,-0.002301,0.011620,-0.161694,0.235991,0.417841,1.694504,0.000819,0.000472,-0.161694,0.235991,0.417841,1.694504,0.000819,0.000472,-0.161694,0.235991,0.417841,1.694503,0.000819,0.000472,-5.146881,7.511841,13.300301,53.937714,0.026062,0.027762,-5.146881,7.511841,13.300301,53.937714,0.026062,0.027762,1905,2152,2204,2620,2048,1919,,0,,,,1.53,,0.03,0.57,1.61,33.19
337,0,11.233333333333333,-29.462,0,0,-0.108449,0.318631,0.447182,1.673046,-0.002301,0.011620,-0.165494,0.233142,0.415198,1.694398,0.000292,0.000472,-0.165494,0.233142,0.415198,1.694398,0.000292,0.000472,-0.165494,0.233142,0.415198,1.694397,0.000292,0.000472,-5.267845,7.421150,13.216148,53.934341,0.009285,0.027762,-5.267845,7.421150,13.216148,53.934341,0.009285,0.027762,1904,2151,2203,2620,2047,1919,,0,,,,1.48,,0.02,0.40,1.63,33.16
338,0,11.266666666666667,-29.316,0,0,-0.108449,0.318631,0.447182,1.673046,-0.002301,0.011620,-0.168268,0.230046,0.412429,1.693508,-0.000330,0.000472,-0.168268,0.230046,0.412429,1.693508,-0.000330,0.000472,-0.168268,0.230046,0.412429,1.693508,-0.000330,0.000472,-5.356148,7.322586,13.128021,53.906036,-0.010498,0.027762,-5.356148,7.322586,13.128021,53.906036,-0.010498,0.027762,1903,2150,2202,2620,2047,1919,,0,,,,1.55,,0.04,0.41,1.68,33.15
339,0,11.3,-29.294,0,0,-0.108449,0.318631,0.447182,1.673046,-0.002301,0.011620,-0.169876,0.226610,0.409897,1.691567,-0.001026,0.000472,-0.169876,0.226610,0.409897,1.691567,-0.001026,0.000472,-0.169876,0.226610,0.409897,1.691567,-0.001026,0.000472,-5.407318,7.213234,13.047424,53.844238,-0.032646,0.027762,-5.407318,7.213234,13.047424,53.844238,-0.032646,0.027762,1903,2149,2201,2619,2046,1919,,0,,,,1.57,,0.03,0.42,1.65,33.13
340,0,11.333333333333334,-29.538,0,0,-0.108449,0.318631,0.447182,1.673046,-0.002301,0.011620,-0.170261,0.222638,0.407948,1.688667,-0.001776,0.000472,-0.170261,0.222638,0.407948,1.688667,-0.001776,0.000472,-0.170261,0.222638,0.407948,1.688668,-0.001776,0.000472,-5.419579,7.086800,12.985397,53.751953,-0.056519,0.027762,-5.419579,7.086800,12.985397,53.751953,-0.056519,0.027762,1903,2147,2201,2618,2046,1919,,0,,,,1.51,,0.03,0.41,1.53,33.19
341,0,11.366666666666667,-29.488,0,0,-0.108449,0.318631,0.447182,1.673046,-0.002301,0.011620,-0.169565,0.217887,0.406745,1.685143,-0.002566,0.000472,-0.169565,0.217887,0.406745,1.685143,-0.002566,0.000472,-0.169565,0.217887,0.406745,1.685143,-0.002566,0.000472,-5.397415,6.935547,12.947098,53.639771,-0.081688,0.027762,-5.397415,6.935547,12.947098,53.639771,-0.081688,0.027762,1903,2145,2200,2617,2045,1919,,0,,,,1.48,,0.02,0.44,1.58,33.13
342,0,11.4,-28.482,0,0,-0.108449,0.318631,0.447182,1.673046,-0.002301,0.011620,-0.168072,0.212137,0.406297,1.681422,-0.003399,0.000472,-0.168072,0.212137,0.406297,1.681422,-0.003399,0.000472,-0.168072,0.212137,0.406297,1.681422,-0.003399,0.000472,-5.349899,6.752518,12.932846,53.521317,-0.108200,0.027762,-5.349899,6.752518,12.932846,53.521317,-0.108200,0.027762,1903,2143,2200,2616,2045,1919,,0,,,,1.44,,0.03,1.22,1.80,33.13
343,0,11.433333333333334,-29.477,0,0,-0.108449,0.315836,0.447182,1.673046,-0.002301,0.011620,-0.166045,0.205272,0.406615,1.677927,-0.004287,0.000472,-0.166045,0.205272,0.406615,1.677927,-0.004287,0.000472,-0.166045,0.205272,0.406615,1.677927,-0.004287,0.000472,-5.285385,6.534004,12.942955,53.410080,-0.136467,0.027762,-5.285385,6.534004,12.942955,53.410080,-0.136467,0.027762,1904,2141,2200,2614,2044,1919,,0,,,,1.40,,0.03,0.42,1.69,33.17
344,0,11.466666666666667,-28.963,0,0,-0.108449,0.310246,0.447182,1.673046,-0.002301,0.011620,-0.163525,0.197346,0.407754,1.674954,-0.005244,0.000472,-0.163525,0.197346,0.407754,1.674954,-0.005244,0.000472,-0.163525,0.197346,0.407754,1.674954,-0.005244,0.000472,-5.205170,6.281708,12.979218,53.315430,-0.166908,0.027762,-5.205170,6.281708,12.979218,53.315430,-0.166908,0.027762,1905,2138,2201,2613,2044,1919,,0,,,,1.38,,0.02,0.44,2.21,33.20
345,0,11.5,-28.767,0,0,-0.108449,0.304656,0.447182,1.673046,-0.002301,0.011620,-0.160411,0.188536,0.409816,1.672710,-0.006274,0.000472,-0.160411,0.188536,0.409816,1.672710,-0.006274,0.000472,-0.160411,0.188536,0.409816,1.672710,-0.006274,0.000472,-5.106049,6.001282,13.044830,53.244003,-0.199692,0.027762,-5.106049,6.001282,13.044830,53.244003,-0.199692,0.027762,1905,2135,2201,2612,2043,1919,,0,,,,1.48,,0.03,0.52,2.22,33.18
346,0,11.533333333333333,-29.347,0,0,-0.108449,0.299066,0.447182,1.673046,-0.002301,0.011620,-0.156686,0.179115,0.412871,1.671308,-0.007365,0.000472,-0.156686,0.179115,0.412871,1.671308,-0.007365,0.000472,-0.156686,0.179115,0.412871,1.671308,-0.007365,0.000472,-4.987457,5.701401,13.142097,53.199402,-0.234444,0.027762,-4.987457,5.701401,13.142097,53.199402,-0.234444,0.027762,1906,2132,2202,2612,2042,1919,,0,,,,1.52,,0.03,0.44,1.73,33.24
347,0,11.566666666666666,-29.281,0,0,-0.108449,0.293476,0.447182,1.673046,-0.002301,0.011620,-0.152347,0.169469,0.416982,1.670635,-0.008481,0.000472,-0.152347,0.169469,0.416982,1.670635,-0.008481,0.000472,-0.152347,0.169469,0.416982,1.670635,-0.008481,0.000472,-4.849358,5.394379,13.272949,53.177979,-0.269951,0.027762,-4.849358,5.394379,13.272949,53.177979,-0.269951,0.027762,1908,2128,2204,2612,2041,1919,,0,,,,1.60,,0.03,0.41,1.67,33.10
348,0,11.6,-29.493,0,0,-0.108449,0.293476,0.447182,1.673046,-0.002301,0.011620,-0.147336,0.160116,0.422171,1.670272,-0.009554,0.000472,-0.147336,0.160116,0.422171,1.670272,-0.009554,0.000472,-0.147336,0.160116,0.422171,1.670272,-0.009554,0.000472,-4.689835,5.096664,13.438126,53.166397,-0.304123,0.027762,-4.689835,5.096664,13.438126,53.166397,-0.304123,0.027762,1909,2125,2206,2611,2041,1919,,0,,,,1.49,,0.02,0.40,1.63,33.21
349,0,11.633333333333333,-29.294,0,0,-0.108449,0.293476,0.447182,1.673046,-0.002301,0.011620,-0.141657,0.151517,0.428416,1.669651,-0.010512,0.000472,-0.141657,0.151517,0.428416,1.669651,-0.010512,0.000472,-0.141657,0.151517,0.428416,1.669651,-0.010512,0.000472,-4.509071,4.822937,13.636887,53.146652,-0.334595,0.027762,-4.509071,4.822937,13.636887,53.146652,-0.334595,0.027762,1911,2122,2208,2611,2040,1919,,0,,,,1.61,,0.03,0.44,1.60,33.20
350,0,11.666666666666666,-29.175,0,0,-0.108449,0.290681,0.450012,1.673046,-0.002301,0.011620,-0.135412,0.143882,0.435621,1.668373,-0.011292,0.000472,-0.135412,0.143882,0.435621,1.668373,-0.011292,0.000472,-0.135412,0.143882,0.435621,1.668373,-0.011292,0.000472,-4.310295,4.579910,13.866234,53.105957,-0.359436,0.027762,-4.310295,4.579910,13.866234,53.105957,-0.359436,0.027762,1913,2119,2210,2611,2040,1919,,0,,,,1.62,,0.03,0.43,1.67,33.12
351,0,11.7,-29.178,0,0,-0.108449,0.282296,0.452842,1.673046,-0.002301,0.011620,-0.128841,0.137185,0.443506,1.666265,-0.011864,0.000472,-0.128841,0.137185,0.443506,1.666265,-0.011864,0.000472,-0.128841,0.137185,0.443506,1.666265,-0.011864,0.000472,-4.101151,4.366730,14.117226,53.038864,-0.377632,0.027762,-4.101151,4.366730,14.117226,53.038864,-0.377632,0.027762,1915,2117,2213,2610,2039,1919,,0,,,,1.63,,0.06,0.51,1.63,33.16
352,0,11.733333333333333,-29.493,0,0,-0.108449,0.276706,0.452842,1.684025,-0.002301,0.011620,-0.122180,0.131120,0.451632,1.663641,-0.012214,0.000472,-0.122180,0.131120,0.451632,1.663641,-0.012214,0.000472,-0.122180,0.131120,0.451632,1.663641,-0.012214,0.000472,-3.889099,4.173676,14.375877,52.955338,-0.388779,0.027762,-3.889099,4.173676,14.375877,52.955338,-0.388779,0.027762,1917,2114,2216,2609,2039,1919,,0,,,,1.51,,0.03,0.43,1.55,33.16
353,0,11.766666666666667,-29.580,0,0,-0.108449,0.273911,0.455673,1.686770,-0.002301,0.011620,-0.115510,0.125099,0.459462,1.661357,-0.012350,0.018325,-0.115510,0.125099,0.459462,1.661357,-0.012350,0.018325,-0.115510,0.125099,0.459462,1.661357,-0.012350,0.018325,-3.676781,3.982018,14.625122,52.882629,-0.393097,1.077926,-3.676781,3.982018,14.625122,52.882629,-0.393097,1.077926,1918,2112,2219,2608,2039,1934,,0,,,,1.36,,0.02,0.48,1.57,33.15
354,0,11.8,-29.421,0,0,-0.108449,0.271116,0.464163,1.684025,-0.002301,0.011620,-0.108882,0.118374,0.466436,1.660599,-0.012288,0.062437,-0.108882,0.118374,0.466436,1.660599,-0.012288,0.062437,-0.108882,0.118374,0.466436,1.660599,-0.012288,0.062437,-3.465828,3.767952,14.847115,52.858490,-0.391151,3.672749,-3.465828,3.767952,14.847115,52.858490,-0.391151,3.672749,1920,2110,2221,2608,2039,1972,,0,,,,1.39,,0.03,0.41,1.82,33.20
355,0,11.833333333333334,-29.684,0,0,-0.108449,0.262731,0.472654,1.675791,-0.002301,0.013944,-0.102417,0.110317,0.471998,1.662397,-0.012055,0.114187,-0.102417,0.110317,0.471998,1.662397,-0.012055,0.114187,-0.102417,0.110317,0.471998,1.662397,-0.012055,0.114187,-3.260048,3.511497,15.024170,52.915741,-0.383713,6.716880,-3.260048,3.511497,15.024170,52.915741,-0.383713,6.716880,1922,2107,2223,2609,2039,2017,,0,,,,1.40,,0.02,0.39,1.55,33.24
356,0,11.866666666666667,-29.033,0,0,-0.108449,0.254346,0.481145,1.673046,-0.002301,0.025564,-0.096222,0.100627,0.475843,1.667322,-0.011667,0.168872,-0.096222,0.100627,0.475843,1.667322,-0.011667,0.168872,-0.096222,0.100627,0.475843,1.667322,-0.011667,0.168872,-3.062859,3.203056,15.146545,53.072525,-0.371376,9.933657,-3.062859,3.203056,15.146545,53.072525,-0.371376,9.933657,1924,2104,2225,2610,2039,2064,,0,,,,1.60,,0.04,0.45,1.81,33.10
357,0,11.9,-28.807,0,0,-0.111892,0.248756,0.483975,1.670301,-0.002301,0.045318,-0.090384,0.089353,0.478173,1.675434,-0.011147,0.221013,-0.090384,0.089353,0.478173,1.675434,-0.011147,0.221013,-0.090384,0.089353,0.478173,1.675434,-0.011147,0.221013,-2.877014,2.844193,15.220726,53.330734,-0.354805,13.000786,-2.877014,2.844193,15.220726,53.330734,-0.354805,13.000786,1926,2099,2225,2613,2040,2109,,0,,,,1.62,,0.04,0.55,1.98,33.20
358,0,11.933333333333334,-28.543,0,0,-0.122221,0.245961,0.489636,1.670301,-0.002301,0.081340,-0.084892,0.076888,0.479568,1.686121,-0.010515,0.265542,-0.084892,0.076888,0.479568,1.686121,-0.010515,0.265542,-0.084893,0.076888,0.479568,1.686121,-0.010515,0.265542,-2.702209,2.447426,15.265106,53.670883,-0.334717,15.620128,-2.702209,2.447426,15.265106,53.670883,-0.334717,15.620128,1927,2095,2226,2617,2040,2147,,0,,,,1.75,,0.05,0.76,1.87,33.20
359,0,11.966666666666667,-9.641,0,0,-0.132549,0.237576,0.489636,1.670301,-0.002301,0.122010,-0.079789,0.063875,0.480736,1.698262,-0.009796,0.298961,-0.079789,0.063875,0.480736,1.698262,-0.009796,0.298961,-0.079789,0.063875,0.480736,1.698262,-0.009796,0.298961,-2.539757,2.033195,15.302315,54.057358,-0.311821,17.585924,-2.539757,2.033195,15.302315,54.057358,-0.311821,17.585924,1929,2090,2226,2622,2041,2176,,0,,,,20.99,,0.03,0.56,1.72,33.11
360,1,12.0,-19.899,0,0,-0.135992,0.226396,0.489636,1.675791,-0.002301,0.165003,-0.106323,0.194147,0.470121,1.654596,0.001756,0.000472,-0.106323,0.194147,0.470121,1.654596,0.001756,0.000472,-0.106323,0.194147,0.470121,1.654596,0.001756,0.000472,-3.384361,6.179893,14.964417,52.667419,0.055901,0.027761,-3.384361,6.179893,14.964417,52.667419,0.055901,0.027761,1921,2137,2223,2606,2048,1919,,0,365,1789030982.461997,18.4,1.63,7.68,1.51,0.48,1.79,33.16
361,0,12.033333333333333,-29.416,0,0,-0.135992,0.220806,0.489636,1.684025,-0.002301,0.203349,-0.097214,0.196124,0.469106,1.648357,0.002113,0.000472,-0.097214,0.196124,0.469106,1.648357,0.002113,0.000472,-0.097214,0.196124,0.469106,1.648357,0.002113,0.000472,-3.094437,6.242813,14.932106,52.468826,0.067245,0.027761,-3.094437,6.242813,14.932106,52.468826,0.067245,0.027761,1924,2138,2222,2604,2048,1919,,0,,,,1.54,,0.02,0.47,1.55,33.15
362,0,12.066666666666666,-29.568,0,0,-0.132549,0.218011,0.489636,1.684025,-0.002301,0.235885,-0.088784,0.196826,0.467468,1.643645,0.002410,0.000472,-0.088784,0.196826,0.467468,1.643645,0.002410,0.000472,-0.088784,0.196826,0.467468,1.643645,0.002410,0.000472,-2.826096,6.265175,14.879974,52.318832,0.076714,0.027761,-2.826096,6.265175,14.879974,52.318832,0.076714,0.027761,1926,2138,2222,2602,2049,1919,,0,,,,1.47,,0.02,0.39,1.56,33.18
363,0,12.1,-29.461,0,0,-0.125664,0.229191,0.489636,1.670301,-0.002301,0.250991,-0.081530,0.196730,0.466242,1.640782,0.002779,0.000472,-0.081530,0.196730,0.466242,1.640782,0.002779,0.000472,-0.081530,0.196730,0.466242,1.640782,0.002779,0.000472,-2.595177,6.262115,14.840935,52.227707,0.088478,0.027761,-2.595177,6.262115,14.840935,52.227707,0.088478,0.027761,1928,2138,2221,2601,2049,1919,,0,,,,1.49,,0.02,0.40,1.65,33.17
364,0,12.133333333333333,-29.478,0,0,-0.118778,0.237576,0.489636,1.662066,-0.002301,0.246343,-0.076095,0.195389,0.466375,1.640935,0.003174,0.000472,-0.076095,0.195389,0.466375,1.640935,0.003174,0.000472,-0.076095,0.195389,0.466375,1.640935,0.003174,0.000472,-2.422173,6.219437,14.845184,52.232574,0.101044,0.027761,-2.422173,6.219437,14.845184,52.232574,0.101044,0.027761,1930,2137,2221,2601,2049,1919,,0,,,,1.51,,0.03,0.41,1.60,33.18
365,0,12.166666666666666,-29.680,0,0,-0.111892,0.237576,0.489636,1.659321,-0.002301,0.216131,-0.072813,0.192407,0.467668,1.644222,0.003505,0.000472,-0.072813,0.192407,0.467668,1.644222,0.003505,0.000472,-0.072813,0.192407,0.467668,1.644222,0.003505,0.000472,-2.317696,6.124512,14.886345,52.337189,0.111565,0.027761,-2.317696,6.124512,14.886345,52.337189,0.111565,0.027761,1931,2136,2222,2602,2049,1919,,0,,,,1.37,,0.03,0.40,1.56,33.19
366,0,12.2,-29.776,0,0,-0.087792,0.237576,0.489636,1.656576,-0.002301,0.169651,-0.071989,0.188189,0.469381,1.649407,0.003842,0.000472,-0.071989,0.188189,0.469381,1.649407,0.003842,0.000472,-0.071989,0.188189,0.469381,1.649407,0.003842,0.000472,-2.291481,5.990242,14.940849,52.502243,0.122284,0.027761,-2.291481,5.990242,14.940849,52.502243,0.122284,0.027761,1931,2135,2222,2604,2050,1919,,0,,,,1.32,,0.02,0.40,1.54,33.19
367,0,12.233333333333333,-29.176,0,0,-0.074021,0.237576,0.489636,1.656576,-0.002301,0.120848,-0.073684,0.183143,0.470804,1.655162,0.004118,0.000472,-0.073684,0.183143,0.470804,1.655162,0.004118,0.000472,-0.073684,0.183143,0.470804,1.655162,0.004118,0.000472,-2.345421,5.829620,14.986160,52.685440,0.131073,0.027761,-2.345421,5.829620,14.986160,52.685440,0.131073,0.027761,1931,2133,2223,2606,2050,1919,,0,,,,1.67,,0.03,0.45,1.69,33.16
368,0,12.266666666666667,-29.280,0,0,-0.070578,0.237576,0.489636,1.656576,-0.002301,0.079016,-0.077135,0.177404,0.471743,1.661219,0.004536,0.000472,-0.077135,0.177404,0.471743,1.661219,0.004536,0.000472,-0.077135,0.177404,0.471743,1.661219,0.004536,0.000472,-2.455269,5.646935,15.016029,52.878235,0.144371,0.027761,-2.455269,5.646935,15.016029,52.878235,0.144371,0.027761,1930,2131,2223,2608,2050,1919,,0,,,,1.51,,0.04,0.47,1.72,33.19
369,0,12.3,-29.645,0,0,-0.070578,0.237576,0.489636,1.656576,-0.002301,0.052290,-0.081584,0.171386,0.472293,1.667659,0.005054,0.000472,-0.081584,0.171386,0.472293,1.667659,0.005054,0.000472,-0.081584,0.171386,0.472293,1.667659,0.005054,0.000472,-2.596909,5.455383,15.033554,53.083221,0.160889,0.027762,-2.596909,5.455383,15.033554,53.083221,0.160889,0.027762,1928,2129,2223,2611,2050,1919,,0,,,,1.37,,0.02,0.39,1.60,33.16
370,0,12.333333333333334,-29.257,0,0,-0.074021,0.237576,0.489636,1.656576,-0.002301,0.034860,-0.086333,0.165795,0.472454,1.673747,0.005672,0.000472,-0.086333,0.165795,0.472454,1.673747,0.005672,0.000472,-0.086333,0.165795,0.472454,1.673747,0.005672,0.000472,-2.748070,5.277420,15.038681,53.277023,0.180527,0.027762,-2.748070,5.277420,15.038681,53.277023,0.180527,0.027762,1927,2127,2223,2613,2051,1919,,0,,,,1.56,,0.05,0.50,1.70,33.24
371,0,12.366666666666667,-28.922,0,0,-0.070578,0.237576,0.489636,1.656576,-0.002301,0.024402,-0.090785,0.161362,0.472068,1.678333,0.006426,0.000472,-0.090785,0.161362,0.472068,1.678333,0.006426,0.000472,-0.090785,0.161362,0.472068,1.678333,0.006426,0.000472,-2.889763,5.136322,15.026405,53.422989,0.204552,0.027762,-2.889763,5.136322,15.026405,53.422989,0.204552,0.027762,1926,2125,2223,2614,2051,1919,,0,,,,1.67,,0.03,0.43,1.68,32.92
372,0,12.4,-29.317,0,0,-0.070578,0.237576,0.489636,1.656576,-0.002301,0.017430,-0.094109,0.158884,0.470914,1.680476,0.007379,0.000472,-0.094109,0.158884,0.470914,1.680476,0.007379,0.000472,-0.094109,0.158884,0.470914,1.680476,0.007379,0.000472,-2.995575,5.057434,14.989662,53.491211,0.234863,0.027762,-2.995575,5.057434,14.989662,53.491211,0.234863,0.027762,1925,2124,2223,2615,2052,1919,,0,,,,1.66,,0.03,0.41,1.58,33.15
373,0,12.433333333333334,-29.425,0,0,-0.070578,0.237576,0.489636,1.662066,-0.002301,0.013944,-0.095929,0.158920,0.468848,1.679683,0.008522,0.000472,-0.095929,0.158920,0.468848,1.679683,0.008522,0.000472,-0.095929,0.158920,0.468848,1.679683,0.008522,0.000472,-3.053513,5.058586,14.923897,53.465958,0.271271,0.027762,-3.053513,5.058586,14.923897,53.465958,0.271271,0.027762,1924,2124,2222,2615,2053,1919,,0,,,,1.54,,0.02,0.39,1.66,33.18
374,0,12.466666666666667,-29.578,0,0,-0.070578,0.237576,0.489636,1.664811,-0.002301,0.011620,-0.095848,0.161743,0.465932,1.675980,0.009785,0.000472,-0.095848,0.161743,0.465932,1.675980,0.009785,0.000472,-0.095848,0.161743,0.465932,1.675980,0.009785,0.000472,-3.050926,5.148445,14.831078,53.348083,0.311455,0.027762,-3.050926,5.148445,14.831078,53.348083,0.311455,0.027762,1924,2125,2221,2614,2053,1919,,0,,,,1.47,,0.02,0.41,1.56,33.19
375,0,12.5,-29.341,0,0,-0.070578,0.237576,0.489636,1.664811,-0.002301,0.009296,-0.093899,0.167323,0.462490,1.669607,0.011163,0.000472,-0.093899,0.167323,0.462490,1.669607,0.011163,0.000472,-0.093899,0.167323,0.462490,1.669607,0.011163,0.000472,-2.988884,5.326065,14.721527,53.145248,0.355324,0.027762,-2.988884,5.326065,14.721527,53.145248,0.355324,0.027762,1925,2127,2220,2611,2054,1919,,0,,,,1.53,,0.02,0.45,1.68,33.21
376,0,12.533333333333333,-29.160,0,0,-0.070578,0.237576,0.489636,1.664811,-0.002301,0.009296,-0.090663,0.175477,0.458982,1.660573,0.012560,0.000472,-0.090663,0.175477,0.458982,1.660573,0.012560,0.000472,-0.090663,0.175477,0.458982,1.660573,0.012560,0.000472,-2.885902,5.585609,14.609840,52.857681,0.399803,0.027762,-2.885902,5.585609,14.609840,52.857681,0.399803,0.027762,1926,2130,2219,2608,2055,1919,,0,,,,1.53,,0.05,0.52,1.74,33.16
377,0,12.566666666666666,-29.699,0,0,-0.070578,0.237576,0.489636,1.664811,-0.002301,0.009296,-0.086775,0.185945,0.455833,1.648726,0.013894,0.000472,-0.086775,0.185945,0.455833,1.648726,0.013894,0.000472,-0.086775,0.185945,0.455833,1.648726,0.013894,0.000472,-2.762146,5.918823,14.509628,52.480576,0.442253,0.027762,-2.762146,5.918823,14.509628,52.480576,0.442253,0.027762,1927,2134,2218,2604,2056,1919,,0,,,,1.36,,0.02,0.39,1.54,33.13
378,0,12.6,-28.747,0,0,-0.070578,0.237576,0.489636,1.664811,-0.002301,0.009296,-0.082957,0.198504,0.453223,1.634032,0.015129,0.000472,-0.082957,0.198504,0.453223,1.634032,0.015129,0.000472,-0.082957,0.198504,0.453223,1.634032,0.015129,0.000472,-2.640602,6.318573,14.426544,52.012848,0.481567,0.027762,-2.640602,6.318573,14.426544,52.012848,0.481567,0.027762,1928,2139,2217,2598,2057,1919,,0,,,,1.41,,0.02,0.42,2.45,33.21
379,0,12.633333333333333,-28.648,0,0,-0.070578,0.237576,0.489636,1.664811,-0.002301,0.009296,-0.079708,0.212876,0.451231,1.616932,0.016251,0.000472,-0.079708,0.212876,0.451231,1.616932,0.016251,0.000472,-0.079708,0.212876,0.451231,1.616931,0.016251,0.000472,-2.537170,6.776062,14.363136,51.468521,0.517288,0.027762,-2.537170,6.776062,14.363136,51.468521,0.517288,0.027762,1929,2144,2216,2592,2058,1919,,0,,,,1.46,,0.02,0.40,2.52,33.18
380,0,12.666666666666666,-29.590,0,0,-0.070578,0.237576,0.489636,1.662066,-0.000767,0.009296,-0.077066,0.228576,0.450214,1.598583,0.017256,0.000472,-0.077066,0.228576,0.450214,1.598583,0.017256,0.000472,-0.077066,0.228576,0.450214,1.598583,0.017256,0.000472,-2.453102,7.275810,14.330765,50.884491,0.549294,0.027762,-2.453102,7.275810,14.330765,50.884491,0.549294,0.027762,1930,2149,2216,2585,2058,1919,,0,,,,1.48,,0.02,0.39,1.56,33.16
381,0,12.7,-29.241,0,0,-0.070578,0.240371,0.489636,1.645596,0.003836,0.009296,-0.074585,0.245076,0.450551,1.580045,0.018165,0.000472,-0.074585,0.245076,0.450551,1.580045,0.018165,0.000472,-0.074585,0.245076,0.450551,1.580045,0.018165,0.000472,-2.374107,7.801018,14.341476,50.294388,0.578224,0.027762,-2.374107,7.801018,14.341476,50.294388,0.578224,0.027762,1930,2155,2216,2579,2059,1919,,0,,,,1.51,,0.03,0.42,1.75,33.25
382,0,12.733333333333333,-29.181,0,0,-0.070578,0.240371,0.489636,1.631871,0.008439,0.009296,-0.072101,0.262023,0.452437,1.561707,0.018978,0.000472,-0.072101,0.262023,0.452437,1.561707,0.018978,0.000472,-0.072101,0.262023,0.452437,1.561707,0.018978,0.000472,-2.295059,8.340469,14.401535,49.710678,0.604095,0.027762,-2.295059,8.340469,14.401535,49.710678,0.604095,0.027762,1931,2161,2216,2572,2059,1919,,0,,,,1.51,,0.03,0.56,1.64,33.11
383,0,12.766666666666667,-28.938,0,0,-0.070578,0.254346,0.489636,1.618146,0.011508,0.009296,-0.069791,0.279182,0.455825,1.543578,0.019690,0.000472,-0.069791,0.279182,0.455825,1.543578,0.019690,0.000472,-0.069791,0.279182,0.455825,1.543578,0.019690,0.000472,-2.221504,8.886650,14.509369,49.133606,0.626755,0.027762,-2.221504,8.886650,14.509369,49.133606,0.626755,0.027762,1932,2167,2218,2565,2060,1919,,0,,,,1.83,,0.04,0.47,1.69,33.11
384,0,12.8,-29.468,0,0,-0.070578,0.268321,0.489636,1.601678,0.014577,0.009296,-0.067752,0.296535,0.460253,1.525641,0.020318,0.000472,-0.067752,0.296535,0.460253,1.525641,0.020318,0.000472,-0.067752,0.296535,0.460253,1.525641,0.020318,0.000472,-2.156616,9.438995,14.650322,48.562653,0.646744,0.027762,-2.156616,9.438995,14.650322,48.562653,0.646744,0.027762,1932,2174,2219,2559,2060,1919,,0,,,,1.54,,0.03,0.39,1.56,33.16
385,0,12.833333333333334,-29.548,0,0,-0.070578,0.282296,0.489636,1.582462,0.014577,0.009296,-0.065913,0.314091,0.465047,1.508303,0.020909,0.000472,-0.065913,0.314091,0.465047,1.508303,0.020909,0.000472,-0.065913,0.314091,0.465047,1.508303,0.020909,0.000472,-2.098083,9.997818,14.802895,48.010773,0.665543,0.027762,-2.098083,9.997818,14.802895,48.010773,0.665543,0.027762,1933,2180,2221,2552,2061,1919,,0,,,,1.46,,0.02,0.40,1.59,33.17
386,0,12.866666666666667,-29.549,0,0,-0.070578,0.293476,0.489636,1.568737,0.014577,0.009296,-0.064045,0.331749,0.469680,1.492026,0.021513,0.000472,-0.064045,0.331749,0.469680,1.492026,0.021513,0.000472,-0.064045,0.331749,0.469680,1.492026,0.021513,0.000472,-2.038605,10.559906,14.950386,47.492645,0.684776,0.027762,-2.038605,10.559906,14.950386,47.492645,0.684776,0.027762,1933,2186,2222,2547,2061,1919,,0,,,,1.49,,0.02,0.39,1.60,33.20
387,0,12.9,-29.466,0,0,-0.070578,0.307451,0.489636,1.555013,0.014577,0.009296,-0.062049,0.349191,0.474144,1.476936,0.022152,0.000472,-0.062049,0.349191,0.474144,1.476936,0.022152,0.000472,-0.062049,0.349191,0.474144,1.476936,0.022152,0.000472,-1.975082,11.115089,15.092468,47.012329,0.705109,0.027762,-1.975082,11.115089,15.092468,47.012329,0.705109,0.027762,1934,2192,2224,2541,2061,1919,,0,,,,1.49,,0.02,0.41,1.59,33.15
388,0,12.933333333333334,-29.555,0,0,-0.070578,0.318631,0.489636,1.538543,0.016111,0.009296,-0.059977,0.366051,0.478675,1.462666,0.022822,0.000472,-0.059977,0.366051,0.478675,1.462666,0.022822,0.000472,-0.059977,0.366051,0.478675,1.462666,0.022822,0.000472,-1.909134,11.651779,15.236710,46.558121,0.726440,0.027762,-1.909134,11.651779,15.236710,46.558121,0.726440,0.027762,1935,2198,2226,2536,2062,1919,,0,,,,1.45,,0.04,0.39,1.60,33.15
389,0,12.966666666666667,-29.717,0,0,-0.070578,0.327017,0.486806,1.524819,0.017645,0.009296,-0.058007,0.382082,0.483411,1.448570,0.023494,0.000472,-0.058007,0.382082,0.483411,1.448570,0.023494,0.000472,-0.058007,0.382082,0.483411,1.448570,0.023494,0.000472,-1.846420,12.162064,15.387451,46.109421,0.747833,0.027762,-1.846420,12.162064,15.387451,46.109421,0.747833,0.027762,1935,2204,2227,2531,2062,1919,,0,,,,1.38,,0.02,0.40,1.57,33.21
390,0,13.0,-29.668,0,0,-0.070578,0.332607,0.486806,1.511094,0.017645,0.009296,-0.055907,0.397048,0.488290,1.434303,0.024122,0.000472,-0.055907,0.397048,0.488290,1.434303,0.024122,0.000472,-0.055907,0.397048,0.488290,1.434303,0.024122,0.000472,-1.779594,12.638428,15.542747,45.655258,0.767830,0.027762,-1.779594,12.638428,15.542747,45.655258,0.767830,0.027762,1936,2210,2229,2526,2063,1919,,0,,,,1.36,,0.02,0.41,1.62,33.21
391,0,13.033333333333333,-29.179,0,0,-0.070578,0.343787,0.486806,1.497369,0.017645,0.009296,-0.053478,0.410722,0.493111,1.420115,0.024686,0.000472,-0.053478,0.410722,0.493111,1.420115,0.024686,0.000472,-0.053478,0.410722,0.493111,1.420114,0.024686,0.000472,-1.702255,13.073669,15.696213,45.203644,0.785789,0.027762,-1.702255,13.073669,15.696213,45.203644,0.785789,0.027762,1936,2214,2231,2520,2063,1919,,0,,,,1.64,,0.04,0.52,1.65,33.16
392,0,13.066666666666666,-29.258,0,0,-0.070578,0.357761,0.486806,1.480899,0.017645,0.009296,-0.050878,0.422369,0.497750,1.406712,0.025162,0.000472,-0.050878,0.422369,0.497750,1.406712,0.025162,0.000472,-0.050878,0.422369,0.497750,1.406713,0.025162,0.000472,-1.619499,13.444435,15.843872,44.777054,0.800919,0.027762,-1.619499,13.444435,15.843872,44.777054,0.800919,0.027762,1937,2219,2232,2515,2063,1919,,0,,,,1.53,,0.03,0.47,1.77,33.20
393,0,13.1,-29.210,0,0,-0.070578,0.368942,0.486806,1.467174,0.017645,0.009296,-0.048486,0.431714,0.501982,1.394639,0.025529,0.000472,-0.048486,0.431714,0.501982,1.394639,0.025529,0.000472,-0.048486,0.431714,0.501982,1.394639,0.025529,0.000472,-1.543365,13.741875,15.978600,44.392731,0.812614,0.027762,-1.543365,13.741875,15.978600,44.392731,0.812614,0.027762,1938,2222,2234,2511,2064,1919,,0,,,,1.57,,0.03,0.45,1.77,33.19
394,0,13.133333333333333,-28.838,0,0,-0.070578,0.377326,0.486806,1.453450,0.017645,0.009296,-0.046306,0.438583,0.505674,1.384482,0.025794,0.000472,-0.046306,0.438583,0.505674,1.384482,0.025794,0.000472,-0.046306,0.438583,0.505674,1.384482,0.025794,0.000472,-1.473976,13.960518,16.096092,44.069427,0.821045,0.027762,-1.473976,13.960518,16.096092,44.069427,0.821045,0.027762,1939,2224,2235,2507,2064,1919,,0,,,,1.61,,0.03,0.57,1.92,33.20
395,0,13.166666666666666,-29.160,0,0,-0.070578,0.385711,0.486806,1.439725,0.017645,0.009296,-0.043997,0.443064,0.508765,1.376777,0.025970,0.000472,-0.043997,0.443064,0.508765,1.376777,0.025970,0.000472,-0.043997,0.443064,0.508765,1.376777,0.025970,0.000472,-1.400452,14.103165,16.194496,43.824173,0.826630,0.027762,-1.400452,14.103165,16.194496,43.824173,0.826630,0.027762,1939,2226,2236,2505,2064,1919,,0,,,,1.59,,0.03,0.51,1.68,33.13
396,0,13.2,-29.329,0,0,-0.070578,0.388506,0.489636,1.426000,0.017645,0.009296,-0.041374,0.445622,0.510928,1.371523,0.026082,0.000472,-0.041374,0.445622,0.510928,1.371523,0.026082,0.000472,-0.041374,0.445622,0.510928,1.371523,0.026082,0.000472,-1.316978,14.184586,16.263344,43.656921,0.830223,0.027762,-1.316978,14.184586,16.263344,43.656921,0.830223,0.027762,1940,2227,2237,2503,2064,1919,,0,,,,1.55,,0.03,0.48,1.64,33.16
397,0,13.233333333333333,-29.488,0,0,-0.070578,0.388506,0.495296,1.415021,0.017645,0.009296,-0.038758,0.446932,0.511592,1.368244,0.026137,0.000472,-0.038758,0.446932,0.511592,1.368244,0.026137,0.000472,-0.038758,0.446932,0.511592,1.368244,0.026137,0.000472,-1.233711,14.226295,16.284470,43.552567,0.831963,0.027762,-1.233711,14.226295,16.284470,43.552567,0.831963,0.027762,1941,2227,2237,2501,2064,1919,,0,,,,1.47,,0.02,0.44,1.65,33.19
398,0,13.266666666666667,-29.141,0,0,-0.070578,0.388506,0.500957,1.406786,0.017645,0.009296,-0.036575,0.447613,0.510517,1.366620,0.026117,0.000472,-0.036575,0.447613,0.510517,1.366620,0.026117,0.000472,-0.036575,0.447613,0.510517,1.366620,0.026117,0.000472,-1.164215,14.247978,16.250252,43.500870,0.831314,0.027762,-1.164215,14.247978,16.250252,43.500870,0.831314,0.027762,1941,2228,2237,2501,2064,1919,,0,,,,1.67,,0.03,0.44,1.73,33.16
399,0,13.3,-29.615,0,0,-0.070578,0.388506,0.503787,1.398551,0.017645,0.009296,-0.034954,0.448057,0.508166,1.366911,0.026005,0.000472,-0.034954,0.448057,0.508166,1.366911,0.026005,0.000472,-0.034954,0.448057,0.508166,1.366911,0.026005,0.000472,-1.112617,14.262093,16.175423,43.510117,0.827766,0.027762,-1.112617,14.262093,16.175423,43.510117,0.827766,0.027762,1942,2228,2236,2501,2064,1919,,0,,,,1.47,,0.03,0.41,1.52,33.16
400,0,13.333333333333334,-29.728,0,0,-0.070578,0.388506,0.503787,1.395806,0.017645,0.009296,-0.033846,0.448560,0.505396,1.369471,0.025800,0.000472,-0.033846,0.448560,0.505396,1.369471,0.025800,0.000472,-0.033846,0.448560,0.505396,1.369471,0.025800,0.000472,-1.077339,14.278091,16.087250,43.591614,0.821243,0.027762,-1.077339,14.278091,16.087250,43.591614,0.821243,0.027762,1942,2228,2235,2502,2064,1919,,0,,,,1.35,,0.02,0.42,1.55,33.19
401,0,13.366666666666667,-29.697,0,0,-0.070578,0.388506,0.503787,1.395806,0.017645,0.009296,-0.033287,0.449485,0.502951,1.374075,0.025518,0.000472,-0.033287,0.449485,0.502951,1.374075,0.025518,0.000472,-0.033287,0.449485,0.502951,1.374074,0.025518,0.000472,-1.059547,14.307533,16.009438,43.738144,0.812256,0.027762,-1.059547,14.307533,16.009438,43.738144,0.812256,0.027762,1942,2228,2234,2504,2064,1919,,0,,,,1.38,,0.02,0.40,1.56,33.19
402,0,13.4,-29.224,0,0,-0.070578,0.388506,0.503787,1.395806,0.017645,0.009296,-0.033380,0.451370,0.501073,1.379671,0.025192,0.000472,-0.033380,0.451370,0.501073,1.379671,0.025192,0.000472,-0.033380,0.451370,0.501073,1.379671,0.025192,0.000472,-1.062508,14.367569,15.949646,43.916290,0.801895,0.027762,-1.062508,14.367569,15.949646,43.916290,0.801895,0.027762,1942,2229,2234,2506,2063,1919,,0,,,,1.50,,0.03,0.58,1.68,33.54
403,0,13.433333333333334,-28.995,0,0,-0.070578,0.388506,0.503787,1.395806,0.017645,0.009296,-0.033953,0.454730,0.499532,1.384781,0.024871,0.000472,-0.033953,0.454730,0.499532,1.384781,0.024871,0.000472,-0.033952,0.454730,0.499532,1.384781,0.024871,0.000472,-1.080742,14.474510,15.900589,44.078949,0.791656,0.027762,-1.080742,14.474510,15.900589,44.078949,0.791656,0.027762,1942,2230,2233,2507,2063,1919,,0,,,,1.42,,0.03,0.53,1.75,33.50
404,0,13.466666666666667,-28.741,0,0,-0.070578,0.388506,0.503787,1.395806,0.017645,0.009296,-0.034557,0.459845,0.497813,1.388116,0.024589,0.000472,-0.034557,0.459845,0.497813,1.388116,0.024589,0.000472,-0.034557,0.459845,0.497813,1.388116,0.024589,0.000472,-1.099976,14.637329,15.845894,44.185104,0.782707,0.027762,-1.099976,14.637329,15.845894,44.185104,0.782707,0.027762,1942,2232,2232,2509,2063,1919,,0,,,,1.46,,0.03,0.48,1.72,32.58
405,0,13.5,-29.536,0,0,-0.070578,0.388506,0.503787,1.395806,0.017645,0.009296,-0.034755,0.466539,0.495395,1.389326,0.024364,0.002752,-0.034755,0.466539,0.495395,1.389326,0.024364,0.002752,-0.034755,0.466539,0.495395,1.389326,0.024364,0.002752,-1.106270,14.850403,15.768906,44.223618,0.775513,0.161874,-1.106270,14.850403,15.768906,44.223618,0.775513,0.161874,1942,2234,2232,2509,2063,1921,,0,,,,1.51,,0.03,0.43,1.53,33.15
406,0,13.533333333333333,-29.157,0,0,-0.070578,0.388506,0.503787,1.395806,0.017645,0.009296,-0.034460,0.474217,0.492023,1.389129,0.024179,0.054869,-0.034460,0.474217,0.492023,1.389129,0.024179,0.054869,-0.034460,0.474217,0.492023,1.389129,0.024179,0.054869,-1.096901,15.094803,15.661575,44.217346,0.769638,3.227580,-1.096901,15.094803,15.661575,44.217346,0.769638,3.227580,1942,2237,2230,2509,2063,1966,,0,,,,1.56,,0.03,0.45,1.79,33.21
407,0,13.566666666666666,-29.172,0,0,-0.070578,0.396892,0.503787,1.395806,0.017645,0.009296,-0.033740,0.482030,0.487912,1.389131,0.024007,0.118078,-0.033740,0.482030,0.487912,1.389131,0.024007,0.118078,-0.033740,0.482030,0.487912,1.389131,0.024007,0.118078,-1.073967,15.343491,15.530731,44.217422,0.764153,6.945744,-1.073967,15.343491,15.530731,44.217422,0.764153,6.945744,1942,2240,2229,2509,2063,2020,,0,,,,1.56,,0.03,0.44,1.79,33.18
408,0,13.6,-28.816,0,0,-0.070578,0.402482,0.498127,1.395806,0.017645,0.012782,-0.032989,0.489429,0.483365,1.390485,0.023825,0.191147,-0.032989,0.489429,0.483365,1.390485,0.023825,0.191147,-0.032989,0.489429,0.483365,1.390485,0.023825,0.191147,-1.050079,15.579018,15.385994,44.260498,0.758385,11.243960,-1.050079,15.579018,15.385994,44.260498,0.758385,11.243960,1942,2243,2227,2510,2063,2083,,0,,,,1.81,,0.03,0.55,1.64,33.03
409,0,13.633333333333333,-29.472,0,0,-0.070578,0.408072,0.495296,1.395806,0.017645,0.031374,-0.032649,0.496426,0.478415,1.392993,0.023643,0.272082,-0.032649,0.496426,0.478415,1.392993,0.023643,0.272082,-0.032649,0.496426,0.478415,1.392993,0.023643,0.272082,-1.039246,15.801743,15.228439,44.340347,0.752594,16.004847,-1.039246,15.801743,15.228439,44.340347,0.752594,16.004847,1943,2245,2226,2510,2062,2153,,0,,,,1.55,,0.03,0.43,1.53,33.14
410,0,13.666666666666666,-29.176,0,0,-0.070578,0.413662,0.486806,1.395806,0.017645,0.070882,-0.032781,0.503337,0.472939,1.395472,0.023487,0.358108,-0.032781,0.503337,0.472939,1.395472,0.023487,0.358108,-0.032781,0.503337,0.472939,1.395472,0.023487,0.358108,-1.043449,16.021713,15.054108,44.419266,0.747620,21.065174,-1.043449,16.021713,15.054108,44.419266,0.747620,21.065174,1942,2248,2224,2511,2062,2227,,0,,,,1.54,,0.03,0.47,1.80,33.21
411,0,13.7,-29.110,0,0,-0.077464,0.419252,0.481145,1.395806,0.017645,0.115038,-0.032891,0.510169,0.467129,1.397261,0.023388,0.445765,-0.032891,0.510169,0.467129,1.397261,0.023388,0.445765,-0.032891,0.510169,0.467129,1.397261,0.023388,0.445765,-1.046944,16.239182,14.869164,44.476196,0.744476,26.221470,-1.046944,16.239182,14.869164,44.476196,0.744476,26.221470,1942,2250,2222,2512,2062,2302,,0,,,,1.60,,0.03,0.50,1.70,33.14
412,0,13.733333333333333,-28.927,0,0,-0.094678,0.427637,0.478315,1.395806,0.017645,0.162679,-0.032590,0.516531,0.461496,1.398554,0.023357,0.531414,-0.032590,0.516531,0.461496,1.398554,0.023357,0.531414,-0.094678,0.427637,0.478315,1.395806,0.017645,0.162679,-3.013702,13.612106,15.225235,44.429886,0.561668,9.569378,-3.013702,13.612106,15.225235,44.429886,0.561668,9.569378,1943,2252,2220,2513,2062,2351,relative_limit:gripper,1,,,,1.40,,0.03,0.47,2.18,33.15
413,0,13.766666666666667,-28.568,0,0,-0.098121,0.430432,0.478315,1.395806,0.017645,0.209159,-0.032008,0.521979,0.456488,1.399677,0.023366,0.611427,-0.032008,0.521979,0.456488,1.399677,0.023366,0.611427,-0.098121,0.430432,0.478315,1.395806,0.017645,0.209159,-3.123283,13.701073,15.225235,44.429886,0.561668,12.303487,-3.123283,13.701073,15.225235,44.429886,0.561668,12.303487,1943,2254,2218,2513,2062,2391,relative_limit:gripper,2,,,,1.50,,0.03,0.53,2.41,33.19
414,0,13.8,-29.665,0,0,-0.115335,0.427637,0.478315,1.395806,0.017645,0.256801,-0.031649,0.526320,0.452246,1.400584,0.023371,0.682707,-0.031649,0.526320,0.452246,1.400584,0.023371,0.682707,-0.115335,0.427637,0.478315,1.395806,0.017645,0.256801,-3.671234,13.612106,15.225235,44.429886,0.561668,15.105947,-3.671234,13.612106,15.225235,44.429886,0.561668,15.105947,1943,2256,2216,2513,2062,2432,relative_limit:gripper,3,,,,1.40,,0.02,0.42,1.56,33.18
415,0,13.833333333333334,-29.566,0,0,-0.135992,0.419252,0.478315,1.393060,0.017645,0.304443,-0.031958,0.529654,0.448764,1.401088,0.023337,0.743155,-0.031958,0.529654,0.448764,1.401088,0.023337,0.743155,-0.135992,0.419252,0.478315,1.393060,0.017645,0.304443,-4.328766,13.345192,15.225235,44.342499,0.561668,17.908407,-4.328766,13.345192,15.225235,44.342499,0.561668,17.908407,1943,2257,2215,2513,2062,2473,relative_limit:gripper,4,,,,1.43,,0.02,0.42,1.63,33.26
416,0,13.866666666666667,-29.347,0,0,-0.146321,0.419252,0.478315,1.387571,0.017645,0.336979,-0.033189,0.532243,0.445958,1.401187,0.023252,0.792035,-0.033189,0.532243,0.445958,1.401187,0.023252,0.792035,-0.146321,0.419252,0.478315,1.387571,0.017645,0.336979,-4.657532,13.345192,15.225235,44.167755,0.561668,19.822283,-4.657532,13.345192,15.225235,44.167755,0.561668,19.822283,1942,2258,2214,2513,2062,2501,relative_limit:gripper,5,,,,1.55,,0.03,0.47,1.56,33.18
417,0,13.9,-29.004,0,0,-0.156649,0.419252,0.478315,1.382081,0.017645,0.339303,-0.035437,0.534440,0.443648,1.400940,0.023130,0.829904,-0.035437,0.534440,0.443648,1.400940,0.023130,0.829904,-0.156649,0.419252,0.478315,1.382081,0.017645,0.339303,-4.986298,13.345192,15.225235,43.993011,0.561668,19.958988,-4.986298,13.345192,15.225235,43.993011,0.561668,19.958988,1942,2259,2213,2513,2062,2503,relative_limit:gripper,6,,,,1.61,,0.03,0.46,1.67,33.04
418,0,13.933333333333334,-29.453,0,0,-0.160092,0.419252,0.478315,1.379337,0.017645,0.332331,-0.038599,0.536465,0.441652,1.400463,0.022997,0.858075,-0.038599,0.536465,0.441652,1.400463,0.022997,0.858075,-0.160092,0.419252,0.478315,1.379337,0.017645,0.332331,-5.095886,13.345192,15.225235,43.905655,0.561668,19.548872,-5.095886,13.345192,15.225235,43.905655,0.561668,19.548872,1941,2259,2213,2513,2062,2497,relative_limit:gripper,7,,,,1.47,,0.02,0.41,1.68,33.20
419,0,13.966666666666667,-28.918,0,0,-0.163535,0.419252,0.478315,1.376591,0.017645,0.320711,-0.042351,0.538260,0.439986,1.400007,0.022888,0.877914,-0.042351,0.538260,0.439986,1.400007,0.022888,0.877914,-0.163535,0.419252,0.478315,1.376591,0.017645,0.320711,-5.205482,13.345192,15.225235,43.818268,0.561668,18.865343,-5.205482,13.345192,15.225235,43.818268,0.561668,18.865343,1940,2260,2212,2513,2062,2487,relative_limit:gripper,8,,,,1.70,,0.04,0.53,1.77,33.09
420,0,14.0,-29.430,0,0,-0.163535,0.419252,0.478315,1.376591,0.017645,0.320711,-0.046409,0.539658,0.438723,1.399695,0.022828,0.890609,-0.046409,0.539658,0.438723,1.399695,0.022828,0.890609,-0.163535,0.419252,0.478315,1.376591,0.017645,0.320711,-5.205482,13.345192,15.225235,43.818268,0.561668,18.865343,-5.205482,13.345192,15.225235,43.818268,0.561668,18.865343,1939,2261,2212,2513,2062,2487,relative_limit:gripper,9,,,,1.57,,0.03,0.46,1.59,33.20
421,0,14.033333333333333,-29.357,0,0,-0.163535,0.419252,0.478315,1.376591,0.017645,0.320711,-0.050496,0.540633,0.437858,1.399273,0.022829,0.897132,-0.050496,0.540633,0.437858,1.399273,0.022829,0.897132,-0.163535,0.419252,0.478315,1.376591,0.017645,0.320711,-5.205482,13.345192,15.225235,43.818268,0.561668,18.865343,-5.205482,13.345192,15.225235,43.818268,0.561668,18.865343,1937,2261,2211,2513,2062,2487,relative_limit:gripper,10,,,,1.57,,0.03,0.46,1.62,33.18
422,0,14.066666666666666,-29.132,0,0,-0.163535,0.419252,0.478315,1.376591,0.017645,0.320711,-0.054331,0.541287,0.437426,1.398408,0.022896,0.898437,-0.054331,0.541287,0.437426,1.398408,0.022896,0.898437,-0.163535,0.419252,0.478315,1.376591,0.017645,0.320711,-5.205482,13.345192,15.225235,43.818268,0.561668,18.865343,-5.205482,13.345192,15.225235,43.818268,0.561668,18.865343,1936,2261,2211,2512,2062,2487,relative_limit:gripper,11,,,,1.64,,0.04,0.43,1.78,33.18
423,0,14.1,-29.236,0,0,-0.163535,0.419252,0.478315,1.376591,0.017645,0.320711,-0.057656,0.541709,0.437561,1.397072,0.023033,0.895744,-0.057656,0.541709,0.437561,1.397072,0.023033,0.895744,-0.163535,0.419252,0.478315,1.376591,0.017645,0.320711,-5.205482,13.345192,15.225235,43.818268,0.561668,18.865343,-5.205482,13.345192,15.225235,43.818268,0.561668,18.865343,1935,2261,2211,2512,2062,2487,relative_limit:gripper,12,,,,1.56,,0.03,0.54,1.66,33.17
424,0,14.133333333333333,-29.645,0,0,-0.163535,0.419252,0.478315,1.376591,0.017645,0.320711,-0.060270,0.541876,0.438179,1.395518,0.023228,0.890407,-0.060270,0.541876,0.438179,1.395518,0.023228,0.890407,-0.163535,0.419252,0.478315,1.376591,0.017645,0.320711,-5.205482,13.345192,15.225235,43.818268,0.561668,18.865343,-5.205482,13.345192,15.225235,43.818268,0.561668,18.865343,1934,2261,2211,2511,2062,2487,relative_limit:gripper,13,,,,1.39,,0.03,0.42,1.55,33.15
425,0,14.166666666666666,-29.591,0,0,-0.163535,0.419252,0.478315,1.376591,0.017645,0.320711,-0.062080,0.541600,0.438888,1.394135,0.023454,0.883852,-0.062080,0.541600,0.438888,1.394135,0.023454,0.883852,-0.163535,0.419252,0.478315,1.376591,0.017645,0.320711,-5.205482,13.345192,15.225235,43.818268,0.561668,18.865343,-5.205482,13.345192,15.225235,43.818268,0.561668,18.865343,1934,2261,2212,2511,2062,2487,relative_limit:gripper,14,,,,1.36,,0.02,0.50,1.59,33.21
426,0,14.2,-29.395,0,0,-0.163535,0.419252,0.478315,1.376591,0.017645,0.320711,-0.063142,0.540433,0.439196,1.393499,0.023681,0.877375,-0.063142,0.540433,0.439196,1.393499,0.023681,0.877375,-0.163535,0.419252,0.478315,1.376591,0.017645,0.320711,-5.205482,13.345192,15.225235,43.818268,0.561668,18.865343,-5.205482,13.345192,15.225235,43.818268,0.561668,18.865343,1934,2261,2212,2511,2062,2487,relative_limit:gripper,15,,,,1.49,,0.03,0.47,1.65,33.18
