step,boundary,start_monotonic,lateness_ms,overrun,reanchored,measured_act_shoulder_pan,measured_act_shoulder_lift,measured_act_elbow_flex,measured_act_wrist_flex,measured_act_wrist_roll,measured_act_gripper,policy_act_shoulder_pan,policy_act_shoulder_lift,policy_act_elbow_flex,policy_act_wrist_flex,policy_act_wrist_roll,policy_act_gripper,requested_act_shoulder_pan,requested_act_shoulder_lift,requested_act_elbow_flex,requested_act_wrist_flex,requested_act_wrist_roll,requested_act_gripper,executed_act_shoulder_pan,executed_act_shoulder_lift,executed_act_elbow_flex,executed_act_wrist_flex,executed_act_wrist_roll,executed_act_gripper,sent_physical_shoulder_pan,sent_physical_shoulder_lift,sent_physical_elbow_flex,sent_physical_wrist_flex,sent_physical_wrist_roll,sent_physical_gripper,returned_physical_shoulder_pan,returned_physical_shoulder_lift,returned_physical_elbow_flex,returned_physical_wrist_flex,returned_physical_wrist_roll,returned_physical_gripper,raw_goal_ticks_shoulder_pan,raw_goal_ticks_shoulder_lift,raw_goal_ticks_elbow_flex,raw_goal_ticks_wrist_flex,raw_goal_ticks_wrist_roll,raw_goal_ticks_gripper,hold_reason,consecutive_holds,frame_seq,frame_unix_time,frame_age_ms,read_ms,observe_ms,infer_ms,gate_ms,send_ms,step_ms
0,1,,0.000,0,0,0.015493,-2.853716,2.867991,1.371119,-0.037592,0.230075,0.015001,-2.852828,2.864039,1.370989,-0.037423,0.231244,0.015001,-2.852828,2.864039,1.370989,-0.037423,0.231244,0.015001,-2.852828,2.864039,1.370989,-0.037423,0.231244,0.477493,-90.808334,91.165192,43.639923,-1.191223,13.602596,,,,,,,1956,1047,3068,2502,2023,2118,,0,0,0.020000,0.0,0.10,4932.43,2.98,0.50,0.89,4937.94
1,0,,0.000,0,0,0.015488,-2.853730,2.870516,1.371165,-0.037589,0.230091,0.014987,-2.852874,2.863954,1.370969,-0.037421,0.231239,0.014987,-2.852874,2.863954,1.370969,-0.037421,0.231239,0.014987,-2.852874,2.863954,1.370969,-0.037421,0.231239,0.477051,-90.809784,91.162491,43.639282,-1.191154,13.602302,,,,,,,1956,1047,3068,2502,2023,2118,,0,,,,0.05,,0.01,0.26,0.70,1.78
2,0,,0.000,0,0,0.015481,-2.853742,2.872509,1.371212,-0.037586,0.230110,0.015030,-2.852947,2.863945,1.370897,-0.037413,0.231242,0.015030,-2.852947,2.863945,1.370897,-0.037413,0.231242,0.015030,-2.852947,2.863944,1.370897,-0.037414,0.231242,0.478424,-90.812111,91.162186,43.637009,-1.190910,13.602442,,,,,,,1956,1047,3068,2502,2023,2118,,0,,,,0.05,,0.01,0.26,0.71,1.81
3,0,,0.000,0,0,0.015476,-2.853754,2.873771,1.371254,-0.037583,0.230128,0.015102,-2.853017,2.863990,1.370818,-0.037396,0.231272,0.015102,-2.853017,2.863990,1.370818,-0.037396,0.231272,0.015102,-2.853017,2.863990,1.370818,-0.037396,0.231272,0.480698,-90.814362,91.163620,43.634491,-1.190353,13.604241,,,,,,,1956,1047,3068,2502,2023,2118,,0,,,,0.05,,0.01,0.28,0.67,1.81
4,0,,0.000,0,0,0.015471,-2.853767,2.874622,1.371297,-0.037580,0.230148,0.015209,-2.853092,2.864049,1.370765,-0.037377,0.231346,0.015209,-2.853092,2.864049,1.370765,-0.037377,0.231346,0.015209,-2.853092,2.864049,1.370765,-0.037377,0.231346,0.484131,-90.816750,91.165512,43.632812,-1.189743,13.608596,,,,,,,1956,1047,3068,2502,2023,2118,,0,,,,0.05,,0.01,0.26,1.35,2.82
5,0,,0.000,0,0,0.015467,-2.853781,2.875145,1.371339,-0.037576,0.230168,0.015350,-2.853165,2.864102,1.370720,-0.037357,0.231441,0.015350,-2.853165,2.864102,1.370720,-0.037357,0.231441,0.015350,-2.853165,2.864102,1.370720,-0.037357,0.231441,0.488594,-90.819046,91.167191,43.631363,-1.189102,13.614204,,,,,,,1956,1047,3068,2502,2023,2118,,0,,,,0.05,,0.02,0.35,0.83,2.16
6,0,,0.000,0,0,0.015465,-2.853795,2.875456,1.371375,-0.037573,0.230188,0.015476,-2.853233,2.864140,1.370642,-0.037340,0.231507,0.015476,-2.853233,2.864140,1.370642,-0.037340,0.231507,0.015476,-2.853233,2.864140,1.370642,-0.037340,0.231507,0.492607,-90.821220,91.168396,43.628906,-1.188568,13.618067,,,,,,,1956,1047,3068,2502,2023,2118,,0,,,,0.05,,0.01,0.25,0.72,1.80
7,0,,0.000,0,0,0.015465,-2.853811,2.875669,1.371413,-0.037569,0.230211,0.015559,-2.853286,2.864146,1.370540,-0.037327,0.231516,0.015559,-2.853286,2.864146,1.370540,-0.037327,0.231516,0.015559,-2.853286,2.864146,1.370540,-0.037327,0.231516,0.495255,-90.822922,91.168610,43.625656,-1.188148,13.618594,,,,,,,1957,1047,3068,2502,2023,2118,,0,,,,0.05,,0.01,0.28,0.70,1.85
8,0,,0.000,0,0,0.015466,-2.853827,2.875802,1.371449,-0.037565,0.230233,0.015615,-2.853332,2.864106,1.370435,-0.037311,0.231450,0.015615,-2.853332,2.864106,1.370435,-0.037311,0.231450,0.015615,-2.853332,2.864106,1.370435,-0.037311,0.231450,0.497055,-90.824364,91.167328,43.622299,-1.187660,13.614708,,,,,,,1957,1047,3068,2502,2023,2118,,0,,,,0.05,,0.01,0.25,0.69,1.77
9,0,,0.000,0,0,0.015467,-2.853843,2.875874,1.371480,-0.037560,0.230253,0.015704,-2.853370,2.864054,1.370367,-0.037290,0.231277,0.015704,-2.853370,2.864054,1.370367,-0.037290,0.231277,0.015704,-2.853370,2.864054,1.370367,-0.037290,0.231277,0.499870,-90.825600,91.165665,43.620148,-1.186989,13.604546,,,,,,,1957,1047,3068,2502,2023,2118,,0,,,,0.05,,0.01,0.25,0.69,1.78
10,0,,0.000,0,0,0.015470,-2.853861,2.875934,1.371511,-0.037556,0.230271,0.015848,-2.853454,2.864047,1.370399,-0.037266,0.231019,0.015848,-2.853454,2.864047,1.370399,-0.037266,0.231019,0.015848,-2.853454,2.864048,1.370399,-0.037266,0.231019,0.504448,-90.828262,91.165466,43.621155,-1.186226,13.589371,,,,,,,1957,1047,3068,2502,2023,2117,,0,,,,0.05,,0.01,0.25,0.71,1.78
11,0,,0.000,0,0,0.015475,-2.853878,2.875993,1.371542,-0.037551,0.230285,0.015999,-2.853598,2.864095,1.370530,-0.037242,0.230768,0.015999,-2.853598,2.864095,1.370530,-0.037242,0.230768,0.015999,-2.853598,2.864095,1.370530,-0.037242,0.230768,0.509247,-90.832832,91.166977,43.625336,-1.185440,13.574606,,,,,,,1957,1047,3068,2502,2023,2117,,0,,,,0.05,,0.01,0.32,0.73,1.86
12,0,,0.000,0,0,0.015481,-2.853897,2.876047,1.371572,-0.037546,0.230294,0.016091,-2.853736,2.864150,1.370634,-0.037225,0.230590,0.016091,-2.853736,2.864150,1.370634,-0.037225,0.230590,0.016091,-2.853736,2.864150,1.370634,-0.037225,0.230590,0.512184,-90.837227,91.168716,43.628647,-1.184914,13.564101,,,,,,,1957,1046,3068,2502,2023,2117,,0,,,,0.05,,0.01,0.26,0.75,1.89
13,0,,0.000,0,0,0.015488,-2.853918,2.876105,1.371605,-0.037540,0.230300,0.016109,-2.853847,2.864192,1.370658,-0.037217,0.230498,0.016109,-2.853847,2.864192,1.370658,-0.037217,0.230498,0.016109,-2.853847,2.864192,1.370658,-0.037216,0.230498,0.512756,-90.840759,91.170044,43.629410,-1.184639,13.558703,,,,,,,1957,1046,3068,2502,2023,2117,,0,,,,0.05,,0.01,0.28,0.71,1.83
14,0,,0.000,0,0,0.015496,-2.853941,2.876162,1.371639,-0.037534,0.230303,0.016071,-2.853922,2.864216,1.370636,-0.037213,0.230481,0.016071,-2.853922,2.864216,1.370636,-0.037213,0.230481,0.016071,-2.853922,2.864216,1.370636,-0.037213,0.230481,0.511566,-90.843147,91.170822,43.628693,-1.184509,13.557712,,,,,,,1957,1046,3068,2502,2023,2117,,0,,,,0.05,,0.01,0.28,0.68,1.75
15,0,,0.000,0,0,0.015503,-2.853963,2.876216,1.371670,-0.037529,0.230306,0.016020,-2.853986,2.864223,1.370627,-0.037210,0.230528,0.016020,-2.853986,2.864223,1.370627,-0.037210,0.230528,0.016020,-2.853986,2.864223,1.370627,-0.037210,0.230528,0.509941,-90.845177,91.171051,43.628418,-1.184425,13.560471,,,,,,,1957,1046,3068,2502,2023,2117,,0,,,,0.05,,0.01,0.24,0.65,1.76
16,0,,0.000,0,0,0.015511,-2.853987,2.876272,1.371701,-0.037524,0.230310,0.015966,-2.854030,2.864209,1.370651,-0.037212,0.230629,0.015966,-2.854030,2.864209,1.370651,-0.037212,0.230629,0.015966,-2.854030,2.864209,1.370651,-0.037212,0.230629,0.508202,-90.846581,91.170609,43.629196,-1.184479,13.566390,,,,,,,1957,1046,3068,2502,2023,2117,,0,,,,0.05,,0.01,0.25,0.67,1.77
17,0,,0.000,0,0,0.015517,-2.854011,2.876328,1.371733,-0.037518,0.230315,0.015881,-2.854072,2.864180,1.370705,-0.037215,0.230768,0.015881,-2.854072,2.864180,1.370705,-0.037215,0.230768,0.015881,-2.854072,2.864180,1.370705,-0.037215,0.230768,0.505508,-90.847916,91.169678,43.630890,-1.184586,13.574589,,,,,,,1957,1046,3068,2502,2023,2117,,0,,,,0.05,,0.01,0.24,0.66,1.71
18,0,,0.000,0,0,0.015521,-2.854035,2.876379,1.371763,-0.037513,0.230322,0.015749,-2.854117,2.864143,1.370802,-0.037217,0.230926,0.015749,-2.854117,2.864143,1.370802,-0.037217,0.230926,0.015749,-2.854117,2.864143,1.370802,-0.037218,0.230926,0.501312,-90.849373,91.168503,43.633987,-1.184669,13.583878,,,,,,,1957,1046,3068,2502,2023,2117,,0,,,,0.05,,0.01,0.25,0.75,1.86
19,0,,0.000,0,0,0.015524,-2.854060,2.876432,1.371796,-0.037508,0.230332,0.015582,-2.854198,2.864100,1.370950,-0.037219,0.231079,0.015582,-2.854198,2.864100,1.370950,-0.037219,0.231079,0.015582,-2.854198,2.864100,1.370950,-0.037219,0.231079,0.495995,-90.851944,91.167130,43.638687,-1.184715,13.592896,,,,,,,1957,1046,3068,2502,2023,2117,,0,,,,0.05,,0.01,0.24,0.64,1.70
20,0,,0.000,0,0,0.015526,-2.854086,2.876483,1.371831,-0.037503,0.230344,0.015363,-2.854306,2.864047,1.371120,-0.037219,0.231195,0.015363,-2.854306,2.864047,1.371120,-0.037219,0.231195,0.015363,-2.854306,2.864048,1.371120,-0.037219,0.231195,0.489021,-90.855385,91.165466,43.644104,-1.184723,13.599714,,,,,,,1956,1046,3068,2503,2023,2117,,0,,,,0.05,,0.01,0.24,0.64,1.68
21,0,,0.000,0,0,0.015524,-2.854111,2.876529,1.371866,-0.037498,0.230357,0.015102,-2.854409,2.863961,1.371277,-0.037219,0.231256,0.015102,-2.854409,2.863961,1.371277,-0.037219,0.231256,0.015102,-2.854409,2.863961,1.371278,-0.037219,0.231256,0.480721,-90.858643,91.162704,43.649109,-1.184715,13.603294,,,,,,,1956,1046,3068,2503,2023,2118,,0,,,,0.06,,0.01,0.31,0.65,1.87
22,0,,0.000,0,0,0.015520,-2.854139,2.876577,1.371905,-0.037493,0.230372,0.014848,-2.854498,2.863857,1.371431,-0.037218,0.231256,0.014848,-2.854498,2.863857,1.371431,-0.037218,0.231256,0.014848,-2.854498,2.863857,1.371431,-0.037218,0.231256,0.472626,-90.861496,91.159409,43.654007,-1.184669,13.603306,,,,,,,1956,1046,3068,2503,2023,2118,,0,,,,0.06,,0.01,0.27,0.66,1.78
23,0,,0.000,0,0,0.015512,-2.854167,2.876622,1.371946,-0.037488,0.230388,0.014633,-2.854576,2.863762,1.371610,-0.037215,0.231192,0.014633,-2.854576,2.863762,1.371610,-0.037215,0.231192,0.014633,-2.854576,2.863761,1.371610,-0.037215,0.231192,0.465775,-90.863976,91.156357,43.659714,-1.184608,13.599509,,,,,,,1956,1046,3068,2503,2023,2117,,0,,,,0.07,,0.01,0.25,0.65,1.71
24,0,,0.000,0,0,0.015501,-2.854195,2.876663,1.371987,-0.037483,0.230401,0.014488,-2.854622,2.863666,1.371793,-0.037210,0.231060,0.014488,-2.854622,2.863666,1.371793,-0.037210,0.231060,0.014488,-2.854622,2.863665,1.371793,-0.037210,0.231060,0.461159,-90.865440,91.153305,43.665512,-1.184441,13.591761,,,,,,,1956,1046,3068,2503,2023,2117,,0,,,,0.05,,0.01,0.27,0.66,1.76
25,0,,0.000,0,0,0.015489,-2.854225,2.876704,1.372031,-0.037479,0.230413,0.014454,-2.854614,2.863545,1.371934,-0.037202,0.230864,0.014454,-2.854614,2.863545,1.371934,-0.037202,0.230864,0.014454,-2.854614,2.863545,1.371934,-0.037202,0.230864,0.460075,-90.865173,91.149460,43.670013,-1.184174,13.580215,,,,,,,1956,1046,3068,2503,2023,2117,,0,,,,0.05,,0.01,0.26,0.68,1.75
26,0,,0.000,0,0,0.015475,-2.854254,2.876743,1.372079,-0.037474,0.230421,0.014506,-2.854579,2.863419,1.372043,-0.037195,0.230612,0.014506,-2.854579,2.863419,1.372043,-0.037195,0.230612,0.014506,-2.854579,2.863419,1.372043,-0.037195,0.230612,0.461746,-90.864082,91.145447,43.673492,-1.183952,13.565427,,,,,,,1956,1046,3068,2503,2023,2117,,0,,,,0.05,,0.01,0.24,1.08,2.60
27,0,,0.000,0,0,0.015463,-2.854281,2.876776,1.372125,-0.037469,0.230425,0.014583,-2.854565,2.863325,1.372127,-0.037192,0.230343,0.014583,-2.854565,2.863325,1.372127,-0.037192,0.230343,0.014583,-2.854565,2.863325,1.372127,-0.037192,0.230343,0.464188,-90.863632,91.142471,43.676147,-1.183868,13.549569,,,,,,,1956,1046,3068,2503,2023,2117,,0,,,,0.05,,0.01,0.24,0.65,1.72
28,0,,0.000,0,0,0.015452,-2.854310,2.876809,1.372175,-0.037464,0.230425,0.014628,-2.854614,2.863288,1.372176,-0.037196,0.230124,0.014628,-2.854614,2.863288,1.372176,-0.037196,0.230124,0.014628,-2.854614,2.863288,1.372176,-0.037196,0.230124,0.465622,-90.865181,91.141296,43.677734,-1.183983,13.536710,,,,,,,1956,1046,3068,2503,2023,2117,,0,,,,0.05,,0.01,0.24,0.70,1.77
29,0,,0.000,0,0,0.015440,-2.854337,2.876842,1.372223,-0.037460,0.230421,0.014650,-2.854741,2.863304,1.372176,-0.037205,0.229997,0.014650,-2.854741,2.863304,1.372176,-0.037205,0.229997,0.014650,-2.854741,2.863305,1.372176,-0.037205,0.229997,0.466324,-90.869217,91.141815,43.677734,-1.184258,13.529242,,,,,,,1956,1046,3068,2503,2023,2116,,0,,,,0.05,,0.01,0.26,0.67,1.83
30,0,,0.000,0,0,0.015431,-2.854365,2.876872,1.372270,-0.037455,0.230415,0.014654,-2.854935,2.863347,1.372117,-0.037216,0.229939,0.014654,-2.854935,2.863347,1.372117,-0.037216,0.229939,0.014654,-2.854935,2.863347,1.372117,-0.037216,0.229939,0.466469,-90.875389,91.143158,43.675858,-1.184616,13.525811,,,,,,,1956,1046,3068,2503,2023,2116,,0,,,,0.05,,0.01,0.28,0.71,1.89
31,0,,0.000,0,0,0.015421,-2.854396,2.876903,1.372317,-0.037451,0.230407,0.014636,-2.855130,2.863364,1.371961,-0.037227,0.229866,0.014636,-2.855130,2.863364,1.371961,-0.037227,0.229866,0.014636,-2.855130,2.863364,1.371961,-0.037227,0.229866,0.465866,-90.881615,91.143707,43.670868,-1.184967,13.521540,,,,,,,1956,1046,3068,2503,2023,2116,,0,,,,0.05,,0.01,0.25,0.67,1.75
32,0,,0.000,0,0,0.015411,-2.854430,2.876935,1.372361,-0.037447,0.230398,0.014583,-2.855249,2.863320,1.371668,-0.037239,0.229740,0.014583,-2.855249,2.863320,1.371668,-0.037239,0.229740,0.014583,-2.855249,2.863320,1.371668,-0.037239,0.229740,0.464203,-90.885391,91.142303,43.661530,-1.185364,13.514105,,,,,,,1956,1046,3068,2503,2023,2116,,0,,,,0.05,,0.01,0.26,0.67,1.86
33,0,,0.000,0,0,0.015401,-2.854463,2.876964,1.372398,-0.037443,0.230388,0.014522,-2.855218,2.863198,1.371209,-0.037252,0.229607,0.014522,-2.855218,2.863198,1.371209,-0.037252,0.229607,0.014522,-2.855218,2.863198,1.371209,-0.037252,0.229607,0.462250,-90.884415,91.138412,43.646942,-1.185776,13.506269,,,,,,,1956,1046,3068,2503,2023,2116,,0,,,,0.05,,0.01,0.25,0.69,1.81
34,0,,0.000,0,0,0.015389,-2.854497,2.876993,1.372430,-0.037440,0.230375,0.014491,-2.855040,2.863017,1.370634,-0.037263,0.229553,0.014491,-2.855040,2.863017,1.370634,-0.037263,0.229553,0.014491,-2.855040,2.863017,1.370634,-0.037263,0.229553,0.461266,-90.878738,91.132660,43.628632,-1.186119,13.503131,,,,,,,1956,1046,3068,2502,2023,2116,,0,,,,0.05,,0.01,0.24,0.64,1.73
35,0,,0.000,0,0,0.015378,-2.854530,2.877019,1.372451,-0.037436,0.230362,0.014494,-2.854784,2.862820,1.370058,-0.037270,0.229627,0.014494,-2.854784,2.862820,1.370058,-0.037270,0.229627,0.014494,-2.854784,2.862820,1.370058,-0.037270,0.229627,0.461349,-90.870605,91.126404,43.610306,-1.186340,13.507453,,,,,,,1956,1046,3068,2502,2023,2116,,0,,,,0.05,,0.01,0.24,0.64,1.70
36,0,,0.000,0,0,0.015367,-2.854557,2.877040,1.372462,-0.037434,0.230350,0.014510,-2.854527,2.862644,1.369593,-0.037272,0.229803,0.014510,-2.854527,2.862644,1.369593,-0.037272,0.229803,0.014510,-2.854527,2.862643,1.369593,-0.037272,0.229803,0.461868,-90.862427,91.120773,43.595505,-1.186409,13.517841,,,,,,,1956,1046,3068,2502,2023,2116,,0,,,,0.05,,0.01,0.30,0.64,1.76
37,0,,0.000,0,0,0.015356,-2.854581,2.877058,1.372465,-0.037431,0.230340,0.014496,-2.854327,2.862542,1.369321,-0.037271,0.230015,0.014496,-2.854327,2.862542,1.369321,-0.037271,0.230015,0.014496,-2.854327,2.862542,1.369321,-0.037271,0.230015,0.461411,-90.856056,91.117554,43.586838,-1.186371,13.530313,,,,,,,1956,1046,3068,2502,2023,2116,,0,,,,0.05,,0.01,0.24,0.67,1.76
38,0,,0.000,0,0,0.015344,-2.854602,2.877074,1.372463,-0.037428,0.230333,0.014471,-2.854237,2.862564,1.369288,-0.037268,0.230181,0.014471,-2.854237,2.862564,1.369288,-0.037268,0.230181,0.014471,-2.854237,2.862564,1.369288,-0.037268,0.230181,0.460640,-90.853172,91.118240,43.585800,-1.186272,13.540038,,,,,,,1956,1046,3068,2502,2023,2117,,0,,,,0.05,,0.01,0.26,0.66,1.76
39,0,,0.000,0,0,0.015333,-2.854620,2.877090,1.372459,-0.037425,0.230330,0.014503,-2.854251,2.862688,1.369430,-0.037261,0.230241,0.014503,-2.854251,2.862688,1.369430,-0.037261,0.230241,0.014503,-2.854251,2.862688,1.369430,-0.037261,0.230241,0.461647,-90.853622,91.122192,43.590302,-1.186050,13.543614,,,,,,,1956,1046,3068,2502,2023,2117,,0,,,,0.05,,0.01,0.26,0.65,1.84
40,0,,0.000,0,0,0.015323,-2.854639,2.877108,1.372456,-0.037422,0.230329,0.014626,-2.854285,2.862809,1.369534,-0.037247,0.230195,0.014626,-2.854285,2.862809,1.369534,-0.037247,0.230195,0.014626,-2.854285,2.862809,1.369534,-0.037247,0.230195,0.465561,-90.854729,91.126038,43.593628,-1.185623,13.540870,,,,,,,1956,1046,3068,2502,2023,2117,,0,,,,0.05,,0.01,0.24,0.66,1.73
41,0,,0.000,0,0,0.015313,-2.854658,2.877127,1.372456,-0.037419,0.230327,0.014817,-2.854298,2.862868,1.369483,-0.037228,0.230066,0.014817,-2.854298,2.862868,1.369483,-0.037228,0.230066,0.014817,-2.854298,2.862868,1.369483,-0.037228,0.230066,0.471649,-90.855118,91.127914,43.591995,-1.184998,13.533291,,,,,,,1956,1046,3068,2502,2023,2116,,0,,,,0.05,,0.01,0.24,0.64,1.69
42,0,,0.000,0,0,0.015306,-2.854676,2.877146,1.372456,-0.037416,0.230323,0.014944,-2.854302,2.862864,1.369310,-0.037207,0.229893,0.014944,-2.854302,2.862864,1.369310,-0.037207,0.229893,0.014944,-2.854302,2.862864,1.369310,-0.037207,0.229893,0.475677,-90.855240,91.127777,43.586487,-1.184334,13.523117,,,,,,,1956,1046,3068,2502,2023,2116,,0,,,,0.05,,0.01,0.24,0.70,1.75
43,0,,0.000,0,0,0.015302,-2.854695,2.877166,1.372452,-0.037412,0.230316,0.014922,-2.854340,2.862840,1.369120,-0.037191,0.229697,0.014922,-2.854340,2.862840,1.369120,-0.037191,0.229697,0.014922,-2.854340,2.862840,1.369120,-0.037191,0.229697,0.474976,-90.856445,91.127029,43.580444,-1.183830,13.511592,,,,,,,1956,1046,3068,2502,2023,2116,,0,,,,0.06,,0.01,0.24,0.64,1.69
44,0,,0.000,0,0,0.015296,-2.854714,2.877185,1.372447,-0.037409,0.230307,0.014811,-2.854410,2.862801,1.368925,-0.037183,0.229470,0.014811,-2.854410,2.862801,1.368925,-0.037183,0.229470,0.014811,-2.854410,2.862801,1.368924,-0.037183,0.229470,0.471451,-90.858688,91.125793,43.574219,-1.183578,13.498232,,,,,,,1956,1046,3068,2502,2023,2116,,0,,,,0.05,,0.01,0.27,0.72,1.83
45,0,,0.000,0,0,0.015291,-2.854732,2.877202,1.372438,-0.037405,0.230294,0.014795,-2.854464,2.862705,1.368683,-0.037178,0.229222,0.014795,-2.854464,2.862705,1.368683,-0.037178,0.229222,0.014795,-2.854464,2.862705,1.368683,-0.037178,0.229222,0.470947,-90.860413,91.122742,43.566528,-1.183395,13.483659,,,,,,,1956,1046,3068,2502,2023,2116,,0,,,,0.05,,0.01,0.26,0.68,1.73
46,0,,0.000,0,0,0.015284,-2.854753,2.877219,1.372425,-0.037400,0.230277,0.014918,-2.854474,2.862545,1.368404,-0.037170,0.228981,0.014918,-2.854474,2.862545,1.368404,-0.037170,0.228981,0.014918,-2.854474,2.862545,1.368404,-0.037170,0.228981,0.474846,-90.860733,91.117645,43.557648,-1.183167,13.469490,,,,,,,1956,1046,3068,2502,2023,2116,,0,,,,0.05,,0.01,0.24,0.68,1.82
47,0,,0.000,0,0,0.015280,-2.854773,2.877234,1.372408,-0.037397,0.230256,0.015093,-2.854467,2.862389,1.368202,-0.037164,0.228784,0.015093,-2.854467,2.862389,1.368202,-0.037164,0.228784,0.015093,-2.854467,2.862389,1.368202,-0.037164,0.228784,0.480423,-90.860504,91.112656,43.551224,-1.182953,13.457894,,,,,,,1956,1046,3068,2501,2023,2115,,0,,,,0.08,,0.01,0.30,0.69,1.94
48,0,,0.000,0,0,0.015276,-2.854791,2.877245,1.372389,-0.037393,0.230233,0.015192,-2.854466,2.862270,1.368152,-0.037159,0.228683,0.015192,-2.854466,2.862270,1.368152,-0.037159,0.228683,0.015192,-2.854466,2.862270,1.368152,-0.037159,0.228683,0.483559,-90.860489,91.108871,43.549622,-1.182823,13.451919,,,,,,,1956,1046,3068,2501,2023,2115,,0,,,,0.05,,0.02,0.35,0.70,2.02
49,0,,0.000,0,0,0.015275,-2.854811,2.877254,1.372367,-0.037389,0.230207,0.015108,-2.854432,2.862118,1.368172,-0.037156,0.228700,0.015108,-2.854432,2.862118,1.368172,-0.037156,0.228700,0.015108,-2.854432,2.862118,1.368172,-0.037156,0.228700,0.480904,-90.859383,91.104050,43.550262,-1.182716,13.452932,,,,,,,1956,1046,3068,2501,2023,2115,,0,,,,0.05,,0.01,0.32,0.72,1.92
50,0,,0.000,0,0,0.015273,-2.854829,2.877261,1.372345,-0.037385,0.230182,0.014814,-2.854318,2.861863,1.368204,-0.037154,0.228802,0.014814,-2.854318,2.861863,1.368204,-0.037154,0.228802,0.014814,-2.854318,2.861862,1.368204,-0.037154,0.228802,0.471542,-90.855751,91.095917,43.551300,-1.182655,13.458964,,,,,,,1956,1046,3068,2501,2023,2115,,0,,,,0.05,,0.01,0.29,0.65,1.82
51,0,,0.000,0,0,0.015268,-2.854846,2.877264,1.372326,-0.037381,0.230159,0.014443,-2.854125,2.861517,1.368307,-0.037153,0.228957,0.014443,-2.854125,2.861517,1.368307,-0.037153,0.228957,0.014443,-2.854125,2.861517,1.368306,-0.037153,0.228957,0.459732,-90.849632,91.084900,43.554550,-1.182602,13.468063,,,,,,,1956,1046,3068,2501,2023,2116,,0,,,,0.05,,0.01,0.28,0.72,1.82
52,0,,0.000,0,0,0.015259,-2.854860,2.877262,1.372307,-0.037377,0.230138,0.014158,-2.853879,2.861145,1.368549,-0.037149,0.229122,0.014158,-2.853879,2.861145,1.368549,-0.037149,0.229122,0.014158,-2.853879,2.861145,1.368549,-0.037149,0.229122,0.450661,-90.841782,91.073059,43.562256,-1.182503,13.477791,,,,,,,1956,1046,3067,2502,2023,2116,,0,,,,0.05,,0.01,0.28,0.66,1.83
53,0,,0.000,0,0,0.015245,-2.854872,2.877254,1.372293,-0.037373,0.230120,0.014009,-2.853591,2.860806,1.368911,-0.037145,0.229264,0.014009,-2.853591,2.860806,1.368911,-0.037145,0.229264,0.014009,-2.853591,2.860806,1.368911,-0.037145,0.229264,0.445923,-90.832626,91.062286,43.573776,-1.182373,13.486132,,,,,,,1956,1047,3067,2502,2023,2116,,0,,,,0.05,,0.01,0.27,0.87,2.22
54,0,,0.000,0,0,0.015230,-2.854878,2.877242,1.372284,-0.037369,0.230106,0.013933,-2.853263,2.860529,1.369289,-0.037141,0.229338,0.013933,-2.853263,2.860529,1.369289,-0.037141,0.229338,0.013933,-2.853263,2.860529,1.369289,-0.037141,0.229338,0.443504,-90.822166,91.053467,43.585831,-1.182243,13.490454,,,,,,,1956,1047,3067,2502,2023,2116,,0,,,,0.10,,0.01,0.24,0.65,1.81
55,0,,0.000,0,0,0.015213,-2.854881,2.877224,1.372281,-0.037364,0.230092,0.013882,-2.852925,2.860369,1.369661,-0.037137,0.229313,0.013882,-2.852925,2.860369,1.369661,-0.037137,0.229313,0.013882,-2.852925,2.860369,1.369661,-0.037137,0.229313,0.441887,-90.811417,91.048386,43.597656,-1.182106,13.489017,,,,,,,1956,1047,3067,2502,2023,2116,,0,,,,0.05,,0.01,0.26,0.64,1.70
56,0,,0.000,0,0,0.015196,-2.854879,2.877204,1.372285,-0.037361,0.230079,0.013878,-2.852581,2.860359,1.369994,-0.037132,0.229199,0.013878,-2.852581,2.860359,1.369994,-0.037132,0.229199,0.013878,-2.852581,2.860359,1.369994,-0.037132,0.229199,0.441742,-90.800461,91.048050,43.608261,-1.181946,13.482282,,,,,,,1956,1047,3067,2502,2023,2116,,0,,,,0.08,,0.01,0.27,0.65,1.75
57,0,,0.000,0,0,0.015180,-2.854872,2.877183,1.372294,-0.037357,0.230066,0.013911,-2.852200,2.860459,1.370206,-0.037129,0.229049,0.013911,-2.852200,2.860459,1.370206,-0.037129,0.229049,0.013911,-2.852200,2.860459,1.370206,-0.037129,0.229049,0.442795,-90.788338,91.051239,43.615021,-1.181839,13.473460,,,,,,,1956,1047,3067,2502,2023,2116,,0,,,,0.05,,0.01,0.27,0.64,1.69
58,0,,0.000,0,0,0.015164,-2.854861,2.877164,1.372307,-0.037353,0.230049,0.013919,-2.851733,2.860561,1.370192,-0.037130,0.228947,0.013919,-2.851733,2.860561,1.370192,-0.037130,0.228947,0.013919,-2.851733,2.860561,1.370191,-0.037130,0.228947,0.443054,-90.773483,91.054489,43.614548,-1.181870,13.467470,,,,,,,1956,1047,3067,2502,2023,2116,,0,,,,0.05,,0.01,0.24,0.69,1.75
59,0,,0.000,0,0,0.015147,-2.854843,2.877147,1.372321,-0.037349,0.230031,0.013899,-2.851229,2.860618,1.370022,-0.037133,0.228986,0.013899,-2.851229,2.860618,1.370022,-0.037133,0.228986,0.013899,-2.851229,2.860618,1.370023,-0.037133,0.228986,0.442421,-90.757431,91.056305,43.609161,-1.181976,13.469755,,,,,,,1956,1047,3067,2502,2023,2116,,0,,,,0.05,,0.01,0.25,0.70,1.79
60,0,,0.000,0,0,0.015132,-2.854819,2.877132,1.372332,-0.037345,0.230014,0.013934,-2.850779,2.860641,1.369853,-0.037137,0.229199,0.013934,-2.850779,2.860641,1.369853,-0.037137,0.229199,0.013934,-2.850779,2.860641,1.369853,-0.037137,0.229199,0.443527,-90.743111,91.057022,43.603775,-1.182106,13.482279,,,,,,,1956,1048,3067,2502,2023,2116,,0,,,,0.05,,0.01,0.24,0.68,1.71
61,0,,0.000,0,0,0.015116,-2.854789,2.877116,1.372340,-0.037341,0.229999,0.014076,-2.850430,2.860644,1.369759,-0.037140,0.229555,0.014076,-2.850430,2.860644,1.369759,-0.037140,0.229555,0.014076,-2.850430,2.860644,1.369759,-0.037140,0.229555,0.448059,-90.731995,91.057114,43.600800,-1.182213,13.503218,,,,,,,1956,1048,3067,2502,2023,2116,,0,,,,0.05,,0.01,0.24,0.71,1.93
62,0,,0.000,0,0,0.015102,-2.854753,2.877101,1.372347,-0.037338,0.229990,0.014287,-2.850180,2.860633,1.369717,-0.037143,0.229980,0.014287,-2.850180,2.860633,1.369717,-0.037143,0.229980,0.014287,-2.850180,2.860633,1.369717,-0.037143,0.229980,0.454758,-90.724045,91.056763,43.599442,-1.182281,13.528207,,,,,,,1956,1048,3067,2502,2023,2116,,0,,,,0.05,,0.01,0.25,0.66,1.76
63,0,,0.000,0,0,0.015091,-2.854717,2.877087,1.372352,-0.037334,0.229988,0.014497,-2.850048,2.860648,1.369710,-0.037142,0.230371,0.014497,-2.850048,2.860648,1.369710,-0.037142,0.230371,0.014497,-2.850048,2.860648,1.369710,-0.037142,0.230371,0.461449,-90.719841,91.057251,43.599228,-1.182274,13.551238,,,,,,,1956,1048,3067,2502,2023,2117,,0,,,,0.05,,0.01,0.24,0.69,1.77
64,0,,0.000,0,0,0.015083,-2.854676,2.877073,1.372357,-0.037331,0.229993,0.014673,-2.850041,2.860721,1.369684,-0.037141,0.230650,0.014673,-2.850041,2.860721,1.369684,-0.037141,0.230650,0.014673,-2.850041,2.860721,1.369684,-0.037141,0.230650,0.467064,-90.719635,91.059570,43.598389,-1.182243,13.567647,,,,,,,1956,1048,3067,2502,2023,2117,,0,,,,0.05,,0.01,0.25,0.69,1.84
65,0,,0.000,0,0,0.015077,-2.854635,2.877060,1.372361,-0.037328,0.230004,0.014883,-2.850157,2.860862,1.369616,-0.037138,0.230783,0.014883,-2.850157,2.860862,1.369616,-0.037138,0.230783,0.014883,-2.850157,2.860861,1.369616,-0.037138,0.230783,0.473740,-90.723320,91.064041,43.596222,-1.182137,13.575482,,,,,,,1956,1048,3067,2502,2023,2117,,0,,,,0.05,,0.01,0.26,0.65,1.77
66,0,,0.000,0,0,0.015074,-2.854599,2.877049,1.372365,-0.037324,0.230016,0.015146,-2.850405,2.861093,1.369538,-0.037134,0.230791,0.015146,-2.850405,2.861093,1.369538,-0.037134,0.230791,0.015146,-2.850405,2.861093,1.369538,-0.037134,0.230791,0.482109,-90.731216,91.071426,43.593735,-1.182022,13.575914,,,,,,,1956,1048,3067,2502,2023,2117,,0,,,,0.05,,0.01,0.24,0.66,1.74
67,0,,0.000,0,0,0.015075,-2.854564,2.877042,1.372367,-0.037321,0.230029,0.015399,-2.850775,2.861411,1.369439,-0.037132,0.230733,0.015399,-2.850775,2.861411,1.369439,-0.037132,0.230733,0.015399,-2.850775,2.861411,1.369439,-0.037132,0.230733,0.490173,-90.742996,91.081543,43.590591,-1.181938,13.572550,,,,,,,1956,1048,3068,2502,2023,2117,,0,,,,0.05,,0.01,0.24,0.65,1.72
68,0,,0.000,0,0,0.015078,-2.854534,2.877039,1.372367,-0.037317,0.230041,0.015595,-2.851238,2.861784,1.369284,-0.037132,0.230659,0.015595,-2.851238,2.861784,1.369284,-0.037132,0.230659,0.015595,-2.851238,2.861784,1.369284,-0.037132,0.230659,0.496399,-90.757706,91.093414,43.585663,-1.181938,13.568157,,,,,,,1957,1047,3068,2502,2023,2117,,0,,,,0.05,,0.01,0.24,0.76,1.85
69,0,,0.000,0,0,0.015084,-2.854512,2.877042,1.372365,-0.037315,0.230051,0.015751,-2.851771,2.862199,1.369094,-0.037134,0.230573,0.015751,-2.851771,2.862199,1.369094,-0.037134,0.230573,0.015751,-2.851771,2.862198,1.369094,-0.037134,0.230573,0.501373,-90.774696,91.106598,43.579620,-1.182022,13.563097,,,,,,,1957,1047,3068,2502,2023,2117,,0,,,,0.05,,0.01,0.24,0.64,1.69
70,0,,0.000,0,0,0.015092,-2.854496,2.877051,1.372360,-0.037311,0.230061,0.015896,-2.852350,2.862634,1.368929,-0.037141,0.230469,0.015896,-2.852350,2.862634,1.368929,-0.037141,0.230469,0.015896,-2.852350,2.862634,1.368929,-0.037141,0.230469,0.505981,-90.793121,91.120483,43.574356,-1.182220,13.557008,,,,,,,1957,1047,3068,2502,2023,2117,,0,,,,0.06,,0.01,0.26,0.63,1.68
71,0,,0.000,0,0,0.015102,-2.854488,2.877067,1.372352,-0.037308,0.230068,0.015999,-2.852903,2.863017,1.368768,-0.037151,0.230357,0.015999,-2.852903,2.863017,1.368768,-0.037151,0.230357,0.015999,-2.852903,2.863017,1.368768,-0.037151,0.230357,0.509247,-90.810715,91.132660,43.569229,-1.182541,13.550419,,,,,,,1957,1047,3068,2502,2023,2117,,0,,,,0.05,,0.01,0.27,0.67,1.70
72,0,,0.000,0,0,0.015112,-2.854488,2.877088,1.372343,-0.037305,0.230073,0.015993,-2.853368,2.863274,1.368609,-0.037164,0.230253,0.015993,-2.853368,2.863274,1.368609,-0.037164,0.230253,0.015993,-2.853368,2.863274,1.368609,-0.037164,0.230253,0.509056,-90.825531,91.140854,43.564163,-1.182976,13.544268,,,,,,,1957,1047,3068,2502,2023,2117,,0,,,,0.05,,0.01,0.25,0.67,1.74
73,0,,0.000,0,0,0.015124,-2.854495,2.877115,1.372330,-0.037302,0.230077,0.015872,-2.853690,2.863359,1.368502,-0.037181,0.230159,0.015872,-2.853690,2.863359,1.368502,-0.037181,0.230159,0.015872,-2.853690,2.863359,1.368501,-0.037181,0.230159,0.505211,-90.835777,91.143539,43.560760,-1.183510,13.538781,,,,,,,1957,1047,3068,2502,2023,2117,,0,,,,0.05,,0.01,0.25,0.69,1.82
74,0,,0.000,0,0,0.015134,-2.854507,2.877142,1.372316,-0.037300,0.230079,0.015707,-2.853825,2.863250,1.368487,-0.037197,0.230078,0.015707,-2.853825,2.863250,1.368487,-0.037197,0.230078,0.015707,-2.853825,2.863250,1.368487,-0.037197,0.230078,0.499985,-90.840073,91.140076,43.560303,-1.184013,13.534003,,,,,,,1957,1046,3068,2502,2023,2117,,0,,,,0.05,,0.01,0.25,0.69,1.75
75,0,,0.000,0,0,0.015142,-2.854520,2.877167,1.372301,-0.037298,0.230079,0.015564,-2.853736,2.862947,1.368546,-0.037210,0.230039,0.015564,-2.853736,2.862947,1.368546,-0.037210,0.230039,0.015564,-2.853736,2.862946,1.368546,-0.037210,0.230039,0.495422,-90.837242,91.130417,43.562180,-1.184425,13.531712,,,,,,,1957,1046,3068,2502,2023,2116,,0,,,,0.05,,0.01,0.29,0.68,1.79
76,0,,0.000,0,0,0.015148,-2.854533,2.877190,1.372287,-0.037297,0.230079,0.015400,-2.853407,2.862480,1.368646,-0.037221,0.230096,0.015400,-2.853407,2.862480,1.368646,-0.037221,0.230096,0.015400,-2.853407,2.862480,1.368646,-0.037221,0.230096,0.490204,-90.826775,91.115555,43.565353,-1.184799,13.535073,,,,,,,1956,1047,3068,2502,2023,2117,,0,,,,0.05,,0.01,0.24,0.67,1.74
77,0,,0.000,0,0,0.015152,-2.854543,2.877204,1.372274,-0.037295,0.230079,0.015179,-2.852875,2.861940,1.368782,-0.037234,0.230284,0.015179,-2.852875,2.861940,1.368782,-0.037234,0.230284,0.015179,-2.852875,2.861940,1.368783,-0.037234,0.230284,0.483154,-90.809845,91.098373,43.569702,-1.185204,13.546094,,,,,,,1956,1047,3068,2502,2023,2117,,0,,,,0.05,,0.01,0.24,0.77,1.80
78,0,,0.000,0,0,0.015152,-2.854545,2.877210,1.372265,-0.037294,0.230082,0.014950,-2.852244,2.861455,1.368929,-0.037248,0.230564,0.014950,-2.852244,2.861455,1.368929,-0.037248,0.230564,0.014950,-2.852244,2.861455,1.368929,-0.037248,0.230564,0.475868,-90.789742,91.082932,43.574356,-1.185631,13.562605,,,,,,,1956,1047,3068,2502,2023,2117,,0,,,,0.05,,0.01,0.27,0.67,1.74
79,0,,0.000,0,0,0.015151,-2.854539,2.877209,1.372257,-0.037293,0.230089,0.014780,-2.851708,2.861180,1.369056,-0.037261,0.230833,0.014780,-2.851708,2.861180,1.369056,-0.037261,0.230833,0.014780,-2.851708,2.861180,1.369056,-0.037261,0.230833,0.470474,-90.772682,91.074188,43.578415,-1.186073,13.578412,,,,,,,1956,1047,3067,2502,2023,2117,,0,,,,0.05,,0.01,0.24,0.63,1.69
80,0,,0.000,0,0,0.015146,-2.854526,2.877202,1.372253,-0.037292,0.230100,0.014717,-2.851522,2.861297,1.369166,-0.037278,0.230967,0.014717,-2.851522,2.861297,1.369166,-0.037278,0.230967,0.014717,-2.851522,2.861297,1.369166,-0.037278,0.230967,0.468445,-90.766777,91.077927,43.581909,-1.186592,13.586283,,,,,,,1956,1047,3067,2502,2023,2117,,0,,,,0.05,,0.01,0.28,0.67,1.76
81,0,,0.000,0,0,0.015141,-2.854509,2.877196,1.372250,-0.037292,0.230114,0.014662,-2.851893,2.861931,1.369209,-0.037308,0.230882,0.014662,-2.851893,2.861931,1.369209,-0.037308,0.230882,0.014662,-2.851893,2.861931,1.369209,-0.037308,0.230882,0.466690,-90.778587,91.098099,43.583267,-1.187553,13.581287,,,,,,,1956,1047,3068,2502,2023,2117,,0,,,,0.05,,0.01,0.24,0.65,1.76
82,0,,0.000,0,0,0.015135,-2.854496,2.877198,1.372248,-0.037292,0.230127,0.014513,-2.852963,2.863140,1.369138,-0.037361,0.230548,0.014513,-2.852963,2.863140,1.369138,-0.037361,0.230548,0.014513,-2.852963,2.863140,1.369138,-0.037361,0.230548,0.461945,-90.812645,91.136581,43.581024,-1.189232,13.561666,,,,,,,1956,1047,3068,2502,2023,2117,,0,,,,0.05,,0.01,0.27,0.67,1.87
83,0,,0.000,0,0,0.015127,-2.854495,2.877217,1.372245,-0.037292,0.230136,0.014246,-2.854834,2.864967,1.368991,-0.037444,0.230020,0.014246,-2.854834,2.864967,1.368991,-0.037444,0.230020,0.014246,-2.854834,2.864967,1.368991,-0.037444,0.230020,0.453461,-90.872177,91.194717,43.576340,-1.191864,13.530561,,,,,,,1956,1046,3069,2502,2023,2116,,0,,,,0.05,,0.01,0.25,0.73,1.86
84,0,,0.000,0,0,0.015117,-2.854516,2.877259,1.372241,-0.037294,0.230136,0.013914,-2.857493,2.867397,1.368820,-0.037560,0.229419,0.013914,-2.857493,2.867397,1.368820,-0.037560,0.229419,0.013914,-2.857493,2.867397,1.368820,-0.037560,0.229419,0.442909,-90.956825,91.272064,43.570908,-1.195557,13.495255,,,,,,,1956,1045,3070,2502,2023,2116,,0,,,,0.06,,0.01,0.25,0.66,1.83
85,0,,0.000,0,0,0.015103,-2.854720,2.877640,1.372233,-0.037298,0.230127,0.013532,-2.860727,2.870251,1.368568,-0.037709,0.228879,0.013532,-2.860727,2.870251,1.368568,-0.037709,0.228879,0.013532,-2.860727,2.870251,1.368568,-0.037709,0.228879,0.430725,-91.059776,91.362915,43.562881,-1.200310,13.463458,,,,,,,1956,1044,3071,2502,2022,2115,,0,,,,0.05,,0.01,0.25,0.68,1.77
86,0,,0.000,0,0,0.015083,-2.855569,2.878679,1.372221,-0.037304,0.230107,0.013090,-2.864152,2.873214,1.368165,-0.037886,0.228486,0.013090,-2.864152,2.873214,1.368165,-0.037886,0.228486,0.013090,-2.864152,2.873214,1.368165,-0.037886,0.228486,0.416656,-91.168800,91.457230,43.550034,-1.205948,13.440355,,,,,,,1956,1043,3072,2501,2022,2115,,0,,,,0.05,,0.01,0.24,0.64,1.71
87,0,,0.000,0,0,0.015060,-2.857098,2.880270,1.372205,-0.037313,0.230083,0.012623,-2.867230,2.875851,1.367727,-0.038079,0.228263,0.012623,-2.867230,2.875851,1.367727,-0.038079,0.228263,0.012623,-2.867230,2.875851,1.367727,-0.038079,0.228263,0.401794,-91.266769,91.541199,43.536102,-1.212082,13.427263,,,,,,,1956,1042,3073,2501,2022,2115,,0,,,,0.05,,0.01,0.24,0.65,1.74
88,0,,0.000,0,0,0.015030,-2.859306,2.882415,1.372180,-0.037325,0.230053,0.012168,-2.869175,2.877500,1.367442,-0.038270,0.228227,0.012168,-2.869175,2.877500,1.367442,-0.038270,0.228227,0.012168,-2.869175,2.877500,1.367442,-0.038270,0.228227,0.387337,-91.328690,91.593674,43.527039,-1.218185,13.425138,,,,,,,1956,1041,3073,2501,2022,2115,,0,,,,0.05,,0.01,0.24,0.64,1.74
89,0,,0.000,0,0,0.014994,-2.861650,2.884615,1.372151,-0.037340,0.230022,0.011714,-2.868939,2.877247,1.367560,-0.038438,0.228456,0.011714,-2.868939,2.877247,1.367560,-0.038438,0.228456,0.011714,-2.868939,2.877247,1.367560,-0.038438,0.228456,0.372871,-91.321167,91.585602,43.530777,-1.223503,13.438577,,,,,,,1955,1041,3073,2501,2022,2115,,0,,,,0.05,,0.01,0.24,0.65,1.69
90,1,,0.000,0,0,0.014955,-2.863425,2.886245,1.372124,-0.037357,0.229996,0.016768,-2.868982,2.876277,1.371120,-0.037401,0.229706,0.016768,-2.868982,2.876277,1.371120,-0.037401,0.229706,0.016768,-2.868982,2.876276,1.371120,-0.037401,0.229706,0.533737,-91.322525,91.554718,43.644104,-1.190521,13.512111,,,,,,,1957,1041,3073,2503,2023,2116,,0,90,3.020000,0.0,0.05,92.37,1.19,0.46,1.23,96.51
91,0,,0.000,0,0,0.014963,-2.864726,2.887217,1.372143,-0.037362,0.229986,0.016744,-2.867469,2.874846,1.371768,-0.037364,0.229837,0.016744,-2.867469,2.874846,1.371768,-0.037364,0.229837,0.016744,-2.867469,2.874846,1.371768,-0.037364,0.229837,0.532982,-91.274376,91.509201,43.664719,-1.189354,13.519820,,,,,,,1957,1042,3072,2503,2023,2116,,0,,,,0.06,,0.01,0.26,0.76,2.08
92,0,,0.000,0,0,0.014987,-2.865308,2.887446,1.372184,-0.037362,0.229983,0.016638,-2.861843,2.869783,1.372631,-0.037273,0.230756,0.016638,-2.861843,2.869783,1.372631,-0.037273,0.230756,0.016638,-2.861843,2.869783,1.372631,-0.037273,0.230756,0.529602,-91.095284,91.348022,43.692200,-1.186424,13.573855,,,,,,,1957,1044,3070,2503,2023,2117,,0,,,,0.05,,0.01,0.27,0.73,1.86
93,0,,0.000,0,0,0.015007,-2.865360,2.887437,1.372234,-0.037361,0.229992,0.016287,-2.850866,2.859976,1.374227,-0.037070,0.232791,0.016287,-2.850866,2.859976,1.374227,-0.037070,0.232791,0.016287,-2.850866,2.859977,1.374227,-0.037070,0.232791,0.518440,-90.745865,91.035873,43.742996,-1.179970,13.693583,,,,,,,1957,1048,3067,2504,2023,2119,,0,,,,0.05,,0.01,0.25,0.70,1.75
94,0,,0.000,0,0,0.015025,-2.863710,2.885923,1.372522,-0.037356,0.230193,0.015721,-2.833427,2.844426,1.377054,-0.036725,0.236188,0.015721,-2.833427,2.844426,1.377054,-0.036725,0.236188,0.015721,-2.833427,2.844426,1.377054,-0.036725,0.236188,0.500420,-90.190773,90.540894,43.832993,-1.168983,13.893429,,,,,,,1957,1054,3062,2505,2023,2122,,0,,,,0.05,,0.01,0.24,0.69,2.05
95,0,,0.000,0,0,0.015036,-2.858276,2.880919,1.373436,-0.037347,0.231118,0.015063,-2.808483,2.822143,1.381363,-0.036202,0.241144,0.015063,-2.808483,2.822143,1.381363,-0.036202,0.241144,0.015063,-2.808483,2.822143,1.381363,-0.036202,0.241144,0.479469,-89.396774,89.831619,43.970139,-1.152359,14.184958,,,,,,,1956,1063,3054,2506,2023,2126,,0,,,,0.06,,0.01,0.35,0.73,1.97
96,0,,0.000,0,0,0.015038,-2.848312,2.871708,1.375188,-0.037330,0.233058,0.014259,-2.775239,2.792363,1.387298,-0.035495,0.247823,0.014259,-2.775239,2.792363,1.387298,-0.035495,0.247823,0.014259,-2.775239,2.792362,1.387298,-0.035495,0.247823,0.453865,-88.338593,88.883667,44.159073,-1.129829,14.577847,,,,,,,1956,1075,3043,2508,2024,2132,,0,,,,0.05,,0.01,0.30,0.67,2.07
97,0,,0.000,0,0,0.015030,-2.831280,2.855926,1.378293,-0.037302,0.236556,0.013106,-2.733246,2.754621,1.395028,-0.034591,0.256320,0.013106,-2.733246,2.754621,1.395028,-0.034591,0.256320,0.013106,-2.733246,2.754621,1.395028,-0.034591,0.256320,0.417183,-87.001930,87.682297,44.405121,-1.101067,15.077650,,,,,,,1956,1090,3030,2511,2024,2139,,0,,,,0.07,,0.01,0.31,0.72,1.87
98,0,,0.000,0,0,0.015009,-2.807166,2.833547,1.382810,-0.037152,0.241619,0.011611,-2.682163,2.708519,1.404545,-0.033480,0.266702,0.011611,-2.682163,2.708519,1.404545,-0.033480,0.266702,0.011611,-2.682163,2.708519,1.404545,-0.033480,0.266702,0.369583,-85.375908,86.214828,44.708038,-1.065704,15.688342,,,,,,,1955,1108,3013,2515,2025,2148,,0,,,,0.05,,0.01,0.26,0.65,1.77
99,0,,0.000,0,0,0.014971,-2.777311,2.805839,1.388505,-0.036775,0.247939,0.009900,-2.621828,2.653872,1.415796,-0.032153,0.279008,0.009900,-2.621828,2.653872,1.415796,-0.032153,0.279008,0.009900,-2.621828,2.653872,1.415796,-0.032153,0.279008,0.315117,-83.455368,84.475372,45.066162,-1.023453,16.412235,,,,,,,1955,1129,2994,2519,2026,2159,,0,,,,0.05,,0.01,0.35,0.68,2.06
100,0,,0.000,0,0,0.014851,-2.736909,2.768310,1.396291,-0.036068,0.256524,0.008137,-2.552408,2.590838,1.428921,-0.030610,0.293223,0.008137,-2.552408,2.590838,1.428921,-0.030610,0.293223,0.008137,-2.552408,2.590838,1.428921,-0.030610,0.293223,0.259003,-81.245659,82.468933,45.483948,-0.974342,17.248425,,,,,,,1954,1154,2972,2524,2027,2171,,0,,,,0.06,,0.01,0.28,0.67,1.81
101,0,,0.000,0,0,0.014398,-2.687943,2.722787,1.405787,-0.035077,0.266941,0.006235,-2.474252,2.519802,1.444131,-0.028862,0.309296,0.006235,-2.474252,2.519802,1.444131,-0.028862,0.309296,0.006235,-2.474251,2.519802,1.444131,-0.028862,0.309296,0.198471,-78.757866,80.207779,45.968109,-0.918716,18.193880,,,,,,,1954,1182,2947,2529,2028,2185,,0,,,,0.06,,0.01,0.24,0.71,1.74
102,0,,0.000,0,0,0.013577,-2.633796,2.672468,1.416395,-0.033905,0.278458,0.004136,-2.387746,2.441153,1.461356,-0.026923,0.327130,0.004136,-2.387746,2.441153,1.461356,-0.026923,0.327130,0.004136,-2.387746,2.441153,1.461356,-0.026923,0.327130,0.131653,-76.004326,77.704315,46.516418,-0.857002,19.242937,,,,,,,1953,1213,2919,2535,2029,2200,,0,,,,0.05,,0.01,0.27,0.69,1.78
103,0,,0.000,0,0,0.012313,-2.566895,2.610328,1.429706,-0.032408,0.292692,0.001858,-2.293332,2.355312,1.480361,-0.024805,0.346564,0.001858,-2.293332,2.355312,1.480361,-0.024805,0.346564,0.001858,-2.293332,2.355312,1.480361,-0.024805,0.346564,0.059128,-72.999031,74.971909,47.121353,-0.789574,20.386112,,,,,,,1953,1247,2889,2542,2031,2217,,0,,,,0.05,,0.01,0.28,0.65,1.73
104,0,,0.000,0,0,0.010730,-2.491571,2.540436,1.444895,-0.030695,0.308694,-0.000493,-2.191591,2.262828,1.500889,-0.022500,0.367380,-0.000493,-2.191591,2.262828,1.500889,-0.022500,0.367380,-0.000493,-2.191591,2.262828,1.500889,-0.022500,0.367380,-0.015678,-69.760498,72.028046,47.774765,-0.716194,21.610561,,,,,,,1952,1283,2856,2550,2032,2235,,0,,,,0.05,,0.01,0.25,0.71,1.84
105,0,,0.000,0,0,0.009005,-2.413108,2.467777,1.460857,-0.028898,0.325292,-0.002753,-2.083248,2.164386,1.522822,-0.020008,0.389400,-0.002753,-2.083248,2.164386,1.522822,-0.020008,0.389400,-0.002753,-2.083249,2.164386,1.522822,-0.020008,0.389400,-0.087646,-66.311859,68.894531,48.472916,-0.636871,22.905884,,,,,,,1951,1322,2821,2558,2034,2254,,0,,,,0.05,,0.01,0.32,0.72,1.84
106,0,,0.000,0,0,0.006986,-2.321038,2.382664,1.479702,-0.026770,0.344660,-0.004918,-1.969080,2.060714,1.546081,-0.017347,0.412457,-0.004918,-1.969080,2.060714,1.546081,-0.017347,0.412457,-0.004918,-1.969080,2.060714,1.546081,-0.017347,0.412457,-0.156548,-62.677776,65.594543,49.213287,-0.552162,24.262152,,,,,,,1951,1363,2785,2566,2036,2273,,0,,,,0.06,,0.01,0.26,0.70,1.77
107,0,,0.000,0,0,0.004887,-2.221877,2.291176,1.500066,-0.024460,0.365363,-0.007113,-1.849837,1.952487,1.570439,-0.014539,0.436375,-0.007113,-1.849837,1.952487,1.570439,-0.014539,0.436375,-0.007113,-1.849837,1.952487,1.570439,-0.014539,0.436375,-0.226395,-58.882153,62.149597,49.988632,-0.462791,25.669092,,,,,,,1950,1406,2746,2575,2038,2294,,0,,,,0.05,,0.01,0.25,0.70,1.86
108,0,,0.000,0,0,0.002874,-2.122467,2.199698,1.520519,-0.022125,0.385938,-0.009395,-1.726309,1.840388,1.595620,-0.011610,0.461022,-0.009395,-1.726309,1.840388,1.595620,-0.011610,0.461022,-0.009395,-1.726309,1.840388,1.595620,-0.011610,0.461022,-0.299057,-54.950119,58.581360,50.790161,-0.369560,27.118938,,,,,,,1949,1450,2707,2584,2039,2315,,0,,,,0.06,,0.02,0.35,0.88,2.14
109,0,,0.000,0,0,0.000672,-2.009803,2.096233,1.543726,-0.019458,0.409071,-0.011743,-1.599378,1.725166,1.621313,-0.008583,0.486303,-0.011743,-1.599378,1.725166,1.621313,-0.008583,0.486303,-0.011743,-1.599378,1.725166,1.621313,-0.008583,0.486303,-0.373795,-50.909771,54.913742,51.608002,-0.273216,28.606071,,,,,,,1949,1495,2666,2594,2041,2337,,0,,,,0.06,,0.02,0.32,0.67,1.85
110,0,,0.000,0,0,-0.001574,-1.892159,1.988411,1.567886,-0.016656,0.433040,-0.014170,-1.470047,1.607711,1.647338,-0.005486,0.512113,-0.014170,-1.470047,1.607711,1.647338,-0.005486,0.512113,-0.014170,-1.470047,1.607711,1.647338,-0.005486,0.512113,-0.451042,-46.793045,51.175018,52.436386,-0.174644,30.124273,,,,,,,1948,1542,2625,2603,2043,2359,,0,,,,0.05,,0.01,0.27,0.70,1.73
111,0,,0.000,0,0,-0.003738,-1.777443,1.883505,1.591317,-0.013914,0.456267,-0.016659,-1.339387,1.489012,1.673592,-0.002347,0.538342,-0.016659,-1.339387,1.489012,1.673592,-0.002347,0.538342,-0.016659,-1.339387,1.489012,1.673592,-0.002347,0.538342,-0.530258,-42.633999,47.396744,53.272079,-0.074715,31.667185,,,,,,,1947,1588,2583,2613,2045,2382,,0,,,,0.05,,0.01,0.24,0.71,2.24
112,0,,0.000,0,0,-0.006118,-1.650857,1.767913,1.617042,-0.010877,0.481832,-0.019113,-1.208492,1.370080,1.699924,0.000808,0.564797,-0.019113,-1.208492,1.370080,1.699924,0.000808,0.564797,-0.019113,-1.208492,1.370080,1.699924,0.000808,0.564797,-0.608376,-38.467495,43.611008,54.110260,0.025711,33.223358,,,,,,,1946,1635,2541,2622,2048,2405,,0,,,,0.05,,0.02,0.38,0.91,2.21
113,0,,0.000,0,0,-0.008536,-1.522017,1.650470,1.643081,-0.007781,0.507831,-0.021566,-1.078412,1.251883,1.726109,0.003949,0.591216,-0.021566,-1.078412,1.251883,1.726109,0.003949,0.591216,-0.021566,-1.078412,1.251883,1.726110,0.003949,0.591216,-0.686470,-34.326912,39.848679,54.943771,0.125694,34.777420,,,,,,,1946,1682,2499,2632,2050,2427,,0,,,,0.05,,0.01,0.30,0.68,1.75
114,0,,0.000,0,0,-0.010833,-1.399436,1.538972,1.667747,-0.004833,0.532572,-0.024099,-0.950124,1.135352,1.751862,0.007052,0.617354,-0.024099,-0.950124,1.135352,1.751862,0.007052,0.617354,-0.024099,-0.950124,1.135352,1.751862,0.007052,0.617354,-0.767097,-30.243393,36.139389,55.763504,0.224472,36.314957,,,,,,,1945,1728,2458,2641,2052,2450,,0,,,,0.05,,0.01,0.28,0.70,1.74
115,0,,0.000,0,0,-0.013324,-1.267459,1.419125,1.694220,-0.001657,0.559254,-0.026557,-0.824580,1.021423,1.776927,0.010102,0.642932,-0.026557,-0.824580,1.021423,1.776927,0.010102,0.642932,-0.026556,-0.824580,1.021423,1.776927,0.010102,0.642932,-0.845322,-26.247192,32.512909,56.561356,0.321556,37.819530,,,,,,,1944,1772,2417,2650,2054,2472,,0,,,,0.05,,0.01,0.26,0.71,1.83
116,0,,0.000,0,0,-0.015823,-1.136307,1.300314,1.720382,0.001498,0.585769,-0.028846,-0.702766,0.911069,1.801109,0.013077,0.667691,-0.028846,-0.702766,0.911069,1.801109,0.013077,0.667691,-0.028846,-0.702766,0.911069,1.801109,0.013077,0.667691,-0.918182,-22.369743,29.000214,57.331085,0.416245,39.275917,,,,,,,1944,1816,2378,2659,2056,2493,,0,,,,0.05,,0.01,0.26,0.72,1.81
117,0,,0.000,0,0,-0.018147,-1.014373,1.190192,1.744549,0.004433,0.610376,-0.031018,-0.585633,0.805174,1.824227,0.015951,0.691486,-0.031018,-0.585633,0.805174,1.824227,0.015951,0.691486,-0.031018,-0.585633,0.805174,1.824227,0.015951,0.691486,-0.987335,-18.641289,25.629486,58.066956,0.507721,40.675621,,,,,,,1943,1858,2341,2668,2057,2514,,0,,,,0.05,,0.01,0.25,0.79,1.81
118,0,,0.000,0,0,-0.020572,-0.886163,1.074728,1.769799,0.007522,0.636204,-0.033197,-0.474058,0.704490,1.846111,0.018699,0.714236,-0.033197,-0.474058,0.704490,1.846111,0.018699,0.714236,-0.033197,-0.474058,0.704490,1.846111,0.018699,0.714236,-1.056686,-15.089729,22.424614,58.763535,0.595200,42.013885,,,,,,,1942,1898,2305,2676,2059,2533,,0,,,,0.05,,0.01,0.26,0.69,1.72
119,0,,0.000,0,0,-0.022928,-0.761777,0.963146,1.794088,0.010522,0.661193,-0.035333,-0.368869,0.609694,1.866654,0.021307,0.735851,-0.035333,-0.368869,0.609694,1.866654,0.021307,0.735851,-0.035333,-0.368869,0.609694,1.866653,0.021307,0.735851,-1.124680,-11.741463,19.407181,59.417419,0.678207,43.285374,,,,,,,1942,1936,2272,2683,2061,2552,,0,,,,0.08,,0.01,0.41,0.82,2.10
120,0,,0.000,0,0,-0.025090,-0.648922,0.862328,1.815937,0.013246,0.683830,-0.037458,-0.270841,0.521417,1.885812,0.023759,0.756212,-0.037458,-0.270841,0.521417,1.885812,0.023759,0.756212,-0.037458,-0.270841,0.521417,1.885812,0.023759,0.756212,-1.192322,-8.621147,16.597221,60.027237,0.756279,44.483040,,,,,,,1941,1971,2241,2690,2062,2569,,0,,,,0.05,,0.01,0.25,0.66,1.69
121,0,,0.000,0,0,-0.027362,-0.533321,0.759415,1.838171,0.016042,0.707056,-0.039584,-0.180618,0.440198,1.903450,0.026042,0.775139,-0.039584,-0.180618,0.440198,1.903450,0.026042,0.775139,-0.039584,-0.180618,0.440198,1.903450,0.026042,0.775139,-1.259987,-5.749245,14.011932,60.588699,0.828957,45.596420,,,,,,,1941,2003,2212,2696,2064,2586,,0,,,,0.05,,0.01,0.24,0.66,1.71
122,0,,0.000,0,0,-0.029593,-0.424229,0.662704,1.859007,0.018689,0.729022,-0.041649,-0.098726,0.366494,1.919420,0.028140,0.792444,-0.041649,-0.098726,0.366494,1.919420,0.028140,0.792444,-0.041649,-0.098726,0.366494,1.919420,0.028140,0.792444,-1.325714,-3.142532,11.665871,61.097015,0.895714,46.614330,,,,,,,1940,2032,2186,2702,2065,2600,,0,,,,0.05,,0.01,0.24,0.66,1.64
123,0,,0.000,0,0,-0.031657,-0.328086,0.577825,1.877252,0.021030,0.748426,-0.043492,-0.025614,0.300698,1.933637,0.030042,0.807971,-0.043492,-0.025614,0.300698,1.933637,0.030042,0.807971,-0.043492,-0.025614,0.300698,1.933637,0.030042,0.807971,-1.384392,-0.815315,9.571503,61.549591,0.956261,47.527714,,,,,,,1939,2058,2163,2707,2067,2614,,0,,,,0.06,,0.01,0.25,0.65,1.76
124,0,,0.000,0,0,-0.033799,-0.232727,0.493921,1.895248,0.023367,0.767731,-0.045053,0.038379,0.243123,1.946093,0.031745,0.821581,-0.045053,0.038379,0.243123,1.946093,0.031745,0.821581,-0.045053,0.038379,0.243123,1.946093,0.031745,0.821581,-1.434090,1.221657,7.738853,61.946060,1.010475,48.328316,,,,,,,1939,2081,2142,2712,2068,2626,,0,,,,0.05,,0.03,0.28,0.70,1.91
125,0,,0.000,0,0,-0.035809,-0.145869,0.417842,1.911520,0.025510,0.785317,-0.046328,0.093102,0.193914,1.956793,0.033245,0.833188,-0.046328,0.093102,0.193914,1.956793,0.033245,0.833188,-0.046328,0.093102,0.193914,1.956793,0.033245,0.833188,-1.474678,2.963531,6.172478,62.286636,1.058220,49.011059,,,,,,,1939,2101,2125,2716,2069,2636,,0,,,,0.06,,0.01,0.32,0.72,1.93
126,0,,0.000,0,0,-0.037532,-0.072236,0.353659,1.925222,0.027344,0.800183,-0.047287,0.138621,0.153001,1.965754,0.034537,0.842825,-0.047287,0.138621,0.153001,1.965754,0.034537,0.842825,-0.047287,0.138621,0.153001,1.965754,0.034537,0.842825,-1.505203,4.412437,4.870178,62.571884,1.099358,49.577938,,,,,,,1938,2117,2111,2719,2070,2644,,0,,,,0.06,,0.01,0.25,0.66,1.78
127,0,,0.000,0,0,-0.039153,-0.002411,0.293083,1.938154,0.029107,0.814218,-0.047920,0.175200,0.120120,1.972977,0.035623,0.850611,-0.047920,0.175200,0.120120,1.972977,0.035623,0.850611,-0.047920,0.175200,0.120120,1.972977,0.035623,0.850611,-1.525330,5.576775,3.823540,62.801804,1.133904,50.035954,,,,,,,1938,2130,2099,2722,2070,2651,,0,,,,0.07,,0.01,0.24,0.64,1.72
128,0,,0.000,0,0,-0.040509,0.058012,0.241008,1.949265,0.030658,0.826270,-0.048322,0.203318,0.094785,1.978529,0.036502,0.856709,-0.048322,0.203318,0.094785,1.978529,0.036502,0.856709,-0.048322,0.203318,0.094785,1.978529,0.036502,0.856709,-1.538132,6.471802,3.017090,62.978531,1.161911,50.394661,,,,,,,1938,2140,2090,2724,2071,2656,,0,,,,0.05,,0.01,0.28,0.64,1.66
129,0,,0.000,0,0,-0.041536,0.106361,0.199643,1.958081,0.031921,0.835840,-0.048587,0.223658,0.076318,1.982644,0.037186,0.861287,-0.048587,0.223658,0.076318,1.982644,0.037186,0.861287,-0.048587,0.223658,0.076318,1.982644,0.037186,0.861287,-1.546570,7.119247,2.429283,63.109512,1.183678,50.663960,,,,,,,1938,2148,2083,2725,2071,2660,,0,,,,0.05,,0.01,0.24,0.68,1.68
130,0,,0.000,0,0,-0.042386,0.149162,0.163294,1.965822,0.033066,0.844272,-0.048739,0.237144,0.063829,1.985580,0.037696,0.864499,-0.048739,0.237144,0.063829,1.985580,0.037696,0.864499,-0.048739,0.237144,0.063829,1.985580,0.037696,0.864499,-1.551422,7.548538,2.031746,63.202972,1.199898,50.852871,,,,,,,1938,2152,2079,2726,2072,2662,,0,,,,0.05,,0.01,0.24,0.71,1.71
131,0,,0.000,0,0,-0.043019,0.183298,0.134565,1.971955,0.034004,0.850973,-0.048800,0.244959,0.056219,1.987551,0.038062,0.866480,-0.048800,0.244959,0.056219,1.987551,0.038062,0.866480,-0.048800,0.244959,0.056219,1.987551,0.038062,0.866480,-1.553360,7.797287,1.789513,63.265701,1.211533,50.969429,,,,,,,1938,2155,2076,2727,2072,2664,,0,,,,0.05,,0.01,0.24,0.68,1.77
132,0,,0.000,0,0,-0.043450,0.208128,0.113853,1.976423,0.034711,0.855825,-0.048797,0.248460,0.052298,1.988760,0.038317,0.867397,-0.048797,0.248460,0.052298,1.988760,0.038317,0.867397,-0.048797,0.248460,0.052298,1.988760,0.038317,0.867397,-1.553253,7.908737,1.664688,63.304184,1.219681,51.023354,,,,,,,1938,2156,2075,2728,2072,2665,,0,,,,0.05,,0.01,0.25,0.69,1.75
133,0,,0.000,0,0,-0.043764,0.227680,0.097655,1.979992,0.035300,0.859597,-0.048660,0.249050,0.050957,1.989434,0.038495,0.867468,-0.048660,0.249050,0.050957,1.989434,0.038495,0.867468,-0.048660,0.249050,0.050957,1.989434,0.038495,0.867468,-1.548897,7.927513,1.622009,63.325638,1.225327,51.027523,,,,,,,1938,2157,2075,2728,2072,2665,,0,,,,0.05,,0.01,0.31,0.78,2.04
134,0,,0.000,0,0,-0.043944,0.241211,0.086516,1.982538,0.035744,0.862096,-0.048341,0.248159,0.051213,1.989677,0.038621,0.866911,-0.048341,0.248159,0.051213,1.989677,0.038621,0.866911,-0.048341,0.248159,0.051213,1.989677,0.038621,0.866911,-1.538727,7.899139,1.630165,63.333389,1.229332,50.994747,,,,,,,1938,2156,2075,2728,2072,2665,,0,,,,0.05,,0.02,0.32,0.77,1.96
135,0,,0.000,0,0,-0.044015,0.249558,0.079710,1.984178,0.036055,0.863456,-0.047935,0.247151,0.052286,1.989403,0.038711,0.866053,-0.047935,0.247151,0.052286,1.989403,0.038711,0.866053,-0.047935,0.247151,0.052286,1.989403,0.038711,0.866053,-1.525833,7.867050,1.664330,63.324661,1.232193,50.944267,,,,,,,1938,2156,2075,2728,2072,2664,,0,,,,0.07,,0.02,0.29,0.71,1.87
136,0,,0.000,0,0,-0.044068,0.255018,0.075416,1.985246,0.036300,0.864059,-0.047549,0.247172,0.053720,1.988348,0.038777,0.865168,-0.047549,0.247172,0.053720,1.988348,0.038777,0.865168,-0.047549,0.247172,0.053720,1.988349,0.038777,0.865168,-1.513535,7.867722,1.709953,63.291092,1.234314,50.892246,,,,,,,1938,2156,2075,2727,2072,2663,,0,,,,0.05,,0.01,0.25,0.68,1.75
137,0,,0.000,0,0,-0.044115,0.258290,0.073257,1.985644,0.036478,0.864147,-0.047232,0.249014,0.055446,1.986204,0.038830,0.864415,-0.047232,0.249014,0.055446,1.986204,0.038830,0.864415,-0.047232,0.249014,0.055446,1.986204,0.038830,0.864415,-1.503433,7.926369,1.764908,63.222839,1.236000,50.847935,,,,,,,1938,2157,2076,2727,2072,2662,,0,,,,0.05,,0.01,0.25,0.67,1.68
138,0,,0.000,0,0,-0.044154,0.260485,0.072562,1.985696,0.036601,0.864155,-0.046972,0.253165,0.057621,1.982683,0.038874,0.863881,-0.046972,0.253165,0.057621,1.982683,0.038874,0.863881,-0.046972,0.253165,0.057621,1.982683,0.038874,0.863881,-1.495178,8.058487,1.834122,63.110764,1.237404,50.816536,,,,,,,1938,2158,2077,2725,2072,2662,,0,,,,0.05,,0.01,0.24,0.68,1.72
139,0,,0.000,0,0,-0.044192,0.262939,0.072475,1.985672,0.036699,0.864151,-0.046734,0.259856,0.060467,1.977536,0.038912,0.863584,-0.046734,0.259856,0.060467,1.977536,0.038912,0.863584,-0.046734,0.259856,0.060467,1.977536,0.038912,0.863584,-1.487595,8.271477,1.924721,62.946930,1.238617,50.799076,,,,,,,1938,2160,2078,2723,2072,2662,,0,,,,0.05,,0.01,0.23,0.63,1.72
140,0,,0.000,0,0,-0.044225,0.266305,0.072488,1.984942,0.036774,0.864142,-0.046497,0.269132,0.064169,1.970520,0.038942,0.863444,-0.046497,0.269132,0.064169,1.970520,0.038942,0.863444,-0.046497,0.269132,0.064169,1.970520,0.038942,0.863444,-1.480034,8.566727,2.042564,62.723587,1.239563,50.790806,,,,,,,1938,2164,2079,2721,2072,2662,,0,,,,0.05,,0.01,0.23,0.64,1.65
141,0,,0.000,0,0,-0.044254,0.270853,0.072736,1.982761,0.036828,0.864130,-0.046257,0.280867,0.068807,1.961543,0.038958,0.863409,-0.046257,0.280867,0.068807,1.961543,0.038958,0.863409,-0.046257,0.280867,0.068807,1.961543,0.038958,0.863409,-1.472404,8.940269,2.190186,62.437851,1.240074,50.788761,,,,,,,1939,2168,2081,2718,2072,2662,,0,,,,0.05,,0.01,0.25,0.68,1.77
142,0,,0.000,0,0,-0.044281,0.277621,0.073960,1.978339,0.036873,0.864117,-0.046033,0.294775,0.074366,1.950750,0.038959,0.863474,-0.046033,0.294775,0.074366,1.950750,0.038959,0.863474,-0.046034,0.294775,0.074366,1.950750,0.038959,0.863474,-1.465294,9.382988,2.367142,62.094284,1.240089,50.792576,,,,,,,1939,2173,2083,2714,2072,2662,,0,,,,0.05,,0.01,0.32,0.66,1.88
143,0,,0.000,0,0,-0.044305,0.286463,0.076488,1.971821,0.036909,0.864104,-0.045833,0.310449,0.080800,1.938458,0.038944,0.863606,-0.045833,0.310449,0.080800,1.938458,0.038944,0.863606,-0.045833,0.310449,0.080800,1.938458,0.038944,0.863606,-1.458916,9.881905,2.571930,61.703033,1.239609,50.800346,,,,,,,1939,2179,2085,2709,2072,2662,,0,,,,0.05,,0.01,0.27,0.69,1.77
144,0,,0.000,0,0,-0.044324,0.296709,0.080040,1.963872,0.036941,0.864094,-0.045669,0.327448,0.087969,1.925023,0.038912,0.863768,-0.045669,0.327448,0.087969,1.925023,0.038912,0.863768,-0.045669,0.327448,0.087969,1.925024,0.038912,0.863768,-1.453674,10.422989,2.800140,61.275406,1.238594,50.809860,,,,,,,1939,2185,2088,2704,2072,2662,,0,,,,0.05,,0.01,0.25,0.65,1.66
145,0,,0.000,0,0,-0.044342,0.309659,0.084999,1.953575,0.036975,0.864087,-0.045551,0.345362,0.095633,1.910760,0.038863,0.863932,-0.045551,0.345362,0.095633,1.910760,0.038863,0.863932,-0.045551,0.345362,0.095633,1.910760,0.038863,0.863932,-1.449928,10.993217,3.044106,60.821365,1.237038,50.819527,,,,,,,1939,2191,2090,2699,2072,2662,,0,,,,0.06,,0.01,0.24,0.65,1.68
146,0,,0.000,0,0,-0.044358,0.324290,0.090920,1.941821,0.037007,0.864082,-0.045479,0.363766,0.103555,1.896012,0.038795,0.864086,-0.045479,0.363766,0.103555,1.896012,0.038795,0.864086,-0.045479,0.363766,0.103555,1.896011,0.038795,0.864086,-1.447655,11.579041,3.296257,60.351913,1.234879,50.828613,,,,,,,1939,2198,2093,2694,2072,2662,,0,,,,0.05,,0.01,0.27,0.68,1.69
147,0,,0.000,0,0,-0.044372,0.339312,0.097183,1.929693,0.037036,0.864081,-0.045449,0.382199,0.111503,1.881173,0.038713,0.864221,-0.045449,0.382199,0.111503,1.881173,0.038713,0.864221,-0.045449,0.382199,0.111503,1.881173,0.038713,0.864221,-1.446686,12.165764,3.549263,59.879608,1.232254,50.836529,,,,,,,1939,2204,2096,2688,2072,2662,,0,,,,0.05,,0.01,0.24,0.68,1.77
148,0,,0.000,0,0,-0.044386,0.356424,0.104437,1.915835,0.037065,0.864081,-0.045447,0.400207,0.119227,1.866656,0.038620,0.864323,-0.045447,0.400207,0.119227,1.866656,0.038620,0.864323,-0.045447,0.400207,0.119227,1.866656,0.038620,0.864323,-1.446617,12.738991,3.795120,59.417511,1.229309,50.842499,,,,,,,1939,2211,2099,2683,2072,2662,,0,,,,0.05,,0.01,0.24,0.68,1.69
149,0,,0.000,0,0,-0.044400,0.374100,0.111982,1.901537,0.037091,0.864084,-0.045457,0.417354,0.126485,1.852898,0.038526,0.864380,-0.045457,0.417354,0.126485,1.852898,0.038526,0.864380,-0.045457,0.417354,0.126485,1.852898,0.038526,0.864380,-1.446945,13.284775,4.026138,58.979568,1.226318,50.845886,,,,,,,1939,2217,2101,2678,2072,2662,,0,,,,0.05,,0.01,0.27,0.71,1.87
150,0,,0.000,0,0,-0.044413,0.390870,0.119130,1.888023,0.037115,0.864087,-0.045490,0.433225,0.133069,1.840303,0.038438,0.864379,-0.045490,0.433225,0.133069,1.840303,0.038438,0.864379,-0.045490,0.433225,0.133069,1.840303,0.038438,0.864379,-1.447990,13.789986,4.235718,58.578659,1.223503,50.845848,,,,,,,1939,2222,2104,2673,2072,2662,,0,,,,0.06,,0.01,0.25,0.63,1.78
151,0,,0.000,0,0,-0.044427,0.408575,0.126615,1.873849,0.037138,0.864091,-0.045569,0.447471,0.138809,1.829181,0.038358,0.864338,-0.045569,0.447471,0.138809,1.829181,0.038358,0.864338,-0.045569,0.447471,0.138809,1.829181,0.038358,0.864338,-1.450523,14.243439,4.418434,58.224640,1.220993,50.843407,,,,,,,1939,2228,2106,2669,2072,2662,,0,,,,0.05,,0.01,0.26,0.66,1.81
152,0,,0.000,0,0,-0.044442,0.425553,0.133686,1.860428,0.037158,0.864094,-0.045703,0.459809,0.143571,1.819715,0.038293,0.864308,-0.045703,0.459809,0.143571,1.819715,0.038293,0.864308,-0.045703,0.459809,0.143571,1.819714,0.038293,0.864308,-1.454773,14.636185,4.570023,57.923309,1.218918,50.841652,,,,,,,1939,2232,2107,2666,2072,2662,,0,,,,0.05,,0.01,0.25,0.69,1.82
153,0,,0.000,0,0,-0.044457,0.440518,0.139780,1.848793,0.037177,0.864097,-0.045831,0.469989,0.147343,1.812029,0.038242,0.864300,-0.045831,0.469989,0.147343,1.812029,0.038242,0.864300,-0.045830,0.469989,0.147343,1.812029,0.038242,0.864300,-1.458832,14.960220,4.690079,57.678680,1.217293,50.841175,,,,,,,1939,2236,2109,2663,2072,2662,,0,,,,0.05,,0.01,0.29,0.68,1.81
154,0,,0.000,0,0,-0.044475,0.455110,0.145551,1.837659,0.037195,0.864099,-0.045901,0.477848,0.150176,1.806185,0.038202,0.864318,-0.045901,0.477848,0.150176,1.806185,0.038202,0.864318,-0.045901,0.477848,0.150176,1.806185,0.038202,0.864318,-1.461060,15.210365,4.780258,57.492676,1.216003,50.842239,,,,,,,1939,2238,2110,2661,2072,2662,,0,,,,0.05,,0.01,0.24,0.67,1.69
155,0,,0.000,0,0,-0.044493,0.467923,0.150456,1.828109,0.037213,0.864101,-0.045924,0.483375,0.152159,1.802117,0.038166,0.864353,-0.045924,0.483375,0.152159,1.802117,0.038166,0.864353,-0.045924,0.483375,0.152159,1.802117,0.038166,0.864353,-1.461807,15.386292,4.843369,57.363159,1.214851,50.844276,,,,,,,1939,2240,2110,2660,2072,2662,,0,,,,0.05,,0.01,0.24,0.70,1.77
156,0,,0.000,0,0,-0.044511,0.478146,0.154248,1.820679,0.037228,0.864104,-0.045933,0.486751,0.153418,1.799606,0.038131,0.864401,-0.045933,0.486751,0.153418,1.799606,0.038131,0.864401,-0.045933,0.486751,0.153418,1.799606,0.038131,0.864401,-1.462105,15.493774,4.883453,57.283234,1.213753,50.847107,,,,,,,1939,2242,2111,2659,2072,2662,,0,,,,0.05,,0.01,0.24,0.65,1.71
157,0,,0.000,0,0,-0.044529,0.486979,0.157436,1.814428,0.037243,0.864107,-0.045939,0.488342,0.154113,1.798353,0.038100,0.864491,-0.045939,0.488342,0.154113,1.798353,0.038100,0.864491,-0.045939,0.488342,0.154113,1.798354,0.038100,0.864491,-1.462273,15.544418,4.905579,57.243378,1.212761,50.852386,,,,,,,1939,2242,2111,2658,2072,2662,,0,,,,0.05,,0.01,0.24,0.73,1.74
158,0,,0.000,0,0,-0.044548,0.493681,0.159806,1.809825,0.037258,0.864112,-0.045949,0.488650,0.154421,1.797987,0.038072,0.864618,-0.045949,0.488650,0.154421,1.797987,0.038072,0.864618,-0.045949,0.488650,0.154421,1.797987,0.038072,0.864618,-1.462593,15.554214,4.915367,57.231689,1.211861,50.859909,,,,,,,1939,2242,2111,2658,2072,2663,,0,,,,0.06,,0.01,0.26,0.66,1.70
159,0,,0.000,0,0,-0.044565,0.498183,0.161385,1.806833,0.037271,0.864119,-0.045977,0.488264,0.154543,1.798055,0.038041,0.864722,-0.045977,0.488264,0.154543,1.798055,0.038041,0.864722,-0.045977,0.488264,0.154543,1.798055,0.038041,0.864722,-1.463486,15.541931,4.919243,57.233871,1.210869,50.865990,,,,,,,1939,2242,2111,2658,2072,2663,,0,,,,0.05,,0.01,0.27,0.70,1.83
160,0,,0.000,0,0,-0.044583,0.501332,0.162510,1.804805,0.037284,0.864127,-0.046007,0.487789,0.154686,1.798092,0.038004,0.864715,-0.046007,0.487789,0.154686,1.798092,0.038004,0.864715,-0.046007,0.487789,0.154686,1.798092,0.038004,0.864715,-1.464462,15.526817,4.923820,57.235031,1.209702,50.865597,,,,,,,1939,2242,2111,2658,2072,2663,,0,,,,0.05,,0.01,0.38,0.79,2.20
161,0,,0.000,0,0,-0.044602,0.503203,0.163230,1.803612,0.037296,0.864136,-0.046010,0.487787,0.155020,1.797672,0.037961,0.864522,-0.046010,0.487787,0.155020,1.797672,0.037961,0.864522,-0.046010,0.487787,0.155020,1.797672,0.037961,0.864522,-1.464531,15.526749,4.934433,57.221680,1.208328,50.854248,,,,,,,1939,2242,2111,2658,2072,2662,,0,,,,0.05,,0.01,0.30,0.68,1.81
162,0,,0.000,0,0,-0.044619,0.504234,0.163701,1.802891,0.037307,0.864142,-0.045976,0.488713,0.155653,1.796435,0.037912,0.864135,-0.045976,0.488713,0.155653,1.796435,0.037912,0.864135,-0.045976,0.488713,0.155653,1.796434,0.037912,0.864135,-1.463470,15.556213,4.954575,57.182281,1.206779,50.831459,,,,,,,1939,2242,2111,2657,2072,2662,,0,,,,0.05,,0.01,0.24,0.65,1.70
163,0,,0.000,0,0,-0.044637,0.505046,0.164155,1.802150,0.037318,0.864142,-0.045960,0.490860,0.156646,1.794153,0.037860,0.863620,-0.045960,0.490860,0.156646,1.794153,0.037860,0.863620,-0.045960,0.490860,0.156646,1.794153,0.037860,0.863620,-1.462944,15.624573,4.986191,57.109665,1.205109,50.801193,,,,,,,1939,2243,2112,2657,2072,2662,,0,,,,0.09,,0.01,0.25,0.71,1.87
164,0,,0.000,0,0,-0.044654,0.506030,0.164700,1.801074,0.037327,0.864134,-0.045979,0.494365,0.158000,1.790753,0.037805,0.863079,-0.045979,0.494365,0.158000,1.790753,0.037805,0.863079,-0.045979,0.494365,0.158000,1.790753,0.037805,0.863079,-1.463554,15.736130,5.029312,57.001419,1.203362,50.769379,,,,,,,1939,2244,2112,2655,2072,2661,,0,,,,0.05,,0.01,0.24,0.65,1.67
165,0,,0.000,0,0,-0.044670,0.507479,0.165395,1.799481,0.037335,0.864118,-0.045992,0.499248,0.159667,1.786233,0.037749,0.862613,-0.045992,0.499248,0.159667,1.786233,0.037749,0.862613,-0.045992,0.499248,0.159667,1.786233,0.037749,0.862613,-1.463959,15.891556,5.082344,56.857559,1.201591,50.741959,,,,,,,1939,2246,2113,2654,2072,2661,,0,,,,0.05,,0.01,0.25,0.66,1.70
166,0,,0.000,0,0,-0.044688,0.509903,0.166403,1.796930,0.037342,0.864093,-0.045975,0.505435,0.161564,1.780640,0.037696,0.862276,-0.045975,0.505435,0.161564,1.780640,0.037696,0.862276,-0.045975,0.505435,0.161564,1.780640,0.037696,0.862276,-1.463432,16.088509,5.142746,56.679550,1.199913,50.722145,,,,,,,1939,2248,2114,2652,2072,2661,,0,,,,0.05,,0.01,0.24,0.68,1.71
167,0,,0.000,0,0,-0.044704,0.513377,0.167686,1.793430,0.037348,0.864060,-0.045955,0.512787,0.163644,1.774056,0.037649,0.862097,-0.045955,0.512787,0.163644,1.774056,0.037649,0.862097,-0.045955,0.512787,0.163644,1.774056,0.037649,0.862097,-1.462799,16.322517,5.208946,56.469940,1.198410,50.711609,,,,,,,1939,2251,2114,2649,2072,2660,,0,,,,0.05,,0.01,0.24,0.67,1.67
168,0,,0.000,0,0,-0.044720,0.517692,0.169133,1.789219,0.037353,0.863999,-0.045925,0.521112,0.165874,1.766608,0.037612,0.862064,-0.045925,0.521112,0.165874,1.766608,0.037612,0.862064,-0.045925,0.521112,0.165874,1.766608,0.037612,0.862064,-1.461838,16.587517,5.279945,56.232880,1.197243,50.709637,,,,,,,1939,2254,2115,2647,2072,2660,,0,,,,0.05,,0.01,0.30,0.68,1.86
169,0,,0.000,0,0,-0.044736,0.523463,0.170919,1.783705,0.037358,0.863922,-0.045884,0.530190,0.168258,1.758487,0.037589,0.862167,-0.045884,0.530190,0.168258,1.758487,0.037589,0.862167,-0.045884,0.530190,0.168258,1.758487,0.037589,0.862167,-1.460533,16.876480,5.355820,55.974365,1.196495,50.715683,,,,,,,1939,2257,2116,2644,2071,2660,,0,,,,0.05,,0.01,0.30,0.68,1.87
170,0,,0.000,0,0,-0.044751,0.530288,0.172911,1.777286,0.037362,0.863877,-0.045871,0.539782,0.170824,1.749870,0.037578,0.862387,-0.045871,0.539782,0.170824,1.749870,0.037578,0.862387,-0.045871,0.539782,0.170824,1.749870,0.037578,0.862387,-1.460136,17.181801,5.437492,55.700089,1.196144,50.728626,,,,,,,1939,2261,2117,2640,2071,2661,,0,,,,0.05,,0.01,0.29,0.67,1.76
171,0,,0.000,0,0,-0.044765,0.537560,0.174958,1.770515,0.037365,0.863851,-0.045893,0.549626,0.173608,1.740920,0.037578,0.862677,-0.045893,0.549626,0.173608,1.740920,0.037578,0.862677,-0.045893,0.549626,0.173608,1.740920,0.037578,0.862677,-1.460831,17.495132,5.526115,55.415207,1.196136,50.745728,,,,,,,1939,2264,2118,2637,2071,2661,,0,,,,0.05,,0.01,0.29,0.65,1.95
172,0,,0.000,0,0,-0.044780,0.546111,0.177348,1.762586,0.037369,0.863829,-0.045874,0.559442,0.176590,1.731804,0.037590,0.862978,-0.045874,0.559442,0.176590,1.731804,0.037590,0.862978,-0.045873,0.559442,0.176590,1.731803,0.037590,0.862978,-1.460197,17.807602,5.621040,55.125015,1.196526,50.763409,,,,,,,1939,2268,2119,2634,2071,2661,,0,,,,0.05,,0.01,0.26,0.68,1.72
173,0,,0.000,0,0,-0.044794,0.555186,0.179932,1.754172,0.037372,0.863812,-0.045808,0.568932,0.179719,1.722749,0.037620,0.863223,-0.045808,0.568932,0.179719,1.722749,0.037620,0.863223,-0.045808,0.568932,0.179719,1.722749,0.037620,0.863223,-1.458107,18.109657,5.720650,54.836792,1.197472,50.777840,,,,,,,1939,2271,2120,2631,2072,2661,,0,,,,0.05,,0.01,0.24,0.69,1.72
174,0,,0.000,0,0,-0.044806,0.563989,0.182534,1.745958,0.037376,0.863800,-0.045736,0.577788,0.182958,1.714010,0.037668,0.863364,-0.045736,0.577788,0.182958,1.714010,0.037668,0.863364,-0.045736,0.577788,0.182958,1.714010,0.037668,0.863364,-1.455818,18.391563,5.823723,54.558640,1.199005,50.786102,,,,,,,1939,2274,2121,2627,2072,2662,,0,,,,0.05,,0.01,0.25,0.64,1.71
175,0,,0.000,0,0,-0.044819,0.573456,0.185494,1.737012,0.037381,0.863791,-0.045655,0.585741,0.186242,1.705823,0.037732,0.863390,-0.045655,0.585741,0.186242,1.705823,0.037732,0.863390,-0.045655,0.585741,0.186242,1.705823,0.037732,0.863390,-1.453224,18.644714,5.928268,54.298035,1.201057,50.787651,,,,,,,1939,2277,2122,2624,2072,2662,,0,,,,0.05,,0.01,0.24,0.65,1.69
176,0,,0.000,0,0,-0.044830,0.582656,0.188586,1.728176,0.037386,0.863783,-0.045503,0.592589,0.189466,1.698385,0.037811,0.863324,-0.045503,0.592589,0.189466,1.698385,0.037811,0.863324,-0.045503,0.592589,0.189466,1.698385,0.037811,0.863324,-1.448402,18.862701,6.030891,54.061279,1.203552,50.783764,,,,,,,1939,2280,2123,2622,2072,2661,,0,,,,0.05,,0.01,0.25,0.66,1.70
177,0,,0.000,0,0,-0.044839,0.590831,0.191569,1.720156,0.037393,0.863774,-0.045269,0.598187,0.192512,1.691883,0.037901,0.863217,-0.045269,0.598187,0.192512,1.691883,0.037901,0.863217,-0.045269,0.598187,0.192512,1.691883,0.037901,0.863217,-1.440941,19.040894,6.127846,53.854294,1.206436,50.777447,,,,,,,1939,2282,2125,2619,2072,2661,,0,,,,0.05,,0.01,0.24,0.65,1.75
178,0,,0.000,0,0,-0.044845,0.598832,0.194777,1.712076,0.037401,0.863764,-0.045002,0.602413,0.195292,1.686511,0.038005,0.863120,-0.045002,0.602413,0.195292,1.686511,0.038005,0.863120,-0.045002,0.602413,0.195292,1.686511,0.038005,0.863120,-1.432449,19.175407,6.216347,53.683304,1.209732,50.771774,,,,,,,1939,2283,2126,2617,2072,2661,,0,,,,0.06,,0.02,0.43,0.74,2.10
179,0,,0.000,0,0,-0.044848,0.605852,0.197904,1.704748,0.037411,0.863752,-0.044726,0.605223,0.197747,1.682368,0.038120,0.863076,-0.044726,0.605223,0.197747,1.682368,0.038120,0.863076,-0.044726,0.605223,0.197747,1.682368,0.038120,0.863076,-1.423668,19.264839,6.294464,53.551437,1.213409,50.769157,,,,,,,1939,2284,2126,2616,2072,2661,,0,,,,0.05,,0.01,0.25,0.65,1.78
180,1,,0.000,0,0,-0.044847,0.611412,0.200696,1.698704,0.037422,0.863740,-0.046490,0.609304,0.196211,1.682008,0.037272,0.864851,-0.046490,0.609304,0.196211,1.682008,0.037272,0.864851,-0.046490,0.609304,0.196211,1.682008,0.037272,0.864851,-1.479813,19.394753,6.245575,53.539978,1.186409,50.873585,,,,,,,1938,2285,2126,2616,2071,2663,,0,180,6.020000,0.0,0.05,63.13,1.48,0.49,0.90,66.94
181,0,,0.000,0,0,-0.044864,0.616590,0.202780,1.693763,0.037422,0.863751,-0.046368,0.611120,0.197021,1.680608,0.037234,0.864886,-0.046368,0.611120,0.197021,1.680608,0.037234,0.864886,-0.046368,0.611120,0.197021,1.680608,0.037234,0.864886,-1.475945,19.452545,6.271385,53.495422,1.185181,50.875645,,,,,,,1939,2286,2126,2615,2071,2663,,0,,,,0.05,,0.01,0.26,0.72,1.88
182,0,,0.000,0,0,-0.044883,0.620942,0.204108,1.690243,0.037419,0.863769,-0.046272,0.612153,0.197624,1.679850,0.037214,0.864973,-0.046272,0.612153,0.197624,1.679850,0.037214,0.864973,-0.046272,0.612153,0.197624,1.679850,0.037214,0.864973,-1.472878,19.485435,6.290581,53.471283,1.184570,50.880749,,,,,,,1939,2287,2126,2615,2071,2663,,0,,,,0.05,,0.01,0.25,0.69,1.79
183,0,,0.000,0,0,-0.044901,0.624158,0.205051,1.687861,0.037416,0.863787,-0.046224,0.612633,0.198067,1.679542,0.037201,0.865094,-0.046224,0.612633,0.198067,1.679542,0.037201,0.865094,-0.046224,0.612633,0.198067,1.679542,0.037201,0.865094,-1.471359,19.500710,6.304680,53.461487,1.184143,50.887878,,,,,,,1939,2287,2126,2615,2071,2663,,0,,,,0.05,,0.01,0.25,0.74,1.79
184,0,,0.000,0,0,-0.044918,0.626702,0.205851,1.686101,0.037412,0.863807,-0.046222,0.612796,0.198451,1.679519,0.037190,0.865228,-0.046222,0.612796,0.198451,1.679519,0.037190,0.865228,-0.046222,0.612796,0.198451,1.679519,0.037190,0.865228,-1.471298,19.505898,6.316902,53.460739,1.183784,50.895794,,,,,,,1939,2287,2127,2615,2071,2663,,0,,,,0.06,,0.01,0.26,0.68,1.80
185,0,,0.000,0,0,-0.044935,0.628474,0.206493,1.684972,0.037408,0.863830,-0.046209,0.612970,0.198867,1.679505,0.037184,0.865368,-0.046209,0.612970,0.198867,1.679505,0.037184,0.865368,-0.046209,0.612970,0.198867,1.679505,0.037184,0.865368,-1.470863,19.511452,6.330147,53.460312,1.183594,50.903980,,,,,,,1939,2287,2127,2615,2071,2663,,0,,,,0.05,,0.01,0.25,0.65,1.77
186,0,,0.000,0,0,-0.044951,0.629617,0.207002,1.684321,0.037405,0.863853,-0.046167,0.613494,0.199384,1.679184,0.037174,0.865510,-0.046167,0.613494,0.199384,1.679184,0.037174,0.865510,-0.046167,0.613494,0.199384,1.679184,0.037174,0.865510,-1.469543,19.528130,6.346603,53.450073,1.183296,50.912350,,,,,,,1939,2287,2127,2615,2071,2663,,0,,,,0.05,,0.01,0.25,0.71,1.83
187,0,,0.000,0,0,-0.044967,0.630514,0.207502,1.683848,0.037401,0.863879,-0.046119,0.614659,0.200033,1.678253,0.037163,0.865679,-0.046119,0.614659,0.200033,1.678253,0.037163,0.865679,-0.046119,0.614659,0.200033,1.678253,0.037163,0.865679,-1.468025,19.565216,6.367241,53.420456,1.182953,50.922298,,,,,,,1939,2287,2127,2614,2071,2663,,0,,,,0.05,,0.01,0.24,0.64,1.74
188,0,,0.000,0,0,-0.044982,0.631355,0.208015,1.683350,0.037397,0.863908,-0.046091,0.616666,0.200801,1.676481,0.037148,0.865887,-0.046091,0.616666,0.200801,1.676481,0.037148,0.865887,-0.046091,0.616666,0.200801,1.676481,0.037148,0.865887,-1.467117,19.629074,6.391701,53.364029,1.182472,50.934555,,,,,,,1939,2288,2127,2614,2071,2664,,0,,,,0.05,,0.01,0.25,0.68,1.74
189,0,,0.000,0,0,-0.044996,0.632346,0.208547,1.682615,0.037393,0.863944,-0.046071,0.619614,0.201679,1.673743,0.037135,0.866105,-0.046071,0.619614,0.201679,1.673743,0.037135,0.866105,-0.046071,0.619614,0.201679,1.673743,0.037135,0.866105,-1.466469,19.722923,6.419662,53.276901,1.182030,50.947346,,,,,,,1939,2289,2128,2613,2071,2664,,0,,,,0.05,,0.01,0.25,0.65,1.75
190,0,,0.000,0,0,-0.045010,0.633865,0.209200,1.681293,0.037389,0.864022,-0.046059,0.623497,0.202664,1.670046,0.037121,0.866256,-0.046059,0.623497,0.202664,1.670046,0.037121,0.866256,-0.046059,0.623497,0.202664,1.670045,0.037121,0.866256,-1.466110,19.846512,6.451012,53.159195,1.181587,50.956261,,,,,,,1939,2291,2128,2611,2071,2664,,0,,,,0.05,,0.01,0.24,0.64,1.75
191,0,,0.000,0,0,-0.045024,0.636014,0.209949,1.679271,0.037384,0.864136,-0.046119,0.628192,0.203755,1.665511,0.037104,0.866269,-0.046119,0.628192,0.203755,1.665511,0.037104,0.866269,-0.046119,0.628192,0.203755,1.665511,0.037104,0.866269,-1.468025,19.995987,6.485725,53.014877,1.181068,50.956989,,,,,,,1939,2292,2128,2610,2071,2664,,0,,,,0.06,,0.01,0.28,0.70,1.84
192,0,,0.000,0,0,-0.045037,0.638706,0.210747,1.676639,0.037380,0.864236,-0.046293,0.633536,0.204953,1.660358,0.037081,0.866154,-0.046293,0.633536,0.204953,1.660358,0.037081,0.866154,-0.046293,0.633536,0.204953,1.660358,0.037081,0.866154,-1.473549,20.166084,6.523849,52.850830,1.180328,50.950249,,,,,,,1939,2294,2129,2608,2071,2664,,0,,,,0.05,,0.01,0.24,0.65,1.77
193,0,,0.000,0,0,-0.045053,0.642344,0.211710,1.673022,0.037374,0.864291,-0.046513,0.639234,0.206283,1.654918,0.037053,0.865975,-0.046513,0.639234,0.206283,1.654918,0.037053,0.865975,-0.046513,0.639234,0.206283,1.654918,0.037053,0.865975,-1.480545,20.347443,6.566177,52.677673,1.179436,50.939709,,,,,,,1938,2296,2129,2606,2071,2664,,0,,,,0.05,,0.01,0.24,0.71,1.96
194,0,,0.000,0,0,-0.045072,0.646655,0.212788,1.668734,0.037369,0.864321,-0.046691,0.645001,0.207732,1.649501,0.037020,0.865790,-0.046691,0.645001,0.207732,1.649501,0.037020,0.865790,-0.046691,0.645001,0.207732,1.649501,0.037020,0.865790,-1.486237,20.531036,6.612312,52.505234,1.178383,50.928825,,,,,,,1938,2298,2130,2604,2071,2664,,0,,,,0.06,,0.01,0.29,0.67,1.83
195,0,,0.000,0,0,-0.045091,0.651200,0.213911,1.664256,0.037364,0.864344,-0.046773,0.650601,0.209207,1.644291,0.036985,0.865642,-0.046773,0.650601,0.209207,1.644291,0.036985,0.865642,-0.046773,0.650601,0.209207,1.644291,0.036985,0.865642,-1.488831,20.709274,6.659256,52.339417,1.177277,50.920116,,,,,,,1938,2300,2130,2602,2071,2663,,0,,,,0.05,,0.01,0.24,0.67,1.71
196,0,,0.000,0,0,-0.045112,0.656420,0.215219,1.659184,0.037357,0.864365,-0.046776,0.655838,0.210572,1.639395,0.036956,0.865549,-0.046776,0.655838,0.210572,1.639395,0.036956,0.865549,-0.046776,0.655838,0.210572,1.639395,0.036956,0.865549,-1.488914,20.875954,6.702713,52.183578,1.176331,50.914627,,,,,,,1938,2302,2131,2600,2071,2663,,0,,,,0.06,,0.01,0.24,0.65,1.70
197,0,,0.000,0,0,-0.045134,0.661772,0.216583,1.654061,0.037350,0.864385,-0.046758,0.660551,0.211741,1.634935,0.036930,0.865494,-0.046758,0.660551,0.211741,1.634935,0.036930,0.865494,-0.046757,0.660551,0.211741,1.634935,0.036930,0.865494,-1.488342,21.025993,6.739937,52.041595,1.175514,50.911415,,,,,,,1938,2304,2131,2599,2071,2663,,0,,,,0.05,,0.01,0.28,0.65,1.71
198,0,,0.000,0,0,-0.045154,0.666747,0.217850,1.649351,0.037344,0.864402,-0.046746,0.664589,0.212712,1.631085,0.036906,0.865423,-0.046746,0.664589,0.212712,1.631085,0.036906,0.865423,-0.046746,0.664589,0.212712,1.631085,0.036906,0.865423,-1.487968,21.154510,6.770836,51.919037,1.174774,50.907219,,,,,,,1938,2305,2132,2597,2071,2663,,0,,,,0.05,,0.01,0.24,0.77,1.79
199,0,,0.000,0,0,-0.045175,0.671826,0.219124,1.644576,0.037336,0.864418,-0.046741,0.667837,0.213500,1.627971,0.036886,0.865279,-0.046741,0.667837,0.213500,1.627971,0.036886,0.865279,-0.046741,0.667837,0.213500,1.627971,0.036886,0.865279,-1.487816,21.257904,6.795906,51.819931,1.174118,50.898762,,,,,,,1938,2306,2132,2596,2071,2663,,0,,,,0.05,,0.01,0.24,0.71,1.73
200,0,,0.000,0,0,-0.045196,0.676469,0.220269,1.640251,0.037329,0.864432,-0.046768,0.670279,0.214091,1.625584,0.036867,0.865031,-0.046768,0.670279,0.214091,1.625584,0.036867,0.865031,-0.046768,0.670279,0.214091,1.625584,0.036867,0.865031,-1.488686,21.335640,6.814728,51.743942,1.173508,50.884163,,,,,,,1938,2307,2132,2595,2071,2663,,0,,,,0.05,,0.01,0.24,0.68,1.70
201,0,,0.000,0,0,-0.045215,0.680315,0.221201,1.636699,0.037321,0.864441,-0.046852,0.671971,0.214485,1.623845,0.036848,0.864696,-0.046852,0.671971,0.214485,1.623845,0.036848,0.864696,-0.046852,0.671971,0.214485,1.623845,0.036848,0.864696,-1.491333,21.389481,6.827286,51.688583,1.172913,50.864452,,,,,,,1938,2308,2132,2595,2071,2663,,0,,,,0.05,,0.01,0.23,1.30,2.53
202,0,,0.000,0,0,-0.045236,0.683780,0.222022,1.633515,0.037313,0.864446,-0.046965,0.672994,0.214731,1.622691,0.036831,0.864322,-0.046965,0.672994,0.214731,1.622691,0.036831,0.864322,-0.046965,0.672994,0.214731,1.622691,0.036831,0.864322,-1.494957,21.422050,6.835091,51.651855,1.172363,50.842476,,,,,,,1938,2308,2132,2594,2071,2662,,0,,,,0.05,,0.01,0.28,0.68,1.87
203,0,,0.000,0,0,-0.045258,0.686547,0.222662,1.630977,0.037305,0.864444,-0.047088,0.673491,0.214882,1.622031,0.036822,0.863957,-0.047088,0.673491,0.214882,1.622031,0.036822,0.863957,-0.047088,0.673491,0.214882,1.622031,0.036822,0.863957,-1.498871,21.437881,6.839897,51.630859,1.172066,50.821018,,,,,,,1938,2308,2132,2594,2071,2662,,0,,,,0.05,,0.01,0.25,0.67,1.73
204,0,,0.000,0,0,-0.045280,0.688529,0.223113,1.629156,0.037297,0.864437,-0.047159,0.673646,0.214983,1.621706,0.036834,0.863649,-0.047159,0.673646,0.214983,1.621706,0.036834,0.863649,-0.047159,0.673646,0.214983,1.621706,0.036834,0.863649,-1.501122,21.442833,6.843140,51.620514,1.172447,50.802887,,,,,,,1938,2309,2132,2594,2071,2662,,0,,,,0.05,,0.01,0.25,0.64,1.71
205,0,,0.000,0,0,-0.045305,0.690043,0.223459,1.627754,0.037289,0.864423,-0.046997,0.673624,0.215086,1.621536,0.036894,0.863476,-0.046997,0.673624,0.215086,1.621536,0.036894,0.863476,-0.046997,0.673624,0.215086,1.621536,0.036894,0.863476,-1.495972,21.442101,6.846405,51.615082,1.174370,50.792702,,,,,,,1938,2309,2132,2594,2071,2662,,0,,,,0.05,,0.01,0.24,0.65,1.79
206,0,,0.000,0,0,-0.045327,0.691050,0.223705,1.626802,0.037282,0.864406,-0.046466,0.673513,0.215270,1.621408,0.037034,0.863508,-0.046466,0.673513,0.215270,1.621408,0.037034,0.863508,-0.046466,0.673513,0.215270,1.621408,0.037034,0.863508,-1.479073,21.438576,6.852272,51.611023,1.178833,50.794594,,,,,,,1939,2308,2133,2594,2071,2662,,0,,,,0.06,,0.01,0.26,0.65,1.79
207,0,,0.000,0,0,-0.045343,0.691644,0.223891,1.626203,0.037277,0.864391,-0.045500,0.673379,0.215578,1.621198,0.037290,0.863741,-0.045500,0.673379,0.215578,1.621198,0.037290,0.863741,-0.045500,0.673379,0.215578,1.621198,0.037290,0.863741,-1.448303,21.434334,6.862045,51.604340,1.186989,50.808273,,,,,,,1939,2308,2133,2594,2071,2662,,0,,,,0.05,,0.01,0.25,0.65,1.76
208,0,,0.000,0,0,-0.045348,0.692004,0.224097,1.625756,0.037277,0.864378,-0.044056,0.673267,0.216016,1.620793,0.037693,0.864102,-0.044056,0.673267,0.216016,1.620793,0.037693,0.864102,-0.044056,0.673267,0.216016,1.620793,0.037693,0.864102,-1.402336,21.430756,6.875992,51.591446,1.199791,50.829552,,,,,,,1939,2308,2133,2593,2072,2662,,0,,,,0.05,,0.01,0.24,0.65,1.67
209,0,,0.000,0,0,-0.045336,0.692181,0.224353,1.625379,0.037282,0.864370,-0.042002,0.673166,0.216603,1.620173,0.038263,0.864507,-0.042002,0.673166,0.216603,1.620173,0.038263,0.864507,-0.042002,0.673166,0.216603,1.620173,0.038263,0.864507,-1.336983,21.427551,6.894669,51.571701,1.217964,50.853336,,,,,,,1940,2308,2133,2593,2072,2662,,0,,,,0.07,,0.01,0.27,0.87,2.07
210,0,,0.000,0,0,-0.045301,0.692249,0.224673,1.624993,0.037295,0.864370,-0.039334,0.673034,0.217352,1.619399,0.039005,0.864903,-0.039334,0.673034,0.217352,1.619399,0.039005,0.864903,-0.039335,0.673034,0.217352,1.619399,0.039005,0.864903,-1.252052,21.423325,6.918541,51.547073,1.241577,50.876663,,,,,,,1941,2308,2133,2593,2072,2663,,0,,,,0.05,,0.01,0.24,0.74,1.87
211,0,,0.000,0,0,-0.045038,0.692299,0.225132,1.624480,0.037322,0.864376,-0.036124,0.672871,0.218204,1.618482,0.039908,0.865260,-0.036124,0.672871,0.218204,1.618482,0.039908,0.865260,-0.036123,0.672871,0.218204,1.618483,0.039908,0.865260,-1.149841,21.418144,6.945656,51.517899,1.270309,50.897644,,,,,,,1942,2308,2134,2593,2073,2663,,0,,,,0.05,,0.01,0.33,0.71,1.94
212,0,,0.000,0,0,-0.044145,0.692346,0.225713,1.623842,0.037444,0.864388,-0.032465,0.672709,0.219070,1.617417,0.040944,0.865556,-0.032465,0.672709,0.219070,1.617417,0.040944,0.865556,-0.032465,0.672709,0.219070,1.617417,0.040944,0.865556,-1.033386,21.412994,6.973221,51.483963,1.303276,50.915070,,,,,,,1943,2308,2134,2592,2074,2663,,0,,,,0.05,,0.01,0.25,0.66,1.69
213,0,,0.000,0,0,-0.042574,0.692387,0.226358,1.623118,0.037773,0.864405,-0.028416,0.672560,0.219905,1.616246,0.042075,0.865791,-0.028416,0.672560,0.219905,1.616246,0.042075,0.865791,-0.028416,0.672560,0.219905,1.616246,0.042075,0.865791,-0.904526,21.408257,6.999794,51.446686,1.339294,50.928909,,,,,,,1944,2308,2134,2592,2074,2664,,0,,,,0.06,,0.01,0.25,0.72,1.77
214,0,,0.000,0,0,-0.040148,0.692429,0.227118,1.622205,0.038393,0.864426,-0.024144,0.672438,0.220697,1.615017,0.043257,0.865970,-0.024144,0.672438,0.220697,1.615017,0.043257,0.865970,-0.024144,0.672438,0.220697,1.615017,0.043257,0.865970,-0.768532,21.404358,7.024994,51.407593,1.376930,50.939392,,,,,,,1945,2308,2134,2591,2075,2664,,0,,,,0.05,,0.01,0.29,0.65,1.73
215,0,,0.000,0,0,-0.037113,0.692467,0.227907,1.621177,0.039227,0.864450,-0.019873,0.672370,0.221420,1.613740,0.044442,0.866081,-0.019873,0.672370,0.221420,1.613740,0.044442,0.866081,-0.019873,0.672370,0.221420,1.613740,0.044442,0.866081,-0.632591,21.402191,7.048012,51.366943,1.414642,50.945915,,,,,,,1946,2308,2135,2591,2076,2664,,0,,,,0.05,,0.01,0.28,0.71,1.76
216,0,,0.000,0,0,-0.033843,0.692502,0.228647,1.620124,0.040149,0.864475,-0.015771,0.672356,0.222061,1.612480,0.045579,0.866099,-0.015771,0.672356,0.222061,1.612480,0.045579,0.866099,-0.015771,0.672356,0.222061,1.612480,0.045579,0.866099,-0.501999,21.401764,7.068420,51.326828,1.450821,50.946968,,,,,,,1947,2308,2135,2590,2077,2664,,0,,,,0.05,,0.01,0.24,0.77,1.80
217,0,,0.000,0,0,-0.030059,0.692539,0.229409,1.618928,0.041223,0.864501,-0.011981,0.672379,0.222624,1.611331,0.046618,0.865999,-0.011981,0.672379,0.222624,1.611331,0.046618,0.865999,-0.011981,0.672379,0.222624,1.611332,0.046618,0.865999,-0.381378,21.402489,7.086349,51.290268,1.483902,50.941097,,,,,,,1949,2308,2135,2590,2077,2664,,0,,,,0.05,,0.01,0.32,0.72,1.82
218,0,,0.000,0,0,-0.026179,0.692575,0.230120,1.617718,0.042317,0.864526,-0.008702,0.672409,0.223130,1.610386,0.047519,0.865808,-0.008702,0.672409,0.223130,1.610386,0.047519,0.865808,-0.008702,0.672409,0.223130,1.610387,0.047519,0.865808,-0.276993,21.403435,7.102432,51.260193,1.512573,50.929897,,,,,,,1949,2308,2135,2590,2078,2664,,0,,,,0.05,,0.01,0.28,0.72,1.85
219,0,,0.000,0,0,-0.022596,0.692608,0.230732,1.616626,0.043315,0.864546,-0.006063,0.672394,0.223615,1.609761,0.048252,0.865620,-0.006063,0.672394,0.223615,1.609761,0.048252,0.865620,-0.006063,0.672394,0.223615,1.609761,0.048252,0.865620,-0.192986,21.402954,7.117882,51.240265,1.535919,50.918831,,,,,,,1950,2308,2136,2589,2078,2663,,0,,,,0.07,,0.01,0.27,0.73,1.98
220,0,,0.000,0,0,-0.019002,0.692644,0.231334,1.615582,0.044303,0.864564,-0.004076,0.672319,0.224056,1.609477,0.048810,0.865555,-0.004076,0.672319,0.224056,1.609477,0.048810,0.865555,-0.004076,0.672319,0.224056,1.609477,0.048810,0.865555,-0.129761,21.400574,7.131920,51.231247,1.553680,50.914974,,,,,,,1951,2308,2136,2589,2079,2663,,0,,,,0.05,,0.01,0.32,0.71,1.90
221,0,,0.000,0,0,-0.015800,0.692678,0.231885,1.614747,0.045171,0.864580,-0.002719,0.672219,0.224390,1.609427,0.049199,0.865678,-0.002719,0.672219,0.224390,1.609427,0.049199,0.865678,-0.002719,0.672219,0.224390,1.609427,0.049199,0.865678,-0.086540,21.397400,7.142570,51.229645,1.566055,50.922211,,,,,,,1951,2308,2136,2589,2079,2663,,0,,,,0.05,,0.01,0.30,0.66,1.73
222,0,,0.000,0,0,-0.013232,0.692708,0.232349,1.614185,0.045856,0.864596,-0.001965,0.672143,0.224565,1.609468,0.049441,0.865958,-0.001965,0.672143,0.224565,1.609468,0.049441,0.865958,-0.001965,0.672143,0.224565,1.609468,0.049441,0.865958,-0.062546,21.394989,7.148125,51.230942,1.573738,50.938713,,,,,,,1951,2308,2136,2589,2079,2664,,0,,,,0.06,,0.01,0.28,0.71,1.90
223,0,,0.000,0,0,-0.011021,0.692739,0.232763,1.613806,0.046436,0.864617,-0.001673,0.672082,0.224601,1.609576,0.049568,0.866269,-0.001673,0.672082,0.224601,1.609576,0.049568,0.866269,-0.001673,0.672082,0.224601,1.609576,0.049568,0.866269,-0.053261,21.393028,7.149269,51.234406,1.577797,50.956993,,,,,,,1952,2308,2136,2589,2079,2664,,0,,,,0.05,,0.01,0.25,0.67,1.76
224,0,,0.000,0,0,-0.009365,0.692768,0.233070,1.613606,0.046867,0.864643,-0.001643,0.672009,0.224544,1.609775,0.049618,0.866357,-0.001643,0.672009,0.224544,1.609775,0.049618,0.866357,-0.001643,0.672009,0.224544,1.609775,0.049618,0.866357,-0.052307,21.390724,7.147446,51.240723,1.579376,50.962173,,,,,,,1952,2308,2136,2589,2079,2664,,0,,,,0.05,,0.01,0.24,0.72,1.76
225,0,,0.000,0,0,-0.008265,0.692795,0.233254,1.613530,0.047151,0.864669,-0.001728,0.671944,0.224398,1.610012,0.049622,0.865834,-0.001728,0.671944,0.224398,1.610012,0.049622,0.865834,-0.001728,0.671944,0.224398,1.610012,0.049622,0.865834,-0.054993,21.388641,7.142815,51.248260,1.579514,50.931404,,,,,,,1951,2308,2136,2590,2079,2664,,0,,,,0.05,,0.01,0.24,0.69,1.72
226,0,,0.000,0,0,-0.007497,0.692822,0.233346,1.613474,0.047347,0.864689,-0.001861,0.671901,0.224180,1.610235,0.049606,0.864212,-0.001861,0.671901,0.224180,1.610235,0.049606,0.864212,-0.001861,0.671901,0.224180,1.610235,0.049606,0.864212,-0.059242,21.387268,7.135857,51.255371,1.579010,50.836014,,,,,,,1951,2308,2136,2590,2079,2662,,0,,,,0.05,,0.01,0.24,0.68,1.72
227,0,,0.000,0,0,-0.007038,0.692847,0.233404,1.613423,0.047462,0.864686,-0.002036,0.671884,0.223938,1.610428,0.049588,0.860993,-0.002036,0.671884,0.223938,1.610428,0.049588,0.860993,-0.002036,0.671884,0.223938,1.610428,0.049588,0.860993,-0.064812,21.386734,7.128181,51.261520,1.578430,50.646637,,,,,,,1951,2308,2136,2590,2079,2659,,0,,,,0.05,,0.01,0.24,0.69,1.82
228,0,,0.000,0,0,-0.006808,0.692871,0.233453,1.613379,0.047520,0.864337,-0.002215,0.671880,0.223744,1.610604,0.049574,0.855737,-0.002215,0.671880,0.223744,1.610604,0.049574,0.855737,-0.002215,0.671880,0.223744,1.610604,0.049574,0.855737,-0.070503,21.386612,7.122002,51.267105,1.577995,50.337463,,,,,,,1951,2308,2136,2590,2079,2655,,0,,,,0.05,,0.01,0.27,0.73,1.84
229,0,,0.000,0,0,-0.006709,0.692895,0.233501,1.613335,0.047557,0.862794,-0.002341,0.671882,0.223620,1.610740,0.049571,0.848066,-0.002341,0.671882,0.223620,1.610740,0.049571,0.848066,-0.002341,0.671882,0.223620,1.610740,0.049571,0.848066,-0.074501,21.386681,7.118057,51.271439,1.577881,49.886208,,,,,,,1951,2308,2136,2590,2079,2648,,0,,,,0.06,,0.01,0.26,0.66,1.80
230,0,,0.000,0,0,-0.006650,0.692919,0.233546,1.613295,0.047591,0.859480,-0.002377,0.671883,0.223533,1.610799,0.049574,0.837638,-0.002377,0.671883,0.223533,1.610799,0.049574,0.837638,-0.002377,0.671883,0.223533,1.610799,0.049574,0.837638,-0.075668,21.386696,7.115280,51.273315,1.577995,49.272827,,,,,,,1951,2308,2135,2590,2079,2639,,0,,,,0.05,,0.01,0.35,0.70,1.97
231,0,,0.000,0,0,-0.006597,0.692941,0.233586,1.613260,0.047623,0.854375,-0.002301,0.671866,0.223449,1.610779,0.049580,0.824176,-0.002301,0.671866,0.223449,1.610779,0.049580,0.824176,-0.002301,0.671866,0.223449,1.610779,0.049580,0.824176,-0.073227,21.386147,7.112610,51.272675,1.578178,48.480934,,,,,,,1951,2308,2135,2590,2079,2628,,0,,,,0.05,,0.01,0.31,0.69,1.83
232,0,,0.000,0,0,-0.006541,0.692965,0.233626,1.613222,0.047656,0.846401,-0.002146,0.671809,0.223374,1.610734,0.049582,0.807482,-0.002146,0.671809,0.223374,1.610734,0.049582,0.807482,-0.002146,0.671809,0.223374,1.610733,0.049582,0.807482,-0.068306,21.384338,7.110229,51.271240,1.578232,47.498951,,,,,,,1951,2308,2135,2590,2079,2613,,0,,,,0.05,,0.01,0.24,0.65,1.71
233,0,,0.000,0,0,-0.006484,0.692987,0.233665,1.613184,0.047689,0.835693,-0.001997,0.671703,0.223320,1.610724,0.049578,0.787463,-0.001997,0.671703,0.223320,1.610724,0.049578,0.787463,-0.001997,0.671703,0.223320,1.610724,0.049578,0.787463,-0.063576,21.380974,7.108482,51.270935,1.578117,46.321346,,,,,,,1951,2308,2135,2590,2079,2596,,0,,,,0.05,,0.01,0.24,0.67,1.70
234,0,,0.000,0,0,-0.006429,0.693006,0.233700,1.613150,0.047720,0.822892,-0.001898,0.671574,0.223256,1.610738,0.049569,0.764145,-0.001898,0.671574,0.223256,1.610738,0.049569,0.764145,-0.001898,0.671574,0.223256,1.610738,0.049569,0.764145,-0.060402,21.376862,7.106461,51.271362,1.577827,44.949703,,,,,,,1951,2308,2135,2590,2079,2576,,0,,,,0.05,,0.01,0.25,0.64,1.73
235,0,,0.000,0,0,-0.006370,0.693025,0.233736,1.613113,0.047751,0.806006,-0.001808,0.671438,0.223168,1.610773,0.049558,0.737684,-0.001808,0.671438,0.223168,1.610773,0.049558,0.737684,-0.001808,0.671438,0.223168,1.610773,0.049558,0.737684,-0.057549,21.372543,7.103661,51.272507,1.577499,43.393196,,,,,,,1951,2308,2135,2590,2079,2553,,0,,,,0.05,,0.01,0.27,0.65,1.73
236,0,,0.000,0,0,-0.006310,0.693041,0.233769,1.613078,0.047782,0.785970,-0.001687,0.671295,0.223069,1.610852,0.049548,0.708348,-0.001687,0.671295,0.223069,1.610852,0.049548,0.708348,-0.001687,0.671295,0.223069,1.610852,0.049548,0.708348,-0.053696,21.367981,7.100510,51.275009,1.577164,41.667511,,,,,,,1952,2308,2135,2590,2079,2528,,0,,,,0.05,,0.01,0.27,0.67,1.72
237,0,,0.000,0,0,-0.006253,0.693055,0.233799,1.613046,0.047810,0.764245,-0.001570,0.671149,0.222965,1.610954,0.049538,0.676487,-0.001570,0.671149,0.222965,1.610954,0.049538,0.676487,-0.001570,0.671149,0.222965,1.610954,0.049538,0.676487,-0.049988,21.363319,7.097206,51.278259,1.576843,39.793339,,,,,,,1952,2308,2135,2590,2079,2501,,0,,,,0.10,,0.01,0.31,0.73,2.25
238,0,,0.000,0,0,-0.006189,0.693067,0.233829,1.613014,0.047840,0.737914,-0.001518,0.671020,0.222838,1.611014,0.049528,0.642504,-0.001518,0.671020,0.222838,1.611014,0.049528,0.642504,-0.001518,0.671020,0.222838,1.611014,0.049528,0.642504,-0.048325,21.359238,7.093155,51.280182,1.576530,37.794334,,,,,,,1952,2308,2135,2590,2079,2471,,0,,,,0.06,,0.01,0.28,0.67,1.77
239,0,,0.000,0,0,-0.006125,0.693077,0.233856,1.612984,0.047868,0.708890,-0.001514,0.670880,0.222722,1.611065,0.049521,0.606827,-0.001514,0.670880,0.222722,1.611065,0.049521,0.606827,-0.001514,0.670880,0.222722,1.611065,0.049521,0.606827,-0.048195,21.354759,7.089470,51.281769,1.576317,35.695683,,,,,,,1952,2308,2135,2590,2079,2441,,0,,,,0.05,,0.01,0.27,0.64,1.69
240,0,,0.000,0,0,-0.006067,0.693085,0.233879,1.612958,0.047895,0.679361,-0.001510,0.670697,0.222649,1.611155,0.049519,0.569885,-0.001510,0.670697,0.222649,1.611155,0.049519,0.569885,-0.001511,0.670697,0.222649,1.611155,0.049519,0.569885,-0.048080,21.348953,7.087135,51.284653,1.576233,33.522675,,,,,,,1952,2307,2135,2590,2079,2409,,0,,,,0.05,,0.01,0.26,0.65,1.69
241,0,,0.000,0,0,-0.006008,0.693090,0.233902,1.612932,0.047923,0.645583,-0.001493,0.670475,0.222626,1.611275,0.049519,0.532119,-0.001493,0.670475,0.222626,1.611275,0.049519,0.532119,-0.001493,0.670475,0.222626,1.611275,0.049519,0.532119,-0.047539,21.341881,7.086411,51.288483,1.576248,31.301121,,,,,,,1952,2307,2135,2590,2079,2376,,0,,,,0.05,,0.01,0.24,0.70,1.72
242,0,,0.000,0,0,-0.005949,0.693093,0.233925,1.612908,0.047950,0.610213,-0.001496,0.670237,0.222643,1.611367,0.049521,0.493999,-0.001496,0.670237,0.222643,1.611367,0.049521,0.493999,-0.001496,0.670237,0.222643,1.611367,0.049521,0.493999,-0.047630,21.334290,7.086929,51.291412,1.576302,29.058779,,,,,,,1952,2307,2135,2590,2079,2344,,0,,,,0.05,,0.01,0.25,0.69,1.71
243,0,,0.000,0,0,-0.005894,0.693092,0.233945,1.612887,0.047975,0.575820,-0.001541,0.669977,0.222718,1.611435,0.049524,0.456034,-0.001541,0.669977,0.222718,1.611435,0.049524,0.456034,-0.001541,0.669977,0.222718,1.611435,0.049524,0.456034,-0.049057,21.326027,7.089325,51.293564,1.576401,26.825518,,,,,,,1952,2307,2135,2590,2079,2311,,0,,,,0.05,,0.01,0.24,0.67,1.70
244,0,,0.000,0,0,-0.005836,0.693088,0.233968,1.612867,0.048001,0.538115,-0.001620,0.669708,0.222842,1.611462,0.049528,0.418757,-0.001620,0.669708,0.222842,1.611462,0.049528,0.418757,-0.001620,0.669708,0.222842,1.611462,0.049528,0.418757,-0.051559,21.317482,7.093277,51.294418,1.576523,24.632793,,,,,,,1952,2307,2135,2590,2079,2279,,0,,,,0.07,,0.01,0.25,0.69,1.75
245,0,,0.000,0,0,-0.005781,0.693080,0.233992,1.612847,0.048028,0.500201,-0.001657,0.669441,0.222987,1.611454,0.049530,0.382689,-0.001657,0.669441,0.222987,1.611454,0.049530,0.382689,-0.001657,0.669441,0.222987,1.611454,0.049530,0.382689,-0.052734,21.308983,7.097916,51.294159,1.576591,22.511101,,,,,,,1952,2307,2135,2590,2079,2248,,0,,,,0.05,,0.01,0.26,0.72,1.89
246,0,,0.000,0,0,-0.005730,0.693069,0.234017,1.612829,0.048052,0.464750,-0.001656,0.669185,0.223148,1.611435,0.049529,0.348305,-0.001656,0.669185,0.223148,1.611435,0.049529,0.348305,-0.001656,0.669185,0.223148,1.611435,0.049529,0.348305,-0.052711,21.300819,7.103012,51.293564,1.576569,20.488516,,,,,,,1952,2307,2135,2590,2079,2218,,0,,,,0.05,,0.01,0.26,0.70,1.91
247,0,,0.000,0,0,-0.005677,0.693054,0.234045,1.612810,0.048077,0.427420,-0.001671,0.668972,0.223324,1.611395,0.049526,0.316038,-0.001671,0.668972,0.223324,1.611395,0.049526,0.316038,-0.001671,0.668972,0.223324,1.611395,0.049526,0.316038,-0.053200,21.294037,7.108620,51.292297,1.576469,18.590483,,,,,,,1952,2307,2135,2590,2079,2190,,0,,,,0.05,,0.01,0.27,0.66,1.75
248,0,,0.000,0,0,-0.005625,0.693037,0.234076,1.612791,0.048102,0.391391,-0.001740,0.668854,0.223505,1.611291,0.049523,0.286247,-0.001740,0.668854,0.223505,1.611291,0.049523,0.286247,-0.001740,0.668854,0.223505,1.611291,0.049523,0.286247,-0.055374,21.290276,7.114388,51.288986,1.576378,16.838060,,,,,,,1951,2307,2135,2590,2079,2165,,0,,,,0.05,,0.01,0.24,0.64,1.71
249,0,,0.000,0,0,-0.005577,0.693018,0.234106,1.612771,0.048124,0.359060,-0.001830,0.668866,0.223687,1.611095,0.049521,0.259196,-0.001830,0.668866,0.223687,1.611095,0.049521,0.259196,-0.001830,0.668866,0.223687,1.611095,0.049521,0.259196,-0.058250,21.290672,7.120171,51.282745,1.576294,15.246837,,,,,,,1951,2307,2136,2590,2079,2142,,0,,,,0.05,,0.01,0.25,0.67,1.74
250,0,,0.000,0,0,-0.005527,0.692999,0.234141,1.612748,0.048148,0.326454,-0.001920,0.669013,0.223877,1.610822,0.049522,0.235090,-0.001920,0.669013,0.223877,1.610822,0.049522,0.235090,-0.001920,0.669013,0.223877,1.610822,0.049522,0.235090,-0.061127,21.295334,7.126221,51.274048,1.576324,13.828826,,,,,,,1951,2307,2136,2590,2079,2121,,0,,,,0.05,,0.01,0.24,0.65,1.72
251,0,,0.000,0,0,-0.005480,0.692981,0.234179,1.612721,0.048172,0.296357,-0.001993,0.669287,0.224068,1.610483,0.049529,0.214109,-0.001993,0.669287,0.224068,1.610483,0.049529,0.214109,-0.001993,0.669287,0.224068,1.610483,0.049529,0.214109,-0.063438,21.304085,7.132301,51.263275,1.576553,12.594652,,,,,,,1951,2307,2136,2590,2079,2103,,0,,,,0.05,,0.01,0.24,0.65,1.69
252,0,,0.000,0,0,-0.005437,0.692968,0.234217,1.612691,0.048193,0.270563,-0.002058,0.669667,0.224246,1.610106,0.049542,0.196419,-0.002058,0.669667,0.224246,1.610106,0.049542,0.196419,-0.002059,0.669667,0.224246,1.610106,0.049542,0.196419,-0.065521,21.316170,7.137970,51.251266,1.576981,11.554066,,,,,,,1951,2307,2136,2590,2079,2088,,0,,,,0.05,,0.01,0.24,0.75,1.79
253,0,,0.000,0,0,-0.005394,0.692959,0.234259,1.612653,0.048216,0.245855,-0.002121,0.670112,0.224402,1.609724,0.049561,0.182122,-0.002121,0.670112,0.224402,1.609724,0.049561,0.182122,-0.002121,0.670112,0.224402,1.609724,0.049561,0.182122,-0.067513,21.330322,7.142929,51.239105,1.577583,10.713074,,,,,,,1951,2307,2136,2589,2079,2075,,0,,,,0.06,,0.01,0.26,0.64,1.74
254,0,,0.000,0,0,-0.005351,0.692956,0.234303,1.612610,0.048239,0.224368,-0.002166,0.670569,0.224528,1.609377,0.049582,0.171211,-0.002166,0.670569,0.224528,1.609377,0.049582,0.171211,-0.002166,0.670569,0.224528,1.609377,0.049582,0.171211,-0.068939,21.344879,7.146957,51.228043,1.578232,10.071206,,,,,,,1951,2307,2136,2589,2079,2066,,0,,,,0.05,,0.03,0.25,0.65,1.81
255,0,,0.000,0,0,-0.005312,0.692959,0.234347,1.612564,0.048261,0.207202,-0.002178,0.670985,0.224628,1.609105,0.049603,0.163520,-0.002178,0.670985,0.224628,1.609105,0.049603,0.163520,-0.002178,0.670985,0.224628,1.609105,0.049603,0.163520,-0.069344,21.358131,7.150139,51.219421,1.578926,9.618818,,,,,,,1951,2308,2136,2589,2079,2059,,0,,,,0.05,,0.01,0.29,0.70,2.81
256,0,,0.000,0,0,-0.004389,0.692495,0.234344,1.612524,0.048284,0.203873,-0.002193,0.671334,0.224712,1.608928,0.049624,0.158710,-0.002193,0.671334,0.224712,1.608928,0.049624,0.158710,-0.002192,0.671334,0.224712,1.608928,0.049624,0.158710,-0.069794,21.369232,7.152809,51.213760,1.579597,9.335905,,,,,,,1951,2308,2136,2589,2079,2055,,0,,,,0.05,,0.01,0.25,0.89,2.30
257,0,,0.000,0,0,-0.004425,0.692483,0.234370,1.612414,0.048307,0.205632,-0.002242,0.671604,0.224801,1.608847,0.049642,0.156267,-0.002242,0.671604,0.224801,1.608847,0.049642,0.156267,-0.002242,0.671604,0.224801,1.608847,0.049642,0.156267,-0.071358,21.377815,7.155624,51.211197,1.580170,9.192199,,,,,,,1951,2308,2136,2589,2079,2053,,0,,,,0.05,,0.01,0.24,0.71,1.77
258,0,,0.000,0,0,-0.004438,0.692502,0.234407,1.612311,0.048328,0.206032,-0.002313,0.671795,0.224900,1.608845,0.049659,0.155505,-0.002313,0.671795,0.224900,1.608845,0.049659,0.155505,-0.002313,0.671795,0.224900,1.608845,0.049659,0.155505,-0.073624,21.383896,7.158791,51.211136,1.580681,9.147358,,,,,,,1951,2308,2136,2589,2079,2052,,0,,,,0.05,,0.01,0.24,0.65,1.77
259,0,,0.000,0,0,-0.004431,0.692527,0.234451,1.612250,0.048351,0.206108,-0.002379,0.671891,0.225013,1.608928,0.049674,0.155616,-0.002379,0.671891,0.225013,1.608928,0.049674,0.155616,-0.002379,0.671891,0.225013,1.608928,0.049674,0.155616,-0.075722,21.386948,7.162369,51.213776,1.581154,9.153864,,,,,,,1951,2308,2136,2589,2079,2052,,0,,,,0.05,,0.01,0.36,0.71,1.96
260,0,,0.000,0,0,-0.004419,0.692551,0.234496,1.612194,0.048374,0.206122,-0.002390,0.671861,0.225154,1.609128,0.049687,0.155744,-0.002390,0.671861,0.225154,1.609128,0.049687,0.155744,-0.002390,0.671861,0.225154,1.609128,0.049687,0.155744,-0.076080,21.385994,7.166878,51.220123,1.581596,9.161395,,,,,,,1951,2308,2136,2589,2079,2053,,0,,,,0.06,,0.01,0.32,0.63,1.86
261,0,,0.000,0,0,-0.004407,0.692570,0.234538,1.612145,0.048395,0.206124,-0.002398,0.671729,0.225306,1.609391,0.049696,0.155068,-0.002398,0.671729,0.225306,1.609391,0.049696,0.155068,-0.002398,0.671729,0.225306,1.609391,0.049696,0.155068,-0.076324,21.381783,7.171700,51.228516,1.581871,9.121662,,,,,,,1951,2308,2136,2589,2079,2052,,0,,,,0.05,,0.01,0.25,0.63,1.77
262,0,,0.000,0,0,-0.004394,0.692587,0.234583,1.612099,0.048418,0.206117,-0.002470,0.671543,0.225423,1.609644,0.049699,0.152875,-0.002470,0.671543,0.225423,1.609644,0.049699,0.152875,-0.002470,0.671543,0.225423,1.609644,0.049699,0.152875,-0.078613,21.375885,7.175423,51.236572,1.581970,8.992665,,,,,,,1951,2308,2136,2589,2079,2050,,0,,,,0.05,,0.01,0.25,0.63,1.79
263,0,,0.000,0,0,-0.004380,0.692600,0.234627,1.612057,0.048440,0.206099,-0.002636,0.671313,0.225502,1.609911,0.049698,0.148654,-0.002636,0.671313,0.225502,1.609911,0.049698,0.148654,-0.002636,0.671313,0.225502,1.609911,0.049698,0.148654,-0.083916,21.368561,7.177963,51.245071,1.581932,8.744350,,,,,,,1951,2308,2136,2589,2079,2046,,0,,,,0.06,,0.01,0.31,0.66,1.79
264,0,,0.000,0,0,-0.004366,0.692607,0.234669,1.612024,0.048460,0.206068,-0.002850,0.671027,0.225576,1.610271,0.049695,0.142148,-0.002850,0.671027,0.225576,1.610271,0.049695,0.142148,-0.002850,0.671027,0.225576,1.610271,0.049695,0.142148,-0.090706,21.359467,7.180321,51.256516,1.581848,8.361655,,,,,,,1951,2308,2136,2590,2079,2041,,0,,,,0.06,,0.01,0.24,0.62,1.69
265,0,,0.000,0,0,-0.004351,0.692610,0.234713,1.611995,0.048482,0.206022,-0.003067,0.670734,0.225610,1.610677,0.049693,0.133357,-0.003067,0.670734,0.225610,1.610677,0.049693,0.133357,-0.003067,0.670734,0.225610,1.610677,0.049693,0.133357,-0.097633,21.350136,7.181404,51.269455,1.581779,7.844514,,,,,,,1951,2307,2136,2590,2079,2033,,0,,,,0.05,,0.01,0.27,0.64,1.88
266,0,,0.000,0,0,-0.004342,0.692606,0.234755,1.611972,0.048503,0.205997,-0.003263,0.670515,0.225525,1.611005,0.049695,0.122491,-0.003263,0.670515,0.225525,1.611005,0.049695,0.122491,-0.003263,0.670515,0.225525,1.611005,0.049695,0.122491,-0.103874,21.343163,7.178688,51.279877,1.581833,7.205338,,,,,,,1951,2307,2136,2590,2079,2024,,0,,,,0.05,,0.01,0.27,0.62,1.68
267,0,,0.000,0,0,-0.004335,0.692600,0.234793,1.611955,0.048523,0.205982,-0.003418,0.670384,0.225327,1.611265,0.049703,0.109932,-0.003418,0.670384,0.225327,1.611265,0.049703,0.109932,-0.003418,0.670384,0.225327,1.611265,0.049703,0.109932,-0.108803,21.338997,7.172379,51.288177,1.582100,6.466600,,,,,,,1951,2307,2136,2590,2079,2013,,0,,,,0.05,,0.01,0.31,0.64,1.76
268,0,,0.000,0,0,-0.004329,0.692589,0.234829,1.611943,0.048543,0.205970,-0.003522,0.670323,0.225056,1.611520,0.049717,0.096215,-0.003522,0.670323,0.225056,1.611520,0.049717,0.096215,-0.003522,0.670323,0.225056,1.611520,0.049717,0.096215,-0.112114,21.337044,7.163750,51.296265,1.582550,5.659702,,,,,,,1951,2307,2136,2590,2079,2001,,0,,,,0.05,,0.01,0.24,0.65,1.74
269,0,,0.000,0,0,-0.004324,0.692578,0.234859,1.611936,0.048563,0.205959,-0.003568,0.670308,0.224743,1.611808,0.049737,0.082011,-0.003568,0.670308,0.224743,1.611808,0.049737,0.082011,-0.003568,0.670308,0.224743,1.611808,0.049737,0.082011,-0.113586,21.336571,7.153786,51.305435,1.583168,4.824159,,,,,,,1951,2307,2136,2590,2079,1989,,0,,,,0.05,,0.01,0.23,0.65,1.71
270,1,,0.000,0,0,-0.004319,0.692567,0.234883,1.611933,0.048583,0.205949,-0.003365,0.671966,0.224481,1.609273,0.049866,0.061544,-0.003365,0.671966,0.224481,1.609273,0.049866,0.061544,-0.003365,0.671966,0.224481,1.609273,0.049866,0.061544,-0.107101,21.389343,7.145454,51.224747,1.587273,3.620222,,,,,,,1951,2308,2136,2589,2079,1971,,0,270,9.020000,0.0,0.05,60.30,1.21,0.41,0.75,63.69
271,0,,0.000,0,0,-0.004309,0.692572,0.234905,1.611899,0.048604,0.205939,-0.003430,0.671892,0.224200,1.609408,0.049877,0.050024,-0.003430,0.671892,0.224200,1.609408,0.049877,0.050024,-0.003430,0.671892,0.224200,1.609408,0.049877,0.050024,-0.109177,21.386993,7.136497,51.229050,1.587639,2.942575,,,,,,,1951,2308,2136,2589,2080,1962,,0,,,,0.05,,0.01,0.24,0.63,1.77
272,0,,0.000,0,0,-0.004299,0.692581,0.234921,1.611859,0.048626,0.205929,-0.003539,0.671669,0.223929,1.609588,0.049891,0.039510,-0.003539,0.671669,0.223929,1.609588,0.049891,0.039510,-0.003539,0.671669,0.223929,1.609588,0.049891,0.039510,-0.112633,21.379890,7.127892,51.234787,1.588097,2.324107,,,,,,,1951,2308,2136,2589,2080,1953,,0,,,,0.05,,0.01,0.24,0.64,1.76
273,0,,0.000,0,0,-0.004289,0.692587,0.234933,1.611826,0.048647,0.205920,-0.003700,0.671360,0.223706,1.609807,0.049916,0.030333,-0.003700,0.671360,0.223706,1.609807,0.049916,0.030333,-0.003700,0.671360,0.223706,1.609807,0.049916,0.030333,-0.117767,21.370041,7.120789,51.241760,1.588867,1.784271,,,,,,,1951,2308,2136,2589,2080,1945,,0,,,,0.07,,0.01,0.25,0.62,1.84
274,0,,0.000,0,0,-0.004279,0.692590,0.234942,1.611794,0.048668,0.205910,-0.003882,0.671012,0.223566,1.610099,0.049938,0.022706,-0.003882,0.671012,0.223566,1.610099,0.049938,0.022706,-0.003882,0.671012,0.223566,1.610099,0.049938,0.022706,-0.123566,21.358963,7.116318,51.251038,1.589569,1.335636,,,,,,,1951,2308,2135,2590,2080,1938,,0,,,,0.05,,0.01,0.31,0.63,1.78
275,0,,0.000,0,0,-0.004272,0.692588,0.234949,1.611769,0.048690,0.205900,-0.004037,0.670665,0.223514,1.610429,0.049951,0.016640,-0.004037,0.670665,0.223514,1.610429,0.049951,0.016640,-0.004036,0.670665,0.223514,1.610429,0.049951,0.016640,-0.128487,21.347931,7.114670,51.261536,1.589981,0.978833,,,,,,,1951,2307,2135,2590,2080,1933,,0,,,,0.05,,0.01,0.24,0.62,1.66
276,0,,0.000,0,0,-0.004266,0.692582,0.234956,1.611751,0.048711,0.205891,-0.004143,0.670360,0.223549,1.610755,0.049951,0.012036,-0.004143,0.670360,0.223549,1.610755,0.049951,0.012036,-0.004144,0.670360,0.223549,1.610755,0.049951,0.012036,-0.131897,21.338211,7.115784,51.271912,1.590004,0.708016,,,,,,,1951,2307,2135,2590,2080,1929,,0,,,,0.05,,0.01,0.26,0.62,1.70
277,0,,0.000,0,0,-0.004261,0.692572,0.234963,1.611737,0.048732,0.205881,-0.004203,0.670136,0.223636,1.611025,0.049950,0.008718,-0.004203,0.670136,0.223636,1.611025,0.049950,0.008718,-0.004203,0.670136,0.223636,1.611025,0.049950,0.008718,-0.133774,21.331085,7.118568,51.280518,1.589966,0.512851,,,,,,,1951,2307,2136,2590,2080,1926,,0,,,,0.05,,0.01,0.24,0.68,1.73
278,0,,0.000,0,0,-0.004259,0.692559,0.234971,1.611729,0.048753,0.205871,-0.004219,0.670034,0.223729,1.611164,0.049950,0.006485,-0.004219,0.670034,0.223729,1.611164,0.049950,0.006485,-0.004219,0.670034,0.223729,1.611164,0.049950,0.006485,-0.134285,21.327850,7.121506,51.284958,1.589966,0.381485,,,,,,,1951,2307,2136,2590,2080,1924,,0,,,,0.05,,0.01,0.23,0.64,1.67
279,0,,0.000,0,0,-0.004257,0.692545,0.234981,1.611724,0.048773,0.205862,-0.004191,0.670066,0.223802,1.611142,0.049954,0.005133,-0.004191,0.670066,0.223802,1.611142,0.049954,0.005133,-0.004191,0.670066,0.223802,1.611142,0.049954,0.005133,-0.133400,21.328857,7.123840,51.284256,1.590088,0.301925,,,,,,,1951,2307,2136,2590,2080,1923,,0,,,,0.05,,0.01,0.24,0.64,1.71
280,0,,0.000,0,0,-0.004254,0.692532,0.234992,1.611719,0.048793,0.205852,-0.004141,0.670193,0.223852,1.610990,0.049963,0.004457,-0.004141,0.670193,0.223852,1.610990,0.049963,0.004457,-0.004141,0.670193,0.223852,1.610990,0.049963,0.004456,-0.131821,21.332909,7.125427,51.279404,1.590370,0.262147,,,,,,,1951,2307,2136,2590,2080,1922,,0,,,,0.05,,0.01,0.25,0.65,1.95
281,0,,0.000,0,0,-0.004252,0.692520,0.235004,1.611712,0.048813,0.205842,-0.004137,0.670367,0.223877,1.610756,0.049974,0.004297,-0.004137,0.670367,0.223877,1.610756,0.049974,0.004297,-0.004137,0.670367,0.223877,1.610756,0.049974,0.004296,-0.131699,21.338440,7.126236,51.271942,1.590729,0.252735,,,,,,,1951,2307,2136,2590,2080,1922,,0,,,,0.05,,0.01,0.26,0.66,1.89
282,0,,0.000,0,0,-0.004250,0.692512,0.235016,1.611702,0.048832,0.205833,-0.004226,0.670535,0.223874,1.610470,0.049985,0.004485,-0.004226,0.670535,0.223874,1.610470,0.049985,0.004485,-0.004226,0.670535,0.223874,1.610470,0.049985,0.004485,-0.134514,21.343781,7.126144,51.262848,1.591064,0.263804,,,,,,,1951,2307,2136,2590,2080,1922,,0,,,,0.05,,0.01,0.24,0.62,1.75
283,0,,0.000,0,0,-0.004247,0.692505,0.235028,1.611688,0.048852,0.205823,-0.004359,0.670624,0.223883,1.610225,0.049997,0.004849,-0.004359,0.670624,0.223883,1.610225,0.049997,0.004849,-0.004359,0.670624,0.223883,1.610225,0.049997,0.004849,-0.138741,21.346642,7.126427,51.255066,1.591454,0.285208,,,,,,,1951,2307,2136,2590,2080,1923,,0,,,,0.05,,0.01,0.24,0.63,1.73
284,0,,0.000,0,0,-0.004245,0.692499,0.235041,1.611669,0.048872,0.205813,-0.004454,0.670584,0.223937,1.610098,0.050012,0.005242,-0.004454,0.670584,0.223937,1.610098,0.050012,0.005242,-0.004454,0.670584,0.223937,1.610098,0.050012,0.005242,-0.141762,21.345345,7.128128,51.251022,1.591942,0.308371,,,,,,,1951,2307,2136,2590,2080,1923,,0,,,,0.05,,0.01,0.25,0.63,1.72
285,0,,0.000,0,0,-0.004244,0.692495,0.235054,1.611649,0.048891,0.205803,-0.004461,0.670419,0.224030,1.610097,0.050030,0.005541,-0.004461,0.670419,0.224030,1.610097,0.050030,0.005541,-0.004461,0.670419,0.224030,1.610097,0.050030,0.005541,-0.141991,21.340096,7.131088,51.250977,1.592514,0.325966,,,,,,,1951,2307,2136,2590,2080,1923,,0,,,,0.05,,0.01,0.24,0.63,1.75
286,0,,0.000,0,0,-0.004243,0.692488,0.235069,1.611629,0.048910,0.205794,-0.004405,0.670183,0.224126,1.610159,0.050048,0.005649,-0.004405,0.670183,0.224126,1.610159,0.050048,0.005649,-0.004405,0.670183,0.224126,1.610158,0.050048,0.005649,-0.140228,21.332588,7.134140,51.252930,1.593079,0.332281,,,,,,,1951,2307,2136,2590,2080,1923,,0,,,,0.05,,0.01,0.24,0.68,1.76
287,0,,0.000,0,0,-0.004242,0.692478,0.235085,1.611610,0.048930,0.205784,-0.004353,0.669932,0.224202,1.610222,0.050061,0.005541,-0.004353,0.669932,0.224202,1.610222,0.050061,0.005541,-0.004353,0.669932,0.224202,1.610222,0.050061,0.005541,-0.138565,21.324585,7.136574,51.254944,1.593506,0.325931,,,,,,,1951,2307,2136,2590,2080,1923,,0,,,,0.05,,0.01,0.24,0.62,1.66
288,0,,0.000,0,0,-0.004241,0.692466,0.235101,1.611593,0.048949,0.205774,-0.004330,0.669698,0.224272,1.610276,0.050069,0.005281,-0.004330,0.669698,0.224272,1.610276,0.050069,0.005281,-0.004330,0.669698,0.224272,1.610276,0.050069,0.005281,-0.137840,21.317162,7.138809,51.256683,1.593735,0.310662,,,,,,,1951,2307,2136,2590,2080,1923,,0,,,,0.07,,0.01,0.25,0.63,1.85
289,0,,0.000,0,0,-0.004239,0.692450,0.235120,1.611576,0.048968,0.205765,-0.004322,0.669511,0.224344,1.610308,0.050070,0.004973,-0.004322,0.669511,0.224344,1.610308,0.050070,0.004973,-0.004321,0.669511,0.224344,1.610308,0.050070,0.004973,-0.137558,21.311188,7.141090,51.257690,1.593781,0.292545,,,,,,,1951,2307,2136,2590,2080,1923,,0,,,,0.05,,0.01,0.34,0.67,1.89
290,0,,0.000,0,0,-0.004238,0.692432,0.235139,1.611560,0.048987,0.205755,-0.004338,0.669416,0.224393,1.610265,0.050067,0.004705,-0.004338,0.669416,0.224393,1.610265,0.050067,0.004705,-0.004338,0.669416,0.224393,1.610265,0.050067,0.004705,-0.138077,21.308174,7.142654,51.256348,1.593674,0.276751,,,,,,,1951,2307,2136,2590,2080,1923,,0,,,,0.08,,0.01,0.28,0.67,1.82
291,0,,0.000,0,0,-0.004236,0.692414,0.235158,1.611544,0.049005,0.205745,-0.004371,0.669449,0.224405,1.610104,0.050059,0.004536,-0.004371,0.669449,0.224405,1.610104,0.050059,0.004536,-0.004371,0.669449,0.224405,1.610103,0.050059,0.004536,-0.139122,21.309219,7.143021,51.251190,1.593437,0.266796,,,,,,,1951,2307,2136,2590,2080,1922,,0,,,,0.05,,0.01,0.26,0.62,1.88
292,0,,0.000,0,0,-0.004235,0.692396,0.235179,1.611527,0.049023,0.205737,-0.004374,0.669594,0.224418,1.609855,0.050048,0.004478,-0.004374,0.669594,0.224418,1.609855,0.050048,0.004478,-0.004374,0.669594,0.224418,1.609855,0.050048,0.004478,-0.139214,21.313843,7.143448,51.243286,1.593079,0.263399,,,,,,,1951,2307,2136,2589,2080,1922,,0,,,,0.05,,0.01,0.26,0.73,2.07
293,0,,0.000,0,0,-0.004236,0.692380,0.235201,1.611506,0.049041,0.205740,-0.004352,0.669820,0.224479,1.609569,0.050033,0.004501,-0.004352,0.669820,0.224479,1.609569,0.050033,0.004501,-0.004352,0.669820,0.224479,1.609570,0.050033,0.004501,-0.138535,21.321022,7.145378,51.234192,1.592613,0.264788,,,,,,,1951,2307,2136,2589,2080,1922,,0,,,,0.05,,0.01,0.24,0.73,2.01
294,0,,0.000,0,0,-0.004237,0.692369,0.235222,1.611484,0.049057,0.205741,-0.004330,0.670111,0.224593,1.609239,0.050015,0.004548,-0.004330,0.670111,0.224593,1.609239,0.050015,0.004548,-0.004330,0.670111,0.224593,1.609239,0.050015,0.004548,-0.137833,21.330299,7.149033,51.223663,1.592041,0.267517,,,,,,,1951,2307,2136,2589,2080,1922,,0,,,,0.05,,0.01,0.24,0.74,2.03
295,0,,0.000,0,0,-0.004237,0.692360,0.235246,1.611454,0.049073,0.205741,-0.004241,0.670449,0.224735,1.608859,0.049999,0.004544,-0.004241,0.670449,0.224735,1.608859,0.049999,0.004544,-0.004241,0.670449,0.224735,1.608859,0.049999,0.004544,-0.134987,21.341049,7.153549,51.211578,1.591530,0.267276,,,,,,,1951,2307,2136,2589,2080,1922,,0,,,,0.05,,0.01,0.24,0.72,2.00
296,0,,0.000,0,0,-0.004237,0.692356,0.235272,1.611421,0.049090,0.205740,-0.004062,0.670758,0.224902,1.608525,0.049986,0.004430,-0.004062,0.670758,0.224902,1.608525,0.049986,0.004430,-0.004062,0.670758,0.224902,1.608525,0.049986,0.004430,-0.129295,21.350883,7.158836,51.200943,1.591110,0.260576,,,,,,,1951,2307,2136,2589,2080,1922,,0,,,,0.05,,0.01,0.28,0.79,2.18
297,0,,0.000,0,0,-0.004236,0.692354,0.235298,1.611384,0.049104,0.205740,-0.003851,0.670953,0.225059,1.608330,0.049977,0.004204,-0.003851,0.670953,0.225059,1.608330,0.049977,0.004204,-0.003851,0.670953,0.225059,1.608330,0.049977,0.004204,-0.122574,21.357109,7.163857,51.194717,1.590813,0.247312,,,,,,,1951,2308,2136,2589,2080,1922,,0,,,,0.05,,0.01,0.25,0.81,2.13
298,0,,0.000,0,0,-0.004233,0.692356,0.235327,1.611341,0.049119,0.205739,-0.003697,0.670951,0.225142,1.608353,0.049972,0.003929,-0.003697,0.670951,0.225142,1.608353,0.049972,0.003929,-0.003697,0.670951,0.225142,1.608353,0.049972,0.003929,-0.117683,21.357048,7.166496,51.195465,1.590660,0.231091,,,,,,,1951,2308,2136,2589,2080,1922,,0,,,,0.05,,0.01,0.26,0.83,2.11
299,0,,0.000,0,0,-0.004230,0.692356,0.235356,1.611298,0.049134,0.205738,-0.003575,0.670663,0.225075,1.608696,0.049980,0.003692,-0.003575,0.670663,0.225075,1.608696,0.049980,0.003692,-0.003575,0.670663,0.225075,1.608696,0.049980,0.003692,-0.113785,21.347870,7.164345,51.206375,1.590904,0.217184,,,,,,,1951,2307,2136,2589,2080,1922,,0,,,,0.05,,0.01,0.26,0.74,1.98
300,0,,0.000,0,0,-0.004225,0.692353,0.235382,1.611264,0.049148,0.205738,-0.003510,0.669979,0.224798,1.609492,0.050006,0.003572,-0.003510,0.669979,0.224798,1.609492,0.050006,0.003572,-0.003510,0.669979,0.224798,1.609492,0.050006,0.003572,-0.111732,21.326103,7.155540,51.231720,1.591743,0.210131,,,,,,,1951,2307,2136,2589,2080,1922,,0,,,,0.06,,0.01,0.24,0.74,2.03
301,0,,0.000,0,0,-0.004220,0.692342,0.235405,1.611238,0.049162,0.205737,-0.003521,0.668807,0.224235,1.610839,0.050058,0.003582,-0.003521,0.668807,0.224235,1.610839,0.050058,0.003582,-0.003521,0.668807,0.224235,1.610839,0.050058,0.003582,-0.112076,21.288773,7.137619,51.274582,1.593384,0.210723,,,,,,,1951,2307,2136,2590,2080,1922,,0,,,,0.05,,0.01,0.27,0.73,2.03
302,0,,0.000,0,0,-0.004215,0.692317,0.235420,1.611232,0.049178,0.205736,-0.003589,0.667047,0.223315,1.612839,0.050136,0.003684,-0.003589,0.667047,0.223315,1.612839,0.050136,0.003684,-0.003589,0.667047,0.223315,1.612839,0.050136,0.003684,-0.114235,21.232773,7.108345,51.338272,1.595879,0.216720,,,,,,,1951,2306,2135,2591,2080,1922,,0,,,,0.05,,0.01,0.27,0.73,2.09
303,0,,0.000,0,0,-0.004210,0.692274,0.235422,1.611255,0.049193,0.205736,-0.003634,0.664584,0.222004,1.615612,0.050245,0.003819,-0.003634,0.664584,0.222004,1.615612,0.050245,0.003819,-0.003634,0.664584,0.222004,1.615612,0.050245,0.003819,-0.115662,21.154381,7.066605,51.426529,1.599350,0.224649,,,,,,,1951,2305,2135,2592,2080,1922,,0,,,,0.05,,0.01,0.23,0.73,2.20
304,0,,0.000,0,0,-0.004206,0.692058,0.235412,1.611418,0.049210,0.205735,-0.003636,0.661291,0.220300,1.619288,0.050388,0.003917,-0.003636,0.661291,0.220300,1.619288,0.050388,0.003917,-0.003636,0.661291,0.220300,1.619288,0.050388,0.003917,-0.115746,21.049545,7.012383,51.543549,1.603912,0.230416,,,,,,,1951,2304,2134,2593,2080,1922,,0,,,,0.05,,0.01,0.24,0.80,2.19
305,0,,0.000,0,0,-0.004200,0.691466,0.235381,1.612159,0.049230,0.205735,-0.003605,0.657053,0.218211,1.623971,0.050571,0.003937,-0.003605,0.657053,0.218211,1.623971,0.050571,0.003937,-0.003605,0.657053,0.218211,1.623971,0.050571,0.003937,-0.114746,20.914665,6.945869,51.692596,1.609718,0.231564,,,,,,,1951,2303,2134,2595,2080,1922,,0,,,,0.05,,0.01,0.26,0.78,2.04
306,0,,0.000,0,0,-0.004192,0.690415,0.235345,1.614018,0.049250,0.205735,-0.003519,0.651790,0.215737,1.629723,0.050791,0.003900,-0.003519,0.651790,0.215737,1.629723,0.050791,0.003900,-0.003519,0.651790,0.215737,1.629723,0.050791,0.003900,-0.112007,20.747116,6.867134,51.875687,1.616730,0.229401,,,,,,,1951,2301,2133,2597,2080,1922,,0,,,,0.08,,0.01,0.24,0.74,1.89
307,0,,0.000,0,0,-0.004184,0.688448,0.235221,1.617425,0.049276,0.205735,-0.003391,0.645489,0.212857,1.636494,0.051049,0.003852,-0.003391,0.645489,0.212857,1.636494,0.051049,0.003852,-0.003391,0.645489,0.212857,1.636494,0.051049,0.003852,-0.107948,20.546570,6.775436,52.091217,1.624931,0.226590,,,,,,,1951,2298,2132,2599,2080,1922,,0,,,,0.05,,0.01,0.24,0.74,1.89
308,0,,0.000,0,0,-0.004174,0.685318,0.234554,1.622024,0.049305,0.205735,-0.003288,0.638205,0.209546,1.644152,0.051338,0.003816,-0.003288,0.638205,0.209546,1.644152,0.051338,0.003816,-0.003289,0.638205,0.209546,1.644153,0.051338,0.003816,-0.104675,20.314682,6.670044,52.335007,1.634148,0.224463,,,,,,,1951,2296,2131,2602,2080,1922,,0,,,,0.05,,0.01,0.24,0.77,1.87
309,0,,0.000,0,0,-0.004164,0.681233,0.233194,1.627326,0.049336,0.205735,-0.003225,0.629978,0.205847,1.652663,0.051657,0.003810,-0.003225,0.629978,0.205847,1.652663,0.051657,0.003810,-0.003225,0.629978,0.205847,1.652663,0.051657,0.003810,-0.102654,20.052811,6.552315,52.605896,1.644287,0.224105,,,,,,,1951,2293,2129,2605,2081,1922,,0,,,,0.05,,0.01,0.24,0.74,1.88
310,0,,0.000,0,0,-0.004151,0.675647,0.230977,1.633997,0.049412,0.205735,-0.003167,0.620876,0.201807,1.662008,0.052004,0.003852,-0.003167,0.620876,0.201807,1.662008,0.052004,0.003852,-0.003167,0.620876,0.201807,1.662008,0.052004,0.003852,-0.100815,19.763092,6.423698,52.903351,1.655350,0.226611,,,,,,,1951,2290,2128,2608,2081,1922,,0,,,,0.05,,0.01,0.24,0.76,2.25
311,0,,0.000,0,0,-0.004138,0.668947,0.228119,1.641575,0.049564,0.205735,-0.003100,0.611014,0.197470,1.672081,0.052379,0.003924,-0.003100,0.611014,0.197470,1.672081,0.052379,0.003924,-0.003100,0.611014,0.197470,1.672081,0.052379,0.003924,-0.098679,19.449188,6.285652,53.223984,1.667282,0.230831,,,,,,,1951,2286,2126,2612,2081,1922,,0,,,,0.05,,0.01,0.24,0.74,2.04
312,0,,0.000,0,0,-0.004126,0.661706,0.224950,1.649495,0.049778,0.205735,-0.003109,0.600550,0.192857,1.682683,0.052779,0.003970,-0.003109,0.600550,0.192857,1.682683,0.052779,0.003970,-0.003109,0.600550,0.192857,1.682683,0.052779,0.003970,-0.098976,19.116089,6.138824,53.561478,1.680016,0.233555,,,,,,,1951,2282,2125,2616,2081,1922,,0,,,,0.05,,0.01,0.27,0.72,2.22
313,0,,0.000,0,0,-0.004113,0.653029,0.221117,1.658779,0.050073,0.205735,-0.003215,0.589607,0.188046,1.693707,0.053200,0.003942,-0.003215,0.589607,0.188046,1.693707,0.053200,0.003942,-0.003215,0.589607,0.188046,1.693707,0.053200,0.003942,-0.102325,18.767761,5.985703,53.912354,1.693405,0.231868,,,,,,,1951,2278,2123,2620,2082,1922,,0,,,,0.06,,0.01,0.31,0.76,2.23
314,0,,0.000,0,0,-0.004101,0.643577,0.216931,1.668710,0.050416,0.205735,-0.003344,0.578313,0.183136,1.705075,0.053633,0.003819,-0.003344,0.578313,0.183136,1.705075,0.053633,0.003819,-0.003344,0.578313,0.183136,1.705075,0.053633,0.003819,-0.106445,18.408272,5.829384,54.274200,1.707184,0.224638,,,,,,,1951,2274,2121,2624,2082,1922,,0,,,,0.05,,0.01,0.24,0.71,2.01
315,0,,0.000,0,0,-0.004091,0.634085,0.212743,1.678560,0.050772,0.205735,-0.003401,0.566851,0.178166,1.716638,0.054069,0.003645,-0.003401,0.566851,0.178166,1.716638,0.054069,0.003645,-0.003401,0.566851,0.178166,1.716638,0.054069,0.003645,-0.108261,18.043427,5.671204,54.642288,1.721069,0.214418,,,,,,,1951,2270,2119,2628,2082,1922,,0,,,,0.05,,0.01,0.23,0.73,2.05
316,0,,0.000,0,0,-0.004082,0.623385,0.208048,1.689578,0.051180,0.205735,-0.003400,0.555415,0.173173,1.728220,0.054502,0.003487,-0.003400,0.555415,0.173173,1.728220,0.054502,0.003487,-0.003400,0.555415,0.173173,1.728220,0.054502,0.003487,-0.108215,17.679405,5.512260,55.010941,1.734840,0.205117,,,,,,,1951,2266,2118,2633,2083,1922,,0,,,,0.05,,0.01,0.24,0.71,2.12
317,0,,0.000,0,0,-0.004073,0.612338,0.203221,1.700882,0.051601,0.205735,-0.003408,0.544168,0.168236,1.739677,0.054925,0.003396,-0.003408,0.544168,0.168236,1.739677,0.054925,0.003396,-0.003408,0.544168,0.168236,1.739677,0.054925,0.003396,-0.108467,17.321396,5.355118,55.375641,1.748314,0.199753,,,,,,,1951,2262,2116,2637,2083,1921,,0,,,,0.05,,0.01,0.24,1.44,2.77
318,0,,0.000,0,0,-0.004065,0.601766,0.198613,1.711663,0.052003,0.205735,-0.003445,0.533233,0.163468,1.750907,0.055334,0.003403,-0.003445,0.533233,0.163468,1.750907,0.055334,0.003403,-0.003445,0.533233,0.163468,1.750907,0.055334,0.003403,-0.109673,16.973343,5.203339,55.733109,1.761337,0.200179,,,,,,,1951,2258,2114,2641,2083,1921,,0,,,,0.05,,0.01,0.31,0.74,2.20
319,0,,0.000,0,0,-0.004056,0.590392,0.193667,1.723264,0.052433,0.205735,-0.003494,0.522749,0.158945,1.761749,0.055728,0.003519,-0.003494,0.522749,0.158945,1.761749,0.055728,0.003519,-0.003494,0.522749,0.158945,1.761749,0.055728,0.003519,-0.111206,16.639618,5.059372,56.078201,1.773895,0.207006,,,,,,,1951,2255,2113,2645,2083,1922,,0,,,,0.05,,0.01,0.25,0.72,2.15
320,0,,0.000,0,0,-0.004049,0.579152,0.188804,1.734726,0.052855,0.205734,-0.003558,0.512861,0.154707,1.772012,0.056102,0.003717,-0.003558,0.512861,0.154707,1.772012,0.056102,0.003717,-0.003558,0.512861,0.154707,1.772012,0.056102,0.003717,-0.113266,16.324867,4.924484,56.404907,1.785789,0.218666,,,,,,,1951,2251,2111,2649,2084,1922,,0,,,,0.05,,0.01,0.27,0.73,2.16
321,0,,0.000,0,0,-0.004043,0.568825,0.184371,1.745260,0.053241,0.205734,-0.003592,0.503696,0.150796,1.781555,0.056451,0.003949,-0.003592,0.503696,0.150796,1.781555,0.056451,0.003949,-0.003592,0.503696,0.150796,1.781555,0.056451,0.003949,-0.114326,16.033150,4.799988,56.708664,1.796875,0.232297,,,,,,,1951,2248,2110,2652,2084,1922,,0,,,,0.05,,0.01,0.24,0.79,2.09
322,0,,0.000,0,0,-0.004037,0.558167,0.179832,1.756143,0.053638,0.205734,-0.003537,0.495354,0.147246,1.790275,0.056768,0.004146,-0.003537,0.495354,0.147246,1.790275,0.056768,0.004146,-0.003537,0.495354,0.147246,1.790275,0.056768,0.004146,-0.112587,15.767624,4.686996,56.986237,1.806984,0.243855,,,,,,,1951,2245,2109,2655,2084,1922,,0,,,,0.05,,0.01,0.24,0.76,2.11
323,0,,0.000,0,0,-0.004030,0.548078,0.175570,1.766433,0.054014,0.205734,-0.003388,0.487902,0.144084,1.798115,0.057053,0.004243,-0.003388,0.487902,0.144084,1.798115,0.057053,0.004243,-0.003388,0.487902,0.144084,1.798115,0.057053,0.004243,-0.107849,15.530396,4.586349,57.235794,1.816055,0.249585,,,,,,,1951,2242,2107,2658,2084,1922,,0,,,,0.05,,0.01,0.24,0.76,2.07
324,0,,0.000,0,0,-0.004023,0.539205,0.171852,1.775470,0.054343,0.205734,-0.003205,0.481400,0.141294,1.804991,0.057304,0.004219,-0.003205,0.481400,0.141294,1.804991,0.057304,0.004219,-0.003205,0.481400,0.141294,1.804991,0.057304,0.004219,-0.102028,15.323448,4.497543,57.454636,1.824036,0.248173,,,,,,,1951,2240,2106,2661,2084,1922,,0,,,,0.10,,0.02,0.39,0.74,2.33
325,0,,0.000,0,0,-0.004013,0.530469,0.168212,1.784365,0.054666,0.205734,-0.003048,0.475853,0.138885,1.810915,0.057520,0.004104,-0.003048,0.475853,0.138885,1.810915,0.057520,0.004104,-0.003048,0.475853,0.138885,1.810915,0.057520,0.004104,-0.097023,15.146866,4.420830,57.643219,1.830925,0.241434,,,,,,,1951,2238,2106,2663,2084,1922,,0,,,,0.05,,0.01,0.24,0.72,2.13
326,0,,0.000,0,0,-0.004000,0.522599,0.164945,1.792362,0.054957,0.205734,-0.002894,0.471231,0.136850,1.815922,0.057703,0.003964,-0.002894,0.471231,0.136850,1.815922,0.057703,0.003964,-0.002894,0.471231,0.136850,1.815922,0.057703,0.003964,-0.092125,14.999748,4.356064,57.802582,1.836754,0.233155,,,,,,,1951,2236,2105,2665,2085,1922,,0,,,,0.05,,0.01,0.29,0.77,2.42
327,0,,0.000,0,0,-0.003987,0.516025,0.162219,1.799036,0.055199,0.205734,-0.002747,0.467519,0.135127,1.819976,0.057854,0.003863,-0.002747,0.467519,0.135127,1.819976,0.057854,0.003863,-0.002747,0.467519,0.135127,1.819976,0.057854,0.003863,-0.087448,14.881584,4.301239,57.931625,1.841545,0.227231,,,,,,,1951,2235,2104,2666,2085,1922,,0,,,,0.05,,0.01,0.32,0.82,2.33
328,0,,0.000,0,0,-0.003972,0.509908,0.159668,1.805250,0.055426,0.205734,-0.002673,0.464695,0.133620,1.823019,0.057971,0.003845,-0.002673,0.464695,0.133620,1.823019,0.057971,0.003845,-0.002673,0.464695,0.133620,1.823019,0.057971,0.003845,-0.085083,14.791695,4.253242,58.028488,1.845291,0.226196,,,,,,,1951,2234,2104,2667,2085,1922,,0,,,,0.05,,0.01,0.24,0.73,2.05
329,0,,0.000,0,0,-0.003955,0.504736,0.157463,1.810476,0.055617,0.205734,-0.002681,0.462620,0.132337,1.825198,0.058061,0.003912,-0.002681,0.462620,0.132337,1.825198,0.058061,0.003912,-0.002681,0.462620,0.132337,1.825198,0.058061,0.003912,-0.085350,14.725662,4.212418,58.097870,1.848152,0.230106,,,,,,,1951,2233,2103,2668,2085,1922,,0,,,,0.05,,0.01,0.24,0.99,2.31
330,0,,0.000,0,0,-0.003939,0.500708,0.155670,1.814497,0.055767,0.205734,-0.002653,0.461118,0.131340,1.826774,0.058130,0.004006,-0.002653,0.461118,0.131340,1.826774,0.058130,0.004006,-0.002653,0.461118,0.131340,1.826774,0.058130,0.004006,-0.084457,14.677826,4.180672,58.148026,1.850342,0.235662,,,,,,,1951,2232,2103,2669,2085,1922,,0,,,,0.05,,0.03,0.25,0.80,2.15
331,0,,0.000,0,0,-0.003922,0.497235,0.154036,1.817906,0.055897,0.205734,-0.002502,0.460063,0.130630,1.827904,0.058184,0.004048,-0.002502,0.460063,0.130630,1.827904,0.058184,0.004048,-0.002502,0.460063,0.130630,1.827904,0.058184,0.004048,-0.079636,14.644264,4.158081,58.183975,1.852051,0.238103,,,,,,,1951,2232,2103,2669,2085,1922,,0,,,,0.05,,0.01,0.24,0.72,2.10
332,0,,0.000,0,0,-0.003904,0.494513,0.152693,1.820527,0.056001,0.205734,-0.002319,0.459390,0.130136,1.828605,0.058225,0.003999,-0.002319,0.459390,0.130136,1.828605,0.058225,0.003999,-0.002319,0.459390,0.130136,1.828605,0.058225,0.003999,-0.073814,14.622841,4.142365,58.206299,1.853348,0.235250,,,,,,,1951,2232,2102,2669,2085,1922,,0,,,,0.05,,0.01,0.24,0.80,2.10
333,0,,0.000,0,0,-0.003885,0.492543,0.151684,1.822383,0.056078,0.205734,-0.002224,0.459006,0.129818,1.828944,0.058254,0.003868,-0.002224,0.459006,0.129818,1.828944,0.058254,0.003868,-0.002224,0.459006,0.129818,1.828944,0.058254,0.003868,-0.070801,14.610626,4.132248,58.217102,1.854263,0.227529,,,,,,,1951,2232,2102,2669,2085,1922,,0,,,,0.05,,0.01,0.25,0.70,2.26
334,0,,0.000,0,0,-0.003864,0.490978,0.150854,1.823809,0.056142,0.205734,-0.002223,0.458819,0.129643,1.829016,0.058272,0.003705,-0.002223,0.458819,0.129643,1.829016,0.058272,0.003705,-0.002223,0.458819,0.129643,1.829016,0.058272,0.003705,-0.070763,14.604660,4.126656,58.219391,1.854851,0.217947,,,,,,,1951,2232,2102,2669,2085,1922,,0,,,,0.05,,0.01,0.25,1.07,2.50
335,0,,0.000,0,0,-0.003843,0.489863,0.150248,1.824759,0.056191,0.205734,-0.002151,0.458741,0.129568,1.828928,0.058283,0.003565,-0.002151,0.458741,0.129568,1.828928,0.058283,0.003565,-0.002151,0.458741,0.129568,1.828928,0.058283,0.003565,-0.068459,14.602173,4.124283,58.216599,1.855194,0.209689,,,,,,,1951,2232,2102,2669,2085,1922,,0,,,,0.05,,0.01,0.27,0.72,2.03
336,0,,0.000,0,0,-0.003822,0.489137,0.149850,1.825307,0.056226,0.205734,-0.002002,0.458693,0.129559,1.828779,0.058289,0.003483,-0.002002,0.458693,0.129559,1.828779,0.058289,0.003483,-0.002002,0.458693,0.129559,1.828779,0.058289,0.003483,-0.063721,14.600647,4.123978,58.211853,1.855385,0.204891,,,,,,,1951,2232,2102,2669,2085,1921,,0,,,,0.05,,0.01,0.29,0.92,2.46
337,0,,0.000,0,0,-0.003798,0.488616,0.149574,1.825614,0.056261,0.205734,-0.001871,0.458609,0.129591,1.828661,0.058290,0.003480,-0.001871,0.458609,0.129591,1.828661,0.058290,0.003480,-0.001871,0.458609,0.129591,1.828661,0.058290,0.003480,-0.059555,14.597992,4.125023,58.208099,1.855431,0.204691,,,,,,,1951,2232,2102,2669,2085,1921,,0,,,,0.06,,0.01,0.27,0.74,2.11
338,0,,0.000,0,0,-0.003774,0.488267,0.149415,1.825739,0.056296,0.205734,-0.001791,0.458442,0.129651,1.828666,0.058289,0.003544,-0.001791,0.458442,0.129651,1.828666,0.058289,0.003544,-0.001791,0.458442,0.129651,1.828666,0.058289,0.003544,-0.056999,14.592674,4.126930,58.208267,1.855400,0.208473,,,,,,,1951,2232,2102,2669,2085,1922,,0,,,,0.05,,0.01,0.24,0.82,2.14
339,0,,0.000,0,0,-0.003750,0.488022,0.149338,1.825800,0.056328,0.205734,-0.001731,0.458193,0.129711,1.828815,0.058287,0.003636,-0.001731,0.458193,0.129711,1.828815,0.058287,0.003636,-0.001731,0.458193,0.129711,1.828815,0.058287,0.003636,-0.055107,14.584747,4.128838,58.212997,1.855339,0.213856,,,,,,,1951,2231,2102,2669,2085,1922,,0,,,,0.05,,0.01,0.24,0.88,2.18
340,0,,0.000,0,0,-0.003724,0.487790,0.149279,1.825862,0.056361,0.205734,-0.001692,0.457878,0.129761,1.829104,0.058286,0.003723,-0.001692,0.457878,0.129761,1.829104,0.058286,0.003723,-0.001692,0.457878,0.129761,1.829103,0.058286,0.003724,-0.053848,14.574707,4.130409,58.222168,1.855293,0.219029,,,,,,,1952,2231,2102,2669,2085,1922,,0,,,,0.05,,0.01,0.24,0.76,2.30
341,0,,0.000,0,0,-0.003697,0.487550,0.149222,1.825959,0.056394,0.205734,-0.001678,0.457574,0.129731,1.829404,0.058287,0.003801,-0.001678,0.457574,0.129731,1.829404,0.058287,0.003801,-0.001678,0.457574,0.129731,1.829404,0.058287,0.003801,-0.053398,14.565041,4.129471,58.231735,1.855324,0.223580,,,,,,,1952,2231,2102,2669,2085,1922,,0,,,,0.05,,0.01,0.36,0.94,2.47
342,0,,0.000,0,0,-0.003672,0.487305,0.149169,1.826106,0.056425,0.205734,-0.001737,0.457335,0.129589,1.829630,0.058288,0.003879,-0.001737,0.457335,0.129589,1.829630,0.058288,0.003879,-0.001737,0.457335,0.129589,1.829630,0.058288,0.003879,-0.055290,14.557411,4.124939,58.238937,1.855347,0.228148,,,,,,,1951,2231,2102,2670,2085,1922,,0,,,,0.05,,0.01,0.24,0.75,2.24
343,0,,0.000,0,0,-0.003647,0.487036,0.149112,1.826305,0.056456,0.205734,-0.001899,0.457171,0.129361,1.829778,0.058285,0.003960,-0.001899,0.457171,0.129361,1.829778,0.058285,0.003960,-0.001899,0.457171,0.129361,1.829778,0.058285,0.003960,-0.060463,14.552216,4.117706,58.243637,1.855263,0.232935,,,,,,,1951,2231,2102,2670,2085,1922,,0,,,,0.05,,0.01,0.24,0.79,2.25
344,0,,0.000,0,0,-0.003623,0.486786,0.149052,1.826505,0.056488,0.205734,-0.002089,0.457043,0.129133,1.829943,0.058279,0.004042,-0.002089,0.457043,0.129133,1.829943,0.058279,0.004042,-0.002089,0.457043,0.129133,1.829943,0.058279,0.004042,-0.066498,14.548126,4.110428,58.248886,1.855087,0.237763,,,,,,,1951,2231,2102,2670,2085,1922,,0,,,,0.05,,0.01,0.25,0.77,2.09
345,0,,0.000,0,0,-0.003604,0.486579,0.148982,1.826685,0.056516,0.205734,-0.002193,0.456939,0.128924,1.830133,0.058274,0.004106,-0.002193,0.456939,0.128924,1.830133,0.058274,0.004106,-0.002193,0.456939,0.128924,1.830133,0.058274,0.004106,-0.069801,14.544823,4.103783,58.254929,1.854912,0.241503,,,,,,,1951,2231,2102,2670,2085,1922,,0,,,,0.05,,0.01,0.28,0.75,2.09
346,0,,0.000,0,0,-0.003585,0.486392,0.148874,1.826873,0.056546,0.205734,-0.002249,0.456884,0.128692,1.830266,0.058265,0.004130,-0.002249,0.456884,0.128692,1.830266,0.058265,0.004130,-0.002249,0.456884,0.128692,1.830266,0.058265,0.004130,-0.071579,14.543068,4.096390,58.259171,1.854645,0.242919,,,,,,,1951,2231,2102,2670,2085,1922,,0,,,,0.05,,0.01,0.27,0.76,2.10
347,0,,0.000,0,0,-0.003568,0.486241,0.148726,1.827051,0.056576,0.205734,-0.002278,0.456861,0.128445,1.830352,0.058252,0.004113,-0.002278,0.456861,0.128445,1.830352,0.058252,0.004113,-0.002278,0.456861,0.128445,1.830352,0.058252,0.004113,-0.072495,14.542343,4.088524,58.261917,1.854202,0.241926,,,,,,,1951,2231,2102,2670,2085,1922,,0,,,,0.05,,0.01,0.25,0.72,2.20
348,0,,0.000,0,0,-0.003552,0.486133,0.148556,1.827197,0.056603,0.205734,-0.002251,0.456836,0.128225,1.830456,0.058237,0.004062,-0.002251,0.456836,0.128225,1.830456,0.058237,0.004062,-0.002251,0.456836,0.128225,1.830456,0.058237,0.004062,-0.071640,14.541542,4.081535,58.265228,1.853752,0.238955,,,,,,,1951,2231,2102,2670,2085,1922,,0,,,,0.06,,0.01,0.38,0.85,2.48
349,0,,0.000,0,0,-0.003535,0.486048,0.148353,1.827334,0.056631,0.205734,-0.002158,0.456769,0.128096,1.830664,0.058226,0.003995,-0.002158,0.456769,0.128096,1.830664,0.058226,0.003995,-0.002158,0.456769,0.128096,1.830664,0.058226,0.003995,-0.068695,14.539421,4.077438,58.271835,1.853394,0.234985,,,,,,,1951,2231,2102,2670,2085,1922,,0,,,,0.05,,0.01,0.24,0.75,2.17
350,0,,0.000,0,0,-0.003517,0.485977,0.148156,1.827475,0.056658,0.205734,-0.002024,0.456665,0.128077,1.830959,0.058220,0.003928,-0.002024,0.456665,0.128077,1.830959,0.058220,0.003928,-0.002024,0.456665,0.128077,1.830959,0.058220,0.003928,-0.064430,14.536110,4.076813,58.281235,1.853195,0.231063,,,,,,,1951,2231,2102,2670,2085,1922,,0,,,,0.05,,0.01,0.24,0.79,2.08
351,0,,0.000,0,0,-0.003499,0.485906,0.148007,1.827642,0.056683,0.205734,-0.001932,0.456606,0.128097,1.831177,0.058212,0.003889,-0.001932,0.456606,0.128097,1.831177,0.058212,0.003889,-0.001932,0.456606,0.128097,1.831177,0.058212,0.003889,-0.061493,14.534210,4.077461,58.288162,1.852928,0.228742,,,,,,,1951,2231,2102,2670,2085,1922,,0,,,,0.05,,0.01,0.23,0.74,2.03
352,0,,0.000,0,0,-0.003479,0.485829,0.147902,1.827850,0.056709,0.205734,-0.001971,0.456654,0.128105,1.831210,0.058198,0.003877,-0.001971,0.456654,0.128105,1.831210,0.058198,0.003877,-0.001971,0.456654,0.128105,1.831210,0.058198,0.003877,-0.062737,14.535759,4.077698,58.289215,1.852486,0.228071,,,,,,,1951,2231,2102,2670,2085,1922,,0,,,,0.05,,0.01,0.23,0.80,2.08
353,0,,0.000,0,0,-0.003459,0.485771,0.147834,1.828031,0.056735,0.205734,-0.002158,0.456789,0.128155,1.831113,0.058177,0.003880,-0.002158,0.456789,0.128155,1.831113,0.058177,0.003880,-0.002158,0.456789,0.128155,1.831113,0.058177,0.003880,-0.068695,14.540054,4.079308,58.286148,1.851845,0.228220,,,,,,,1951,2231,2102,2670,2085,1922,,0,,,,0.05,,0.01,0.27,0.72,2.02
354,0,,0.000,0,0,-0.003442,0.485723,0.147778,1.828137,0.056758,0.205734,-0.002362,0.456962,0.128352,1.830980,0.058155,0.003886,-0.002362,0.456962,0.128352,1.830980,0.058155,0.003886,-0.002362,0.456962,0.128352,1.830980,0.058155,0.003886,-0.075180,14.545563,4.085564,58.281891,1.851143,0.228559,,,,,,,1951,2231,2102,2670,2085,1922,,0,,,,0.08,,0.01,0.24,0.74,2.09
355,0,,0.000,0,0,-0.003428,0.485676,0.147722,1.828202,0.056782,0.205733,-0.002519,0.457186,0.128693,1.830755,0.058132,0.003897,-0.002519,0.457186,0.128693,1.830755,0.058132,0.003897,-0.002519,0.457186,0.128693,1.830755,0.058132,0.003897,-0.080193,14.552666,4.096428,58.274734,1.850403,0.229263,,,,,,,1951,2231,2102,2670,2085,1922,,0,,,,0.05,,0.01,0.28,0.87,2.40
356,0,,0.000,0,0,-0.003415,0.485632,0.147672,1.828259,0.056805,0.205733,-0.002686,0.457502,0.129105,1.830298,0.058106,0.003906,-0.002686,0.457502,0.129105,1.830298,0.058106,0.003906,-0.002686,0.457502,0.129105,1.830298,0.058106,0.003906,-0.085487,14.562729,4.109535,58.260178,1.849579,0.229743,,,,,,,1951,2231,2102,2670,2085,1922,,0,,,,0.07,,0.01,0.30,0.73,2.19
357,0,,0.000,0,0,-0.003406,0.485595,0.147631,1.828305,0.056826,0.205733,-0.002924,0.457856,0.129612,1.829666,0.058077,0.003883,-0.002924,0.457856,0.129612,1.829666,0.058077,0.003883,-0.002924,0.457856,0.129612,1.829666,0.058077,0.003883,-0.093071,14.574005,4.125679,58.240067,1.848663,0.228411,,,,,,,1951,2231,2102,2670,2085,1922,,0,,,,0.05,,0.01,0.24,0.75,2.16
358,0,,0.000,0,0,-0.003399,0.485561,0.147597,1.828342,0.056848,0.205733,-0.003187,0.458133,0.130262,1.829011,0.058048,0.003836,-0.003187,0.458133,0.130262,1.829011,0.058048,0.003836,-0.003187,0.458133,0.130262,1.829011,0.058048,0.003836,-0.101456,14.582809,4.146370,58.219223,1.847733,0.225669,,,,,,,1951,2231,2103,2669,2085,1922,,0,,,,0.05,,0.01,0.24,0.75,2.03
359,0,,0.000,0,0,-0.003395,0.485532,0.147573,1.828368,0.056868,0.205733,-0.003420,0.458183,0.131098,1.828527,0.058017,0.003796,-0.003420,0.458183,0.131098,1.828527,0.058017,0.003796,-0.003420,0.458183,0.131098,1.828527,0.058017,0.003796,-0.108856,14.584419,4.172966,58.203812,1.846756,0.223273,,,,,,,1951,2231,2103,2669,2085,1922,,0,,,,0.05,,0.01,0.24,0.76,2.07
360,1,,0.000,0,0,-0.003395,0.485507,0.147562,1.828384,0.056886,0.205733,-0.003366,0.457540,0.128772,1.828469,0.057954,0.001426,-0.003366,0.457540,0.128772,1.828469,0.057954,0.001426,-0.003365,0.457540,0.128772,1.828468,0.057954,0.001426,-0.107124,14.563942,4.098930,58.201950,1.844742,0.083887,,,,,,,1951,2231,2102,2669,2085,1920,,0,360,12.020000,0.0,0.05,67.74,1.19,0.46,0.87,71.61
361,0,,0.000,0,0,-0.003395,0.485473,0.147526,1.828398,0.056905,0.205733,-0.003792,0.457419,0.128937,1.828632,0.057941,0.001133,-0.003792,0.457419,0.128937,1.828632,0.057941,0.001133,-0.003792,0.457419,0.128937,1.828632,0.057941,0.001133,-0.120705,14.560089,4.104195,58.207153,1.844315,0.066674,,,,,,,1951,2231,2102,2669,2085,1919,,0,,,,0.05,,0.01,0.28,0.77,2.16
362,0,,0.000,0,0,-0.003398,0.485436,0.147484,1.828414,0.056923,0.205733,-0.004052,0.457247,0.129074,1.828899,0.057940,0.000946,-0.004052,0.457247,0.129074,1.828899,0.057940,0.000946,-0.004052,0.457247,0.129074,1.828899,0.057940,0.000946,-0.128975,14.554619,4.108559,58.215668,1.844299,0.055629,,,,,,,1951,2231,2102,2669,2085,1919,,0,,,,0.05,,0.01,0.24,0.74,2.07
363,0,,0.000,0,0,-0.003406,0.485400,0.147446,1.828432,0.056939,0.205733,-0.004239,0.457006,0.129189,1.829110,0.057949,0.000879,-0.004239,0.457006,0.129189,1.829110,0.057949,0.000879,-0.004239,0.457006,0.129189,1.829110,0.057949,0.000879,-0.134941,14.546967,4.112228,58.222382,1.844559,0.051702,,,,,,,1951,2231,2102,2669,2085,1919,,0,,,,0.05,,0.01,0.24,0.76,2.13
364,0,,0.000,0,0,-0.003416,0.485359,0.147409,1.828454,0.056956,0.205733,-0.004355,0.456683,0.129380,1.829374,0.057943,0.000912,-0.004355,0.456683,0.129380,1.829374,0.057943,0.000912,-0.004355,0.456683,0.129380,1.829374,0.057943,0.000912,-0.138618,14.536667,4.118309,58.230774,1.844383,0.053662,,,,,,,1951,2231,2102,2669,2085,1919,,0,,,,0.05,,0.01,0.24,0.79,2.08
365,0,,0.000,0,0,-0.003428,0.485315,0.147376,1.828481,0.056973,0.205733,-0.004401,0.456272,0.129706,1.829805,0.057947,0.001054,-0.004401,0.456272,0.129706,1.829805,0.057947,0.001054,-0.004401,0.456272,0.129706,1.829805,0.057947,0.001054,-0.140076,14.523575,4.128685,58.244492,1.844498,0.061974,,,,,,,1951,2231,2102,2670,2085,1919,,0,,,,0.05,,0.01,0.26,0.71,1.98
366,0,,0.000,0,0,-0.003440,0.485268,0.147349,1.828512,0.056989,0.205733,-0.004608,0.455778,0.130161,1.830413,0.057928,0.001368,-0.004608,0.455778,0.130161,1.830413,0.057928,0.001368,-0.004608,0.455778,0.130161,1.830413,0.057928,0.001368,-0.146690,14.507866,4.143143,58.263855,1.843918,0.080469,,,,,,,1951,2231,2102,2670,2085,1920,,0,,,,0.07,,0.01,0.24,0.74,2.09
367,0,,0.000,0,0,-0.003454,0.485171,0.147328,1.828554,0.057005,0.205733,-0.005377,0.455141,0.130767,1.831332,0.057866,0.001863,-0.005377,0.455141,0.130767,1.831332,0.057866,0.001863,-0.005377,0.455141,0.130767,1.831332,0.057866,0.001863,-0.171165,14.487602,4.162445,58.293106,1.841942,0.109571,,,,,,,1950,2230,2103,2670,2085,1920,,0,,,,0.05,,0.01,0.24,0.75,2.08
368,0,,0.000,0,0,-0.003477,0.484954,0.147316,1.828609,0.057020,0.205733,-0.006472,0.454346,0.131484,1.832744,0.057775,0.002439,-0.006472,0.454346,0.131484,1.832744,0.057775,0.002439,-0.006472,0.454346,0.131484,1.832744,0.057775,0.002439,-0.206001,14.462280,4.185272,58.338043,1.839050,0.143469,,,,,,,1950,2230,2103,2671,2085,1921,,0,,,,0.05,,0.01,0.27,0.75,2.25
369,0,,0.000,0,0,-0.003511,0.484601,0.147316,1.828853,0.057033,0.205733,-0.007388,0.453365,0.132246,1.834774,0.057692,0.002982,-0.007388,0.453365,0.132246,1.834774,0.057692,0.002982,-0.007388,0.453365,0.132246,1.834774,0.057692,0.002982,-0.235161,14.431061,4.209518,58.402664,1.836395,0.175413,,,,,,,1950,2230,2103,2671,2085,1921,,0,,,,0.05,,0.01,0.24,0.79,2.15
370,0,,0.000,0,0,-0.003559,0.484044,0.147328,1.829579,0.057044,0.205733,-0.007561,0.452170,0.133028,1.837439,0.057642,0.003531,-0.007561,0.452170,0.133028,1.837439,0.057642,0.003531,-0.007561,0.452170,0.133028,1.837439,0.057642,0.003531,-0.240669,14.393021,4.234406,58.487488,1.834808,0.207710,,,,,,,1950,2229,2104,2672,2085,1922,,0,,,,0.05,,0.01,0.29,0.75,2.08
371,0,,0.000,0,0,-0.003610,0.483300,0.147351,1.830895,0.057054,0.205733,-0.007138,0.450894,0.133762,1.840403,0.057612,0.004107,-0.007138,0.450894,0.133762,1.840403,0.057612,0.004107,-0.007138,0.450894,0.133762,1.840403,0.057612,0.004107,-0.227196,14.352402,4.257759,58.581848,1.833855,0.241602,,,,,,,1950,2229,2104,2673,2085,1922,,0,,,,0.05,,0.01,0.24,0.82,2.07
372,0,,0.000,0,0,-0.003655,0.482440,0.147384,1.832659,0.057063,0.205733,-0.006587,0.449746,0.134393,1.843175,0.057567,0.004684,-0.006587,0.449746,0.134393,1.843175,0.057567,0.004684,-0.006587,0.449746,0.134393,1.843175,0.057567,0.004684,-0.209656,14.315857,4.277870,58.670090,1.832413,0.275552,,,,,,,1950,2228,2104,2674,2085,1923,,0,,,,0.06,,0.01,0.23,0.74,2.02
373,0,,0.000,0,0,-0.003695,0.481403,0.147429,1.834955,0.057072,0.205733,-0.006452,0.448938,0.134926,1.845268,0.057508,0.005236,-0.006452,0.448938,0.134926,1.845268,0.057508,0.005236,-0.006452,0.448938,0.134926,1.845268,0.057508,0.005236,-0.205360,14.290154,4.294823,58.736694,1.830528,0.308019,,,,,,,1950,2228,2104,2675,2084,1923,,0,,,,0.05,,0.01,0.23,0.73,2.04
374,0,,0.000,0,0,-0.003731,0.480365,0.147482,1.837351,0.057080,0.205733,-0.006515,0.448728,0.135464,1.846336,0.057447,0.005713,-0.006515,0.448728,0.135464,1.846336,0.057447,0.005713,-0.006515,0.448728,0.135464,1.846336,0.057447,0.005713,-0.207390,14.283440,4.311943,58.770691,1.828590,0.336040,,,,,,,1950,2228,2104,2676,2084,1923,,0,,,,0.05,,0.01,0.26,0.73,2.12
375,0,,0.000,0,0,-0.003766,0.479529,0.147543,1.839375,0.057086,0.205733,-0.006415,0.449361,0.136260,1.846234,0.057413,0.006080,-0.006415,0.449361,0.136260,1.846234,0.057413,0.006080,-0.006415,0.449361,0.136260,1.846234,0.057413,0.006080,-0.204185,14.303612,4.337288,58.767456,1.827530,0.357622,,,,,,,1950,2228,2105,2676,2084,1924,,0,,,,0.05,,0.01,0.24,0.72,2.15
376,0,,0.000,0,0,-0.003800,0.478973,0.147743,1.840967,0.057092,0.205733,-0.006078,0.451074,0.137629,1.844985,0.057410,0.006266,-0.006078,0.451074,0.137629,1.844985,0.057410,0.006266,-0.006078,0.451074,0.137629,1.844985,0.057410,0.006266,-0.193451,14.358139,4.380859,58.727676,1.827431,0.368580,,,,,,,1950,2229,2105,2675,2084,1924,,0,,,,0.05,,0.01,0.25,0.72,2.45
377,0,,0.000,0,0,-0.003831,0.478852,0.148234,1.841739,0.057097,0.205733,-0.005619,0.454215,0.139697,1.842383,0.057431,0.006154,-0.005619,0.454215,0.139697,1.842383,0.057431,0.006154,-0.005618,0.454215,0.139697,1.842383,0.057431,0.006154,-0.178841,14.458107,4.446701,58.644852,1.828072,0.362020,,,,,,,1950,2230,2106,2674,2084,1924,,0,,,,0.05,,0.01,0.25,0.81,2.09
378,0,,0.000,0,0,-0.003855,0.478848,0.149101,1.841858,0.057103,0.205733,-0.005306,0.459322,0.142263,1.837800,0.057463,0.005714,-0.005306,0.459322,0.142263,1.837800,0.057463,0.005714,-0.005306,0.459322,0.142263,1.837800,0.057463,0.005714,-0.168900,14.620659,4.528381,58.499008,1.829102,0.336117,,,,,,,1950,2232,2107,2673,2084,1923,,0,,,,0.05,,0.01,0.28,0.72,2.06
379,0,,0.000,0,0,-0.003875,0.479194,0.150514,1.841821,0.057109,0.205733,-0.005285,0.466768,0.145115,1.830812,0.057503,0.004986,-0.005285,0.466768,0.145115,1.830812,0.057503,0.004986,-0.005285,0.466768,0.145115,1.830812,0.057503,0.004986,-0.168221,14.857697,4.619171,58.276550,1.830360,0.293287,,,,,,,1950,2235,2108,2670,2084,1923,,0,,,,0.06,,0.01,0.25,0.75,2.13
380,0,,0.000,0,0,-0.003893,0.480965,0.152370,1.840523,0.057115,0.205733,-0.005482,0.476454,0.148432,1.821831,0.057545,0.004040,-0.005482,0.476454,0.148432,1.821831,0.057545,0.004040,-0.005482,0.476454,0.148432,1.821831,0.057545,0.004040,-0.174500,15.166000,4.724739,57.990692,1.831726,0.237671,,,,,,,1950,2238,2109,2667,2085,1922,,0,,,,0.05,,0.01,0.28,0.72,2.06
381,0,,0.000,0,0,-0.003912,0.484611,0.154522,1.837244,0.057122,0.205733,-0.005627,0.488116,0.152377,1.811415,0.057596,0.002974,-0.005627,0.488116,0.152377,1.811415,0.057596,0.002974,-0.005627,0.488116,0.152377,1.811415,0.057596,0.002974,-0.179100,15.537216,4.850319,57.659134,1.833328,0.174931,,,,,,,1950,2242,2110,2663,2085,1921,,0,,,,0.05,,0.01,0.25,0.73,2.06
382,0,,0.000,0,0,-0.003934,0.490834,0.157317,1.831385,0.057130,0.205733,-0.005604,0.501605,0.156801,1.799658,0.057661,0.001916,-0.005604,0.501605,0.156801,1.799658,0.057661,0.001916,-0.005604,0.501605,0.156801,1.799658,0.057661,0.001916,-0.178368,15.966583,4.991127,57.284882,1.835419,0.112695,,,,,,,1950,2247,2112,2659,2085,1920,,0,,,,0.06,,0.01,0.49,0.73,2.51
383,0,,0.000,0,0,-0.003956,0.499286,0.160622,1.823457,0.057138,0.205733,-0.005426,0.516696,0.161479,1.786607,0.057747,0.001021,-0.005426,0.516696,0.161479,1.786607,0.057747,0.001021,-0.005426,0.516696,0.161479,1.786607,0.057747,0.001021,-0.172707,16.446945,5.140030,56.869446,1.838135,0.060063,,,,,,,1950,2252,2114,2654,2085,1919,,0,,,,0.05,,0.01,0.27,0.73,2.09
384,0,,0.000,0,0,-0.003974,0.509156,0.164161,1.814335,0.057148,0.205733,-0.005157,0.532983,0.166272,1.772606,0.057854,0.000472,-0.005157,0.532983,0.166272,1.772606,0.057854,0.000472,-0.005157,0.532983,0.166272,1.772606,0.057854,0.000472,-0.164146,16.965378,5.292618,56.423782,1.841545,0.027761,,,,,,,1951,2258,2115,2649,2085,1919,,0,,,,0.05,,0.01,0.24,0.71,2.09
385,0,,0.000,0,0,-0.003991,0.521626,0.168337,1.802984,0.057159,0.205733,-0.004942,0.549982,0.171067,1.758106,0.057981,0.000472,-0.004942,0.549982,0.171067,1.758106,0.057981,0.000472,-0.004942,0.549982,0.171067,1.758106,0.057981,0.000472,-0.157318,17.506470,5.445244,55.962234,1.845589,0.027761,,,,,,,1951,2264,2117,2643,2085,1919,,0,,,,0.05,,0.01,0.24,0.75,2.02
386,0,,0.000,0,0,-0.004004,0.535661,0.172778,1.790417,0.057173,0.205733,-0.004792,0.567237,0.175733,1.743444,0.058126,0.000472,-0.004792,0.567237,0.175733,1.743444,0.058126,0.000472,-0.004792,0.567237,0.175733,1.743444,0.058126,0.000472,-0.152534,18.055702,5.593742,55.495544,1.850197,0.027761,,,,,,,1951,2270,2119,2638,2085,1919,,0,,,,0.05,,0.01,0.24,0.74,2.06
387,0,,0.000,0,0,-0.004014,0.549981,0.177087,1.777776,0.057188,0.205733,-0.004668,0.584233,0.180237,1.729056,0.058283,0.000472,-0.004668,0.584233,0.180237,1.729056,0.058283,0.000472,-0.004668,0.584233,0.180237,1.729056,0.058283,0.000472,-0.148590,18.596718,5.737114,55.037567,1.855194,0.027761,,,,,,,1951,2277,2120,2633,2085,1919,,0,,,,0.05,,0.01,0.24,0.78,2.07
388,0,,0.000,0,0,-0.004023,0.566144,0.181744,1.763674,0.057206,0.205733,-0.004548,0.600427,0.184619,1.715448,0.058444,0.000506,-0.004548,0.600427,0.184619,1.715448,0.058444,0.000506,-0.004548,0.600427,0.184619,1.715448,0.058444,0.000506,-0.144768,19.112190,5.876610,54.604401,1.860321,0.029790,,,,,,,1951,2282,2122,2628,2085,1919,,0,,,,0.05,,0.01,0.24,0.75,2.05
389,0,,0.000,0,0,-0.004030,0.582631,0.186361,1.749478,0.057226,0.205733,-0.004509,0.615386,0.188813,1.702873,0.058602,0.000603,-0.004509,0.615386,0.188813,1.702873,0.058602,0.000603,-0.004509,0.615386,0.188813,1.702873,0.058602,0.000603,-0.143524,19.588341,6.010101,54.204117,1.865364,0.035488,,,,,,,1951,2288,2123,2623,2085,1919,,0,,,,0.05,,0.01,0.27,0.96,2.26
390,0,,0.000,0,0,-0.004036,0.598016,0.190619,1.736387,0.057248,0.205732,-0.004443,0.628778,0.192679,1.691405,0.058757,0.000779,-0.004443,0.628778,0.192679,1.691405,0.058757,0.000779,-0.004443,0.628778,0.192679,1.691405,0.058757,0.000779,-0.141418,20.014633,6.133148,53.839081,1.870300,0.045836,,,,,,,1951,2292,2125,2619,2085,1919,,0,,,,0.05,,0.01,0.27,0.81,2.15
391,0,,0.000,0,0,-0.004041,0.613926,0.195025,1.722943,0.057273,0.205732,-0.004214,0.640252,0.196166,1.681247,0.058904,0.001105,-0.004214,0.640252,0.196166,1.681247,0.058904,0.001105,-0.004214,0.640252,0.196166,1.681247,0.058904,0.001105,-0.134125,20.379845,6.244148,53.515762,1.874985,0.065022,,,,,,,1951,2297,2126,2615,2085,1919,,0,,,,0.05,,0.01,0.24,0.74,2.01
392,0,,0.000,0,0,-0.004045,0.628807,0.199196,1.710396,0.057300,0.205732,-0.003844,0.649406,0.199374,1.672817,0.059033,0.001538,-0.003844,0.649406,0.199374,1.672817,0.059033,0.001538,-0.003844,0.649406,0.199374,1.672817,0.059033,0.001538,-0.122368,20.671234,6.346275,53.247406,1.879074,0.090459,,,,,,,1951,2300,2127,2612,2085,1920,,0,,,,0.05,,0.01,0.27,0.73,2.06
393,0,,0.000,0,0,-0.004043,0.641500,0.202865,1.699650,0.057327,0.205732,-0.003524,0.656130,0.202267,1.666225,0.059137,0.001895,-0.003524,0.656130,0.202267,1.666225,0.059137,0.001895,-0.003524,0.656130,0.202267,1.666225,0.059137,0.001895,-0.112167,20.885254,6.438377,53.037582,1.882401,0.111452,,,,,,,1951,2302,2128,2610,2086,1920,,0,,,,0.07,,0.01,0.24,0.72,2.05
394,0,,0.000,0,0,-0.004037,0.653326,0.206502,1.689524,0.057358,0.205732,-0.003320,0.660540,0.204770,1.661428,0.059217,0.001859,-0.003320,0.660540,0.204770,1.661428,0.059217,0.001859,-0.003320,0.660540,0.204770,1.661428,0.059217,0.001859,-0.105659,21.025642,6.518044,52.884888,1.884926,0.109336,,,,,,,1951,2304,2129,2608,2086,1920,,0,,,,0.05,,0.01,0.26,0.71,2.04
395,0,,0.000,0,0,-0.004029,0.663112,0.209808,1.681013,0.057389,0.205732,-0.003202,0.662903,0.206872,1.658351,0.059274,0.001162,-0.003202,0.662903,0.206872,1.658351,0.059274,0.001162,-0.003202,0.662903,0.206872,1.658351,0.059274,0.001162,-0.101921,21.100853,6.584930,52.786942,1.886765,0.068370,,,,,,,1951,2305,2130,2607,2086,1920,,0,,,,0.08,,0.01,0.33,0.93,2.80
396,0,,0.000,0,0,-0.004019,0.670366,0.212585,1.674563,0.057419,0.205732,-0.003148,0.663661,0.208526,1.656739,0.059312,0.000472,-0.003148,0.663661,0.208526,1.656739,0.059312,0.000472,-0.003148,0.663661,0.208526,1.656739,0.059312,0.000472,-0.100204,21.124969,6.637596,52.735641,1.887955,0.027761,,,,,,,1951,2305,2130,2607,2086,1919,,0,,,,0.06,,0.01,0.33,0.95,2.89
397,0,,0.000,0,0,-0.004008,0.676062,0.215168,1.669336,0.057451,0.205732,-0.003193,0.663360,0.209703,1.656220,0.059330,0.000472,-0.003193,0.663360,0.209703,1.656220,0.059330,0.000472,-0.003193,0.663360,0.209703,1.656220,0.059330,0.000472,-0.101624,21.115410,6.675064,52.719101,1.888550,0.027761,,,,,,,1951,2305,2131,2606,2086,1919,,0,,,,0.06,,0.02,0.44,0.97,3.10
398,0,,0.000,0,0,-0.003997,0.679882,0.217318,1.665689,0.057483,0.205732,-0.003286,0.662518,0.210465,1.656450,0.059333,0.000472,-0.003286,0.662518,0.210465,1.656450,0.059333,0.000472,-0.003286,0.662518,0.210465,1.656450,0.059333,0.000472,-0.104591,21.088615,6.699303,52.726440,1.888618,0.027761,,,,,,,1951,2305,2131,2606,2086,1919,,0,,,,0.07,,0.01,0.38,0.86,2.38
399,0,,0.000,0,0,-0.003988,0.682058,0.218931,1.663503,0.057513,0.205732,-0.003323,0.661554,0.210934,1.657143,0.059325,0.001833,-0.003323,0.661554,0.210934,1.657143,0.059325,0.001833,-0.003322,0.661554,0.210934,1.657144,0.059325,0.001833,-0.105759,21.057915,6.714226,52.748520,1.888382,0.107813,,,,,,,1951,2304,2131,2607,2086,1920,,0,,,,0.05,,0.01,0.24,0.75,1.90
400,0,,0.000,0,0,-0.003979,0.683229,0.220238,1.662254,0.057544,0.205732,-0.003264,0.660783,0.211179,1.657967,0.059315,0.010776,-0.003264,0.660783,0.211179,1.657967,0.059315,0.010776,-0.003264,0.660783,0.211179,1.657967,0.059315,0.010776,-0.103905,21.033386,6.722031,52.774734,1.888046,0.633854,,,,,,,1951,2304,2131,2607,2086,1928,,0,,,,0.05,,0.01,0.24,0.72,1.94
401,0,,0.000,0,0,-0.003970,0.683632,0.221169,1.661810,0.057575,0.205732,-0.003136,0.660304,0.211287,1.658732,0.059306,0.028241,-0.003136,0.660304,0.211287,1.658732,0.059306,0.028241,-0.003136,0.660304,0.211287,1.658732,0.059306,0.028241,-0.099815,21.018135,6.725479,52.799088,1.887772,1.661262,,,,,,,1951,2304,2131,2607,2086,1943,,0,,,,0.05,,0.01,0.25,0.72,1.88
402,0,,0.000,0,0,-0.003960,0.683704,0.221764,1.661732,0.057602,0.205732,-0.003071,0.660111,0.211336,1.659378,0.059301,0.056640,-0.003071,0.660111,0.211336,1.659378,0.059301,0.056640,-0.003071,0.660111,0.211336,1.659378,0.059301,0.056640,-0.097748,21.011993,6.727043,52.819641,1.887619,3.331738,,,,,,,1951,2304,2131,2608,2086,1967,,0,,,,0.05,,0.01,0.24,0.74,1.90
403,0,,0.000,0,0,-0.003949,0.683744,0.222173,1.661695,0.057631,0.205732,-0.003117,0.660135,0.211384,1.659910,0.059298,0.097395,-0.003117,0.660135,0.211384,1.659910,0.059298,0.097395,-0.003117,0.660135,0.211384,1.659910,0.059298,0.097395,-0.099220,21.012733,6.728554,52.836578,1.887497,5.729124,,,,,,,1951,2304,2131,2608,2086,2002,,0,,,,0.05,,0.01,0.24,0.78,1.96
404,0,,0.000,0,0,-0.003938,0.683783,0.222433,1.661668,0.057659,0.205732,-0.003196,0.660343,0.211395,1.660237,0.059293,0.150627,-0.003196,0.660343,0.211395,1.660237,0.059293,0.150627,-0.003196,0.660343,0.211395,1.660237,0.059293,0.150627,-0.101730,21.019363,6.728912,52.846985,1.887344,8.860382,,,,,,,1951,2304,2131,2608,2086,2048,,0,,,,0.05,,0.01,0.25,0.80,1.98
405,0,,0.000,0,0,-0.003928,0.683821,0.222587,1.661649,0.057686,0.205748,-0.003148,0.660752,0.211277,1.660233,0.059291,0.215195,-0.003148,0.660752,0.211277,1.660233,0.059291,0.215195,-0.003148,0.660752,0.211277,1.660233,0.059291,0.215195,-0.100204,21.032394,6.725166,52.846863,1.887283,12.658506,,,,,,,1951,2304,2131,2608,2086,2104,,0,,,,0.05,,0.01,0.24,0.82,2.38
406,0,,0.000,0,0,-0.003920,0.683847,0.222658,1.661630,0.057713,0.207246,-0.002990,0.661360,0.210998,1.659876,0.059294,0.288896,-0.002990,0.661360,0.210998,1.659876,0.059294,0.288896,-0.002990,0.661360,0.210998,1.659876,0.059294,0.288896,-0.095161,21.051727,6.716286,52.835480,1.887367,16.993856,,,,,,,1951,2304,2131,2608,2086,2167,,0,,,,0.05,,0.01,0.24,0.68,1.76
407,0,,0.000,0,0,-0.003913,0.683851,0.222687,1.661606,0.057740,0.222910,-0.002802,0.662054,0.210649,1.659371,0.059300,0.368836,-0.002802,0.662054,0.210649,1.659371,0.059300,0.368836,-0.002802,0.662054,0.210649,1.659371,0.059300,0.368836,-0.089188,21.073830,6.705162,52.819412,1.887573,21.696217,,,,,,,1951,2304,2131,2608,2086,2236,,0,,,,0.05,,0.01,0.23,0.66,1.67
408,0,,0.000,0,0,-0.003901,0.683860,0.222697,1.661575,0.057765,0.256330,-0.002653,0.662710,0.210320,1.658935,0.059309,0.451688,-0.002653,0.662710,0.210320,1.658935,0.059309,0.451688,-0.002653,0.662710,0.210320,1.658935,0.059309,0.451688,-0.084457,21.094704,6.694687,52.805557,1.887871,26.569897,,,,,,,1951,2305,2131,2607,2086,2307,,0,,,,0.05,,0.01,0.24,0.66,1.72
409,0,,0.000,0,0,-0.003887,0.683879,0.222703,1.661536,0.057792,0.310206,-0.002572,0.663267,0.210023,1.658630,0.059323,0.533848,-0.002572,0.663267,0.210023,1.658630,0.059323,0.533848,-0.002572,0.663267,0.210023,1.658630,0.059323,0.533848,-0.081871,21.112427,6.685234,52.795837,1.888298,31.402800,,,,,,,1951,2305,2131,2607,2086,2378,,0,,,,0.05,,0.01,0.24,0.69,1.75
410,0,,0.000,0,0,-0.003871,0.683906,0.222703,1.661491,0.057817,0.376809,-0.002598,0.663753,0.209730,1.658378,0.059336,0.611695,-0.002598,0.663753,0.209730,1.658378,0.059336,0.611695,-0.002598,0.663753,0.209730,1.658378,0.059336,0.611695,-0.082695,21.127914,6.675926,52.787811,1.888741,35.982033,,,,,,,1951,2305,2131,2607,2086,2445,,0,,,,0.05,,0.01,0.24,0.64,1.69
411,0,,0.000,0,0,-0.003855,0.683937,0.222700,1.661445,0.057842,0.445723,-0.002695,0.664210,0.209446,1.658097,0.059348,0.681931,-0.002695,0.664210,0.209446,1.658097,0.059348,0.681931,-0.002695,0.664210,0.209446,1.658097,0.059348,0.681931,-0.085777,21.142448,6.666885,52.778854,1.889107,40.113564,,,,,,,1951,2305,2131,2607,2086,2505,,0,,,,0.05,,0.01,0.23,0.63,1.69
412,0,,0.000,0,0,-0.003840,0.683977,0.222691,1.661392,0.057867,0.521212,-0.002804,0.664654,0.209201,1.657764,0.059356,0.741879,-0.002804,0.664654,0.209201,1.657764,0.059356,0.741879,-0.002804,0.664654,0.209201,1.657764,0.059356,0.741879,-0.089249,21.156586,6.659081,52.768265,1.889351,43.639938,,,,,,,1951,2305,2130,2607,2086,2557,,0,,,,0.05,,0.01,0.24,0.82,1.97
413,0,,0.000,0,0,-0.003825,0.684022,0.222678,1.661336,0.057893,0.593770,-0.002904,0.665086,0.209053,1.657403,0.059361,0.789722,-0.002904,0.665086,0.209053,1.657403,0.059361,0.789722,-0.002904,0.665086,0.209053,1.657403,0.059361,0.789722,-0.092453,21.170334,6.654358,52.756790,1.889511,46.454231,,,,,,,1951,2305,2130,2607,2086,2598,,0,,,,0.07,,0.02,0.26,0.64,1.73
414,0,,0.000,0,0,-0.003813,0.684069,0.222664,1.661278,0.057916,0.656248,-0.003042,0.665496,0.208988,1.657021,0.059364,0.824848,-0.003042,0.665496,0.208988,1.657021,0.059364,0.824848,-0.003042,0.665496,0.208988,1.657021,0.059364,0.824848,-0.096840,21.183395,6.652306,52.744598,1.889610,48.520489,,,,,,,1951,2306,2130,2607,2086,2628,,0,,,,0.05,,0.01,0.23,0.63,1.64
415,0,,0.000,0,0,-0.003802,0.684163,0.222648,1.661159,0.057941,0.714398,-0.003232,0.665855,0.208958,1.656666,0.059366,0.847901,-0.003232,0.665855,0.208958,1.656666,0.059366,0.847901,-0.003232,0.665855,0.208958,1.656666,0.059366,0.847901,-0.102859,21.194824,6.651352,52.733307,1.889679,49.876499,,,,,,,1951,2306,2130,2607,2086,2648,,0,,,,0.05,,0.01,10.75,1.08,12.93
416,0,,0.000,0,0,-0.003793,0.684325,0.222631,1.660961,0.057966,0.761928,-0.003444,0.666116,0.208940,1.656432,0.059364,0.860558,-0.003444,0.666116,0.208940,1.656432,0.059364,0.860558,-0.003444,0.666116,0.208940,1.656432,0.059364,0.860558,-0.109619,21.203140,6.650757,52.725861,1.889610,50.621056,,,,,,,1951,2306,2130,2606,2086,2659,,0,,,,0.06,,0.01,0.29,0.77,1.93
417,0,,0.000,0,0,-0.003787,0.684520,0.222615,1.660740,0.057988,0.796446,-0.003672,0.666271,0.208918,1.656378,0.059355,0.865337,-0.003672,0.666271,0.208918,1.656378,0.059355,0.865337,-0.003672,0.666271,0.208918,1.656378,0.059355,0.865337,-0.116882,21.208061,6.650070,52.724152,1.889328,50.902153,,,,,,,1951,2306,2130,2606,2086,2663,,0,,,,0.06,,0.01,0.27,0.79,2.00
418,0,,0.000,0,0,-0.003784,0.684736,0.222597,1.660527,0.058011,0.822833,-0.003942,0.666385,0.208844,1.656480,0.059337,0.865176,-0.003942,0.666385,0.208844,1.656480,0.059337,0.865176,-0.003942,0.666385,0.208844,1.656479,0.059337,0.865176,-0.125481,21.211693,6.647705,52.727371,1.888748,50.892704,,,,,,,1951,2306,2130,2606,2086,2663,,0,,,,0.06,,0.01,0.26,0.75,1.90
419,0,,0.000,0,0,-0.003785,0.684932,0.222579,1.660393,0.058034,0.839899,-0.004225,0.666562,0.208710,1.656707,0.059314,0.862876,-0.004225,0.666562,0.208710,1.656707,0.059314,0.862876,-0.004225,0.666562,0.208710,1.656707,0.059314,0.862876,-0.134483,21.217331,6.643463,52.734604,1.888039,50.757420,,,,,,,1951,2306,2130,2607,2086,2661,,0,,,,0.05,,0.01,0.25,0.69,1.74
420,0,,0.000,0,0,-0.003789,0.685104,0.222561,1.660329,0.058055,0.849270,-0.004496,0.666921,0.208504,1.656978,0.059292,0.860441,-0.004496,0.666921,0.208504,1.656978,0.059292,0.860441,-0.004496,0.666921,0.208504,1.656978,0.059292,0.860441,-0.143105,21.228767,6.636902,52.743240,1.887306,50.614201,,,,,,,1951,2306,2130,2607,2086,2659,,0,,,,0.05,,0.01,0.24,0.67,1.78
421,0,,0.000,0,0,-0.003797,0.685317,0.222539,1.660274,0.058076,0.854268,-0.004769,0.667545,0.208181,1.657178,0.059271,0.858894,-0.004769,0.667545,0.208181,1.657178,0.059271,0.858894,-0.004769,0.667545,0.208181,1.657178,0.059271,0.858894,-0.151810,21.248627,6.626602,52.749603,1.886658,50.523174,,,,,,,1951,2306,2130,2607,2086,2658,,0,,,,0.05,,0.01,0.24,0.71,1.80
422,0,,0.000,0,0,-0.003809,0.685622,0.222512,1.660224,0.058096,0.856240,-0.005067,0.668409,0.207678,1.657248,0.059252,0.858449,-0.005067,0.668409,0.207678,1.657248,0.059252,0.858449,-0.005067,0.668409,0.207678,1.657248,0.059252,0.858449,-0.161293,21.276115,6.610611,52.751846,1.886055,50.496983,,,,,,,1951,2307,2130,2607,2086,2657,,0,,,,0.05,,0.01,0.24,0.64,1.68
423,0,,0.000,0,0,-0.003824,0.686041,0.222481,1.660179,0.058115,0.856778,-0.005349,0.669243,0.206965,1.657405,0.059233,0.858854,-0.005349,0.669243,0.206965,1.657405,0.059233,0.858854,-0.005349,0.669243,0.206965,1.657405,0.059233,0.858854,-0.170265,21.302650,6.587914,52.756821,1.885460,50.520813,,,,,,,1950,2307,2130,2607,2086,2658,,0,,,,0.06,,0.01,0.26,0.66,1.90
424,0,,0.000,0,0,-0.003842,0.686628,0.222437,1.660135,0.058134,0.856928,-0.005577,0.669523,0.205928,1.658089,0.059206,0.859692,-0.005577,0.669523,0.205928,1.658089,0.059206,0.859692,-0.005577,0.669523,0.205928,1.658089,0.059206,0.859692,-0.177513,21.311592,6.554878,52.778625,1.884590,50.570129,,,,,,,1950,2307,2129,2607,2086,2658,,0,,,,0.05,,0.01,0.28,0.64,1.77
425,0,,0.000,0,0,-0.003864,0.687216,0.222379,1.660101,0.058152,0.857141,-0.005724,0.668528,0.204321,1.659906,0.059156,0.860546,-0.005724,0.668528,0.204321,1.659906,0.059156,0.860546,-0.005724,0.668528,0.204321,1.659906,0.059156,0.860546,-0.182213,21.279922,6.503723,52.836441,1.882996,50.620365,,,,,,,1950,2307,2129,2608,2086,2659,,0,,,,0.05,,0.01,0.28,0.69,1.77
426,0,,0.000,0,0,-0.003887,0.687510,0.222073,1.660094,0.058168,0.857524,-0.005804,0.665455,0.201835,1.663514,0.059072,0.861139,-0.005804,0.665455,0.201835,1.663514,0.059072,0.861139,-0.005804,0.665455,0.201835,1.663514,0.059072,0.861139,-0.184738,21.182098,6.424591,52.951294,1.880325,50.655258,,,,,,,1950,2306,2128,2609,2085,2660,,0,,,,0.05,,0.01,0.25,0.79,1.87
427,0,,0.000,0,0,-0.003912,0.687555,0.221172,1.660141,0.058184,0.858057,-0.005836,0.659535,0.198172,1.669566,0.058947,0.861337,-0.005836,0.659535,0.198172,1.669566,0.058947,0.861337,-0.005836,0.659535,0.198172,1.669566,0.058947,0.861337,-0.185753,20.993652,6.308006,53.143936,1.876358,50.666893,,,,,,,1950,2303,2127,2611,2085,2660,,0,,,,0.05,,0.01,0.24,0.65,1.82
428,0,,0.000,0,0,-0.003937,0.687287,0.219493,1.661307,0.058198,0.858561,-0.005850,0.650155,0.193115,1.678571,0.058777,0.861163,-0.005850,0.650155,0.193115,1.678571,0.058777,0.861163,-0.005851,0.650155,0.193115,1.678571,0.058777,0.861163,-0.186226,20.695076,6.147026,53.430573,1.870941,50.656639,,,,,,,1950,2300,2125,2615,2085,2660,,0,,,,0.05,,0.01,0.27,0.66,1.74
429,0,,0.000,0,0,-0.003960,0.685449,0.217065,1.664412,0.058208,0.858884,-0.005848,0.636955,0.186576,1.690799,0.058558,0.860751,-0.005848,0.636955,0.186576,1.690799,0.058558,0.860751,-0.005848,0.636955,0.186576,1.690799,0.058558,0.860751,-0.186165,20.274902,5.938911,53.819824,1.863945,50.632404,,,,,,,1950,2295,2122,2619,2085,2659,,0,,,,0.05,,0.01,0.24,0.63,1.68
430,0,,0.000,0,0,-0.003985,0.680530,0.213338,1.670469,0.058214,0.859003,-0.005810,0.619832,0.178606,1.706282,0.058290,0.860278,-0.005810,0.619832,0.178606,1.706282,0.058290,0.860278,-0.005810,0.619832,0.178606,1.706282,0.058290,0.860278,-0.184952,19.729866,5.685196,54.312637,1.855431,50.604584,,,,,,,1950,2289,2120,2625,2085,2659,,0,,,,0.05,,0.01,0.23,0.68,1.74
