{"_runtime":2013,"_timestamp":1.7660129074785378e+09,"exploration/sigma_mean":0.49480587244033813,"reward/batch_min":-2697.5892709320456,"_wandb":{"runtime":2013},"_wandb.runtime":81,"batch":2,"episodes_total":40,"loss/policy":1.3930480480194092,"_step":11,"time/per_episode":4.9016865491867065,"reward/batch_max":-979.4952020200005,"reward/batch_avg":-1660.5538363485696,"time/batch_seconds":98.03373098373413}