{"gradients/policy_clipped":1,"critic/return_mean":-64.86626434326172,"loss/critic":85.32803344726562,"reward/grasp_rate":0.026,"gradients/critic_clipped":1,"ppo/ratio_min":0.13739939033985138,"advantage/std":0.6428017616271973,"logprob/new_mean":-6097.4560546875,"loss/policy":2.047546148300171,"logprob/drift":1.185546875,"reward/batch_avg":-8.49426095168162,"advantage/max":2.1976771354675293,"reward/grasp_count_max":13,"reward/height_align_count_max":16,"_timestamp":1.7678744928256865e+09,"reward/contact_count_max":41,"actions/std":0.8043531179428101,"critic/value_min":-77.09345245361328,"training/learning_rate":3.0000000000000004e-07,"ppo/ratio_std":9.065997123718262,"loss/entropy":0,"critic/value_mean":-57.01376724243164,"reward/contact_rate":0.128,"reward/batch_min":-16.35596369894669,"reward/grasp_count_avg":3.9,"training/sigma_max":0.5,"reward/height_align_count_avg":13.7,"advantage/min":-1.5968220233917236,"reward/contact_count_avg":19.2,"batch":2000,"logprob/old_mean":-6098.6416015625,"reward/sustained_contact_rate":0.06933333333333333,"critic/value_std":15.283595085144043,"gradients/critic_norm":240.9749755859375,"_step":3114,"training/kl_divergence":6.8355913162231445,"reward/positive_fraction":0.13333334028720856,"reward/height_align_rate":0.09133333333333334,"actions/saturation_high":0.47066664695739746,"advantage/mean":-0.3005537688732147,"actions/mean":0.3394917845726013,"training/sigma_min":0.25,"reward/batch_max":-2.2070141948177024,"training/clip_fraction":1,"critic/explained_variance":0.28772783279418945,"ppo/ratio_mean":9.020954132080078,"reward/sustained_count_max":32,"training/effective_batch_size":120,"_wandb.runtime":9095,"critic/value_max":-40.94160461425781,"episodes_total":21650,"logprob/per_dimension":-20.324853515625,"critic/return_std":20.573217391967773,"_runtime":44895,"ppo/ratio_max":22.871299743652344,"reward/std":3.373359441757202,"reward/sustained_count_avg":10.4,"time/batch_seconds":3.994962692260742,"gradients/policy_norm":2936.2919921875,"actions/saturation_low":0.18699999153614044,"_wandb":{"runtime":44895}}