{"loss/policy":0.33948952304199337,"_wandb":{"runtime":1456},"training/sigma_min":0.08,"reward/batch_avg":-64.1558485665075,"episodes_total":730,"reward/batch_min":-77.5476519514064,"reward/batch_max":-38.4738703106245,"training/value_mean":-160.09463500976562,"training/learning_rate":4.988880911453033e-06,"loss/entropy":0,"training/clip_fraction":1,"training/kl_divergence":9.26058653332293,"time/batch_seconds":21.72996211051941,"training/sigma_max":0.16,"loss/critic":9236.707836914062,"_runtime":1456,"batch":73,"training/effective_batch_size":120,"_timestamp":1.7673426588885343e+09,"training/advantage_mean":0.022685667499899864,"_step":72}