{"reward/batch_avg":-742.7269482752247,"reward/batch_max":-108.93738533971839,"batch":4,"_step":2567,"_wandb":{"runtime":61036},"reward/batch_min":-1171.4980752386123,"_timestamp":1.76591362933845e+09,"exploration/sigma_mean":0.4935656487941742,"_runtime":61036,"loss/policy":6.158102035522461,"episodes_total":40,"time/batch_seconds":23.7939293384552,"time/per_episode":2.37939293384552,"_wandb.runtime":18034}