{"_timestamp":1.766030683172903e+09,"reward/batch_max":-13.984004059450177,"_step":237,"batch":59,"episodes_total":590,"exploration/sigma_mean":0.5145997405052185,"loss/policy":1.583733320236206,"_runtime":5859,"_wandb.runtime":4384,"_wandb":{"runtime":5859},"reward/batch_min":-17.927447434279426,"time/batch_seconds":24.253275632858276,"time/per_episode":2.4253275632858275,"reward/batch_avg":-15.834398481071712}