{"loss/policy":-5.719663619995117,"_wandb":{"runtime":861},"exploration/sigma_mean":0.4906061589717865,"reward/batch_avg":-661.8549715068178,"time/batch_seconds":24.263834476470947,"_timestamp":1.765784389547503e+09,"time/per_episode":2.426383447647095,"episodes_total":340,"_step":33,"_runtime":861,"reward/batch_min":-916.2110100577559,"reward/batch_max":-424.2628039091603,"batch":34}