{"reward/batch_max":-10.74244387202543,"_wandb":{"runtime":1524},"reward/batch_avg":-14.070224736126718,"batch":60,"time/per_episode":2.4641225337982178,"exploration/sigma_mean":0.4974662661552429,"_step":59,"reward/batch_min":-15.912615523795138,"loss/policy":-5.260017395019531,"time/batch_seconds":24.641225337982178,"episodes_total":600,"_runtime":1524,"_timestamp":1.7660338788557165e+09}