{"training/clip_fraction":1,"loss/critic":33.39046859741211,"loss/entropy":-247.2637176513672,"_step":1499,"_wandb":{"runtime":5019},"training/value_mean":-44.26531219482422,"training/advantage_mean":1.9868215517249155e-08,"reward/batch_min":-40.02286763290786,"batch":1500,"loss/policy":14863.553702116013,"_runtime":5019,"training/sigma_max":0.11204923076923078,"reward/batch_max":-39.44926730940843,"reward/batch_avg":-39.736067471158144,"training/learning_rate":3.0000000000000004e-07,"time/batch_seconds":3.1067585945129395,"episodes_total":3000,"training/kl_divergence":13584.76171875,"_timestamp":1.7669834124480653e+09,"training/sigma_min":0.08}