{"loss/entropy":-188.3063507080078,"reward/batch_min":-48.515170673333486,"loss/policy":1.8829492330551147,"_wandb":{"runtime":33},"time/batch_seconds":3.765996217727661,"episodes_total":14,"training/clip_fraction":1,"loss/critic":374.87860107421875,"training/value_mean":-65.64876556396484,"training/sigma_min":0.08,"_step":6,"_runtime":33,"reward/batch_max":-45.976645296559106,"training/sigma_max":0.16,"training/learning_rate":2.9998549194139445e-06,"_timestamp":1.7669724234672992e+09,"training/kl_divergence":1.3880314826965332,"reward/batch_avg":-47.2459079849463,"training/advantage_mean":9.934107758624577e-09,"batch":7}