{"reward/batch_avg":-50.7561277076971,"training/effective_batch_size":120,"advantage/mean":-0.005957767367362976,"_runtime":4420,"actions/saturation_high":0.4216666519641876,"actions/mean":0.2751782238483429,"reward/height_align_count_avg":59.7,"logprob/new_mean":-14676.5087890625,"reward/contact_rate":0,"loss/entropy":0,"training/sigma_max":0.5,"actions/saturation_low":0.12133333086967468,"reward/std":5.813560962677002,"critic/value_std":102.52709197998047,"reward/positive_fraction":0,"reward/sustained_count_max":0,"logprob/per_dimension":-48.921695963541666,"loss/critic":3180.498779296875,"reward/contact_count_avg":0,"logprob/old_mean":-14675.845703125,"ppo/ratio_min":0.01856776885688305,"actions/std":0.7774457335472107,"critic/value_mean":-301.2440185546875,"advantage/max":3.1499295234680176,"batch":1165,"ppo/ratio_mean":1.114664077758789,"training/learning_rate":1.312617500800074e-06,"gradients/policy_norm":712.9508666992188,"logprob/drift":-0.6630859375,"reward/contact_count_max":0,"reward/height_align_rate":0.398,"reward/batch_max":-33.041202040903464,"reward/batch_min":-66.66345670307723,"loss/policy":0.48313188552856445,"ppo/ratio_std":1.0594512224197388,"reward/sustained_count_avg":0,"gradients/policy_clipped":1,"reward/height_align_count_max":97,"reward/sustained_contact_rate":0,"advantage/min":-1.5614585876464844,"critic/return_mean":-314.0760498046875,"gradients/critic_clipped":1,"critic/explained_variance":0.6439903974533081,"time/batch_seconds":2.5844926834106445,"training/kl_divergence":0.7771396040916443,"_step":1164,"critic/value_max":-167.99160766601562,"ppo/ratio_max":3.1563429832458496,"training/clip_fraction":0.75,"_wandb":{"runtime":4420},"reward/grasp_rate":0,"_timestamp":1.7679116383081243e+09,"critic/return_std":136.2736358642578,"advantage/std":1.0349624156951904,"reward/grasp_count_avg":0,"episodes_total":11650,"reward/grasp_count_max":0,"training/sigma_min":0.25,"critic/value_min":-430.75048828125,"gradients/critic_norm":1816.61083984375}