{"time/per_episode":3.2422297954559327,"loss/policy":-3.172358989715576,"_wandb":{"runtime":2058},"episodes_total":10,"reward/batch_avg":-730.7353807045172,"time/batch_seconds":32.422297954559326,"_timestamp":1.7660136941501224e+09,"reward/batch_min":-1373.7696046804442,"batch":1,"reward/batch_max":-257.939748710253,"_runtime":2058,"_step":12,"_wandb.runtime":81,"exploration/sigma_mean":0.49530085921287537}