{"batch":2000,"logprob/old_mean":-1568.6260986328125,"critic/return_std":107.54401397705078,"reward/height_align_count_avg":10.9,"reward/contact_count_max":0,"critic/return_mean":-20903.23046875,"loss/entropy":0,"loss/policy":0.3703584671020508,"reward/sustained_contact_rate":0,"episodes_total":21940,"training/effective_batch_size":120,"training/clip_fraction":1,"reward/positive_fraction":0,"actions/std":0.8276498913764954,"critic/explained_variance":-1.4010274410247803,"_timestamp":1.7753892558869483e+09,"reward/grasp_count_max":0,"training/learning_rate":1e-07,"_wandb.runtime":4103,"actions/saturation_high":0.2616666555404663,"training/kl_divergence":0.25559383630752563,"reward/std":4.059851169586182,"advantage/min":-1.5260883569717407,"gradients/policy_norm":136.38389587402344,"reward/batch_min":-77.51647202279514,"critic/value_mean":-20918.140625,"training/sigma_max":0.5,"ppo/ratio_std":0.6354683637619019,"critic/value_min":-21163.873046875,"gradients/policy_clipped":1,"loss/critic":20767.072265625,"reward/sustained_count_avg":0,"advantage/mean":-0.11981916427612305,"logprob/per_dimension":-5.2300118001302085,"critic/value_max":-20746.65625,"advantage/std":1.304172158241272,"_wandb":{"runtime":16388},"logprob/drift":-0.37744140625,"reward/sustained_count_max":0,"reward/grasp_rate":0,"_runtime":16388,"actions/saturation_low":0.27000001072883606,"reward/batch_avg":-75.05533935990641,"reward/grasp_count_avg":0,"_step":2192,"ppo/ratio_min":0.26885083317756653,"training/sigma_min":0.25,"reward/batch_max":-73.62627054466157,"reward/height_align_rate":0.07266666666666667,"gradients/critic_norm":73331.1875,"advantage/max":2.6054608821868896,"gradients/critic_clipped":1,"reward/contact_rate":0,"ppo/ratio_mean":0.8781982064247131,"actions/mean":0.14486639201641083,"reward/height_align_count_max":21,"logprob/new_mean":-1569.0035400390625,"critic/value_std":104.3459243774414,"reward/contact_count_avg":0,"ppo/ratio_max":1.9200356006622314,"time/batch_seconds":4.195468187332153}