{"_runtime":3496,"_timestamp":1.7669511393459866e+09,"time/per_episode":2.414335918426514,"_wandb":{"runtime":3496},"reward/batch_max":-10.469640571984426,"exploration/sigma_mean":0.49658203125,"batch":4,"_step":143,"reward/batch_avg":-15.47332106689446,"time/batch_seconds":24.143359184265137,"episodes_total":40,"_wandb.runtime":3391,"loss/policy":167.75425720214844,"reward/baseline":-4.147369254589081,"reward/batch_min":-19.45217417264791}