{"training/sigma_min":0.08,"batch":173,"training/value_mean":-61.203369140625,"_timestamp":1.7669604125413847e+09,"reward/batch_max":-42.1101149488437,"reward/batch_avg":-42.48548003963493,"loss/policy":6.635038375854492,"episodes_total":346,"reward/batch_min":-42.860845130426156,"_runtime":650,"loss/critic":123.2381820678711,"time/batch_seconds":3.7976596355438232,"_wandb":{"runtime":650},"loss/entropy":-221.27777099609375,"training/learning_rate":2.912349035989461e-05,"training/clip_fraction":1,"training/kl_divergence":0,"training/advantage_mean":5.960464477539063e-08,"training/sigma_max":0.16,"_step":172}