{"actions/saturation_high":0.16699999570846558,"loss/entropy":0,"advantage/mean":-0.14080071449279785,"reward/sustained_count_max":10,"critic/return_std":69.61273956298828,"reward/grasp_count_avg":0,"training/sigma_max":0.5,"critic/return_mean":-171.1825408935547,"loss/policy":-0.008825595304369927,"episodes_total":1980,"reward/std":4.658288478851318,"reward/sustained_contact_rate":0.008,"logprob/new_mean":-1036.701416015625,"advantage/min":-2.2957661151885986,"reward/contact_count_max":18,"logprob/per_dimension":-3.45567138671875,"logprob/drift":-0.0281982421875,"critic/value_min":-212.73947143554688,"loss/critic":1395.2562881469726,"reward/batch_min":-41.6034166557721,"_timestamp":1.7679055755767276e+09,"reward/positive_fraction":0,"advantage/std":0.9901296496391296,"actions/saturation_low":0.061666667461395264,"critic/explained_variance":0.5913113951683044,"critic/value_std":71.44871520996094,"reward/batch_avg":-29.780881548188482,"actions/std":0.6313362121582031,"reward/grasp_rate":0,"gradients/policy_clipped":1,"training/effective_batch_size":120,"reward/contact_rate":0.030666666666666665,"_runtime":2057,"_wandb":{"runtime":2057},"gradients/critic_clipped":1,"reward/sustained_count_avg":1.2,"advantage/max":1.8574960231781006,"_step":197,"reward/height_align_rate":0.43066666666666664,"ppo/ratio_min":0.6529403328895569,"ppo/ratio_mean":1.012006163597107,"reward/contact_count_avg":4.6,"batch":198,"reward/height_align_count_avg":64.6,"training/kl_divergence":0.04506811648607254,"time/batch_seconds":11.758851289749146,"critic/value_mean":-143.12652587890625,"reward/height_align_count_max":84,"ppo/ratio_std":0.3057308495044708,"critic/value_max":-34.09410858154297,"gradients/policy_norm":11.532922744750977,"ppo/ratio_max":1.3635050058364868,"reward/batch_max":-19.867150371413608,"logprob/old_mean":-1036.6732177734375,"reward/grasp_count_max":0,"training/clip_fraction":0.6666666865348816,"actions/mean":0.19584861397743225,"training/sigma_min":0.25,"training/learning_rate":2.940976798268235e-06,"gradients/critic_norm":2691.839599609375}