{"_step":270,"_wandb":{"runtime":6604},"reward/baseline":-3.8645031389924487,"time/per_episode":2.443697476387024,"time/batch_seconds":24.43697476387024,"reward/batch_avg":-15.301190693490975,"loss/policy":-899.6520385742188,"batch":271,"reward/batch_min":-19.150106608132372,"exploration/sigma_mean":0.4968162178993225,"_runtime":6604,"reward/batch_max":-12.253611876156024,"episodes_total":2710,"_timestamp":1.766957766010866e+09}