{
  "observation.state": {
    "mean": [
      -0.16316337883472443,
      0.6175172328948975,
      -0.7646235823631287,
      1.5474885702133179,
      0.004451896995306015,
      0.28655916452407837
    ],
    "std": [
      0.17179103195667267,
      0.9663519263267517,
      1.1356769800186157,
      0.15799802541732788,
      0.787073016166687,
      0.24322199821472168
    ],
    "min": [
      -0.47702452540397644,
      -1.7612683773040771,
      -1.7017449140548706,
      1.1298511028289795,
      -0.3979322612285614,
      -0.046396832913160324
    ],
    "max": [
      0.12027373909950256,
      1.3892557621002197,
      1.5884889364242554,
      1.6758500337600708,
      1.8153777122497559,
      0.6401933431625366
    ]
  },
  "action": {
    "mean": [
      -0.15945878624916077,
      0.7980052828788757,
      -0.8980828523635864,
      1.567832112312317,
      0.046460457146167755,
      0.2871417999267578
    ],
    "std": [
      0.19403953850269318,
      0.8860427141189575,
      1.0418267250061035,
      0.1255866140127182,
      0.8508623242378235,
      0.24539147317409515
    ],
    "min": [
      -0.42688047885894775,
      -1.7453292608261108,
      -1.690000057220459,
      1.3155418634414673,
      -0.39269909262657166,
      0.0
    ],
    "max": [
      0.14229348301887512,
      1.7453292608261108,
      1.690000057220459,
      1.6580626964569092,
      1.73508882522583,
      0.5712366104125977
    ]
  }
}