{"loss/policy":-2.806002616882324,"episodes_total":60,"batch":6,"reward/batch_min":-1269.1946789150716,"_wandb.runtime":18034,"_wandb":{"runtime":60918},"_runtime":60918,"reward/batch_max":-272.55161783837514,"time/per_episode":2.357115960121155,"exploration/sigma_mean":0.5108404755592346,"reward/batch_avg":-653.2270257488165,"time/batch_seconds":23.571159601211548,"_step":2563,"_timestamp":1.76591345117433e+09}