{"loss/entropy":0,"critic/value_std":155.0404815673828,"training/learning_rate":4.94526897440549e-07,"gradients/policy_norm":234.10305786132812,"reward/std":7.131174087524414,"reward/batch_avg":-73.9324212551833,"training/clip_fraction":1,"gradients/policy_clipped":1,"batch":150,"advantage/max":2.4395735263824463,"ppo/ratio_std":0.8909170627593994,"_runtime":3433,"ppo/ratio_mean":1.3374813795089722,"critic/return_std":181.1994171142578,"episodes_total":1500,"critic/value_max":-175.39974975585938,"_timestamp":1.7675795824675696e+09,"critic/return_mean":-484.0767822265625,"_wandb":{"runtime":3433},"ppo/ratio_min":0.031289346516132355,"logprob/new_mean":1074.0438232421875,"advantage/min":-1.509535551071167,"critic/value_mean":-396.484619140625,"_step":149,"actions/std":0.824102520942688,"actions/saturation_low":0.1899999976158142,"training/sigma_max":0.16,"advantage/std":0.6469187140464783,"time/batch_seconds":25.167336463928223,"loss/policy":0.2199268632568419,"reward/batch_min":-85.46606044673237,"logprob/old_mean":1074.300537109375,"actions/mean":0.011089451611042023,"loss/critic":7857.937890625,"gradients/critic_norm":12075.3544921875,"reward/positive_fraction":0,"critic/explained_variance":0.6270259022712708,"actions/saturation_high":0.21899999678134918,"training/kl_divergence":0.8638396779075265,"ppo/ratio_max":2.630150556564331,"advantage/mean":-0.3053785562515259,"training/sigma_min":0.08,"training/effective_batch_size":120,"logprob/drift":-0.2567138671875,"gradients/critic_clipped":1,"logprob/per_dimension":3.5801460774739584,"reward/batch_max":-56.38795889173691,"critic/value_min":-546.611572265625}