{"time/per_episode":1.9800231774648032,"batch":1090,"_wandb":{"runtime":32222},"_runtime":32222,"loss/policy":-0.12970386445522308,"episodes_total":16350,"reward/batch_max":-12.204096574985458,"time/batch_seconds":29.700347661972046,"reward/batch_avg":-225.22677241004638,"_step":1089,"_timestamp":1.7658177910158758e+09,"reward/batch_min":-462.988043717005,"exploration/sigma_mean":7.9799981117248535}