{"reward/batch_avg":-174.62163072366621,"_runtime":3568,"batch":596,"training/kl_divergence":103.22635269165039,"time/batch_seconds":4.2525293827056885,"_timestamp":1.767240801083708e+09,"training/sigma_max":0.16,"_wandb":{"runtime":3568},"training/sigma_min":0.08,"reward/batch_min":-174.73410626393,"loss/critic":1212.0335693359375,"episodes_total":1192,"_step":595,"training/learning_rate":4.961903319784625e-06,"loss/policy":0.13849937667449316,"training/advantage_mean":1.4901161193847656e-08,"loss/entropy":0,"training/effective_batch_size":120,"reward/batch_max":-174.5091551834024,"training/clip_fraction":1,"training/value_mean":-234.39047241210938}