{"training/advantage_mean":1.9868215517249155e-08,"loss/policy":1.948757529258728,"batch":3,"training/clip_fraction":1,"reward/batch_avg":-44.76990626854838,"training/kl_divergence":0.14281074702739716,"training/sigma_min":0.08,"_wandb":{"runtime":19},"_runtime":19,"reward/batch_min":-46.59380115239794,"reward/batch_max":-42.946011384698835,"loss/critic":277.6591796875,"training/value_mean":-63.71816635131836,"episodes_total":6,"loss/entropy":-194.8790740966797,"_step":2,"training/sigma_max":0.16,"training/learning_rate":2.999973352155785e-07,"_timestamp":1.7669746164088051e+09,"time/batch_seconds":3.7414615154266357}