{"reward/batch_min":-75.53646593988692,"_runtime":1427,"loss/critic":4897.68843383789,"training/sigma_max":0.16,"training/clip_fraction":1,"training/sigma_min":0.08,"batch":40,"_step":39,"training/advantage_mean":-0.30496537685394287,"_timestamp":1.7673458428138142e+09,"training/value_mean":-177.97164916992188,"time/batch_seconds":35.44916486740112,"reward/batch_max":-19.418278847671072,"training/learning_rate":4.997477056964996e-07,"training/kl_divergence":0.2523373186122626,"reward/batch_avg":-45.738260503849155,"episodes_total":400,"_wandb":{"runtime":1427},"training/effective_batch_size":120,"loss/entropy":0,"loss/policy":0.1616379329643678}