monotonic,measured_shoulder_pan,measured_shoulder_lift,measured_elbow_flex,measured_wrist_flex,measured_wrist_roll,measured_gripper,target_shoulder_pan,target_shoulder_lift,target_elbow_flex,target_wrist_flex,target_wrist_roll,target_gripper,hold_reason,settled
0.000,-28.110,-92.082,97.387,43.556,-1.636,52.358,-27.610,-91.582,96.887,43.644,-1.197,51.858,,0
0.034,-28.110,-92.082,97.387,43.556,-1.636,52.358,-27.110,-91.082,96.387,43.644,-1.197,51.358,,0
0.067,-28.110,-91.904,97.387,43.556,-1.587,52.358,-26.610,-90.836,95.887,43.644,-1.197,50.858,,0
0.100,-28.000,-91.459,97.387,43.556,-1.490,52.153,-26.110,-90.836,95.387,43.644,-1.197,50.358,,0
0.134,-27.562,-91.103,97.387,43.556,-1.392,51.606,-25.610,-90.836,94.887,43.644,-1.197,49.858,,0
0.167,-26.904,-91.014,97.387,43.556,-1.392,51.059,-25.110,-90.836,94.387,43.644,-1.197,49.358,,0
0.200,-26.247,-90.925,97.207,43.556,-1.245,50.581,-24.610,-90.836,93.887,43.644,-1.197,48.858,,0
0.234,-25.918,-90.925,97.117,43.556,-1.148,50.103,-24.110,-90.836,93.387,43.644,-1.197,48.358,,0
0.267,-25.589,-90.925,96.937,43.556,-1.148,49.556,-23.610,-90.836,92.887,43.644,-1.197,47.858,,0
0.301,-25.041,-90.925,96.937,43.556,-1.099,49.077,-23.110,-90.836,92.387,43.644,-1.197,47.358,,0
0.334,-24.493,-90.925,96.937,43.556,-1.099,48.530,-22.610,-90.836,91.887,43.644,-1.197,46.858,,0
0.367,-23.945,-90.925,96.757,43.556,-1.099,48.052,-22.110,-90.836,91.387,43.644,-1.197,46.358,,0
0.401,-23.397,-90.925,96.396,43.556,-1.099,47.573,-21.610,-90.836,91.261,43.644,-1.197,45.858,,0
0.434,-22.959,-90.925,95.946,43.556,-1.099,47.095,-21.110,-90.836,91.261,43.644,-1.197,45.358,,0
0.468,-22.521,-90.925,95.676,43.556,-1.099,46.548,-20.610,-90.836,91.261,43.644,-1.197,44.858,,0
0.501,-21.973,-90.925,95.496,43.556,-1.099,46.001,-20.110,-90.836,91.261,43.644,-1.197,44.358,,0
0.534,-21.534,-90.925,95.405,43.556,-1.099,45.523,-19.610,-90.836,91.261,43.644,-1.197,43.858,,0
0.568,-20.986,-90.925,95.405,43.556,-1.099,45.044,-19.110,-90.836,91.261,43.644,-1.197,43.358,,0
0.601,-20.438,-90.925,95.405,43.556,-1.099,44.498,-18.610,-90.836,91.261,43.644,-1.197,42.858,,0
0.635,-20.000,-90.925,95.405,43.556,-1.099,44.019,-18.110,-90.836,91.261,43.644,-1.197,42.358,,0
0.668,-19.452,-90.925,95.405,43.556,-1.099,43.541,-17.610,-90.836,91.261,43.644,-1.197,41.858,,0
0.701,-19.014,-90.925,95.405,43.556,-1.099,42.994,-17.110,-90.836,91.261,43.644,-1.197,41.358,,0
0.735,-18.466,-90.925,95.405,43.556,-1.099,42.515,-16.610,-90.836,91.261,43.644,-1.197,40.858,,0
0.768,-17.918,-90.925,95.405,43.556,-1.099,42.037,-16.110,-90.836,91.261,43.644,-1.197,40.358,,0
0.802,-17.479,-90.925,95.405,43.556,-1.099,41.490,-15.610,-90.836,91.261,43.644,-1.197,39.858,,0
0.835,-16.932,-90.925,95.405,43.556,-1.099,41.012,-15.110,-90.836,91.261,43.644,-1.197,39.358,,0
0.868,-16.493,-90.925,95.405,43.556,-1.099,40.533,-14.610,-90.836,91.261,43.644,-1.197,38.858,,0
0.902,-15.945,-90.925,95.405,43.556,-1.099,39.986,-14.110,-90.836,91.261,43.644,-1.197,38.358,,0
0.935,-15.397,-90.925,95.405,43.556,-1.099,39.508,-13.610,-90.836,91.261,43.644,-1.197,37.858,,0
0.969,-14.959,-90.925,95.405,43.556,-1.099,39.029,-13.110,-90.836,91.261,43.644,-1.197,37.358,,0
1.002,-14.521,-90.925,95.405,43.556,-1.099,38.483,-12.610,-90.836,91.261,43.644,-1.197,36.858,,0
1.035,-13.973,-90.925,95.405,43.556,-1.099,38.004,-12.110,-90.836,91.261,43.644,-1.197,36.358,,0
1.069,-13.425,-90.925,95.405,43.556,-1.099,37.526,-11.610,-90.836,91.261,43.644,-1.197,35.858,,0
1.102,-12.986,-90.925,95.405,43.556,-1.099,36.979,-11.110,-90.836,91.261,43.644,-1.197,35.358,,0
1.136,-12.438,-90.925,95.405,43.556,-1.099,36.500,-10.610,-90.836,91.261,43.644,-1.197,34.858,,0
1.169,-12.000,-90.925,95.405,43.556,-1.099,36.022,-10.110,-90.836,91.261,43.644,-1.197,34.358,,0
1.202,-11.452,-90.925,95.405,43.556,-1.099,35.543,-9.610,-90.836,91.261,43.644,-1.197,33.858,,0
1.236,-11.014,-90.925,95.405,43.556,-1.099,34.997,-9.110,-90.836,91.261,43.644,-1.197,33.358,,0
1.269,-10.466,-90.925,95.405,43.556,-1.099,34.518,-8.610,-90.836,91.261,43.644,-1.197,32.858,,0
1.303,-10.027,-90.925,95.405,43.556,-1.099,34.040,-8.110,-90.836,91.261,43.644,-1.197,32.358,,0
1.336,-9.479,-90.925,95.405,43.556,-1.099,33.493,-7.610,-90.836,91.261,43.644,-1.197,31.858,,0
1.369,-9.041,-90.925,95.405,43.556,-1.099,33.014,-7.110,-90.836,91.261,43.644,-1.197,31.358,,0
1.403,-8.493,-90.925,95.405,43.556,-1.099,32.536,-6.610,-90.836,91.261,43.644,-1.197,30.858,,0
1.436,-7.945,-90.925,95.405,43.556,-1.099,31.989,-6.110,-90.836,91.261,43.644,-1.197,30.358,,0
1.470,-7.507,-90.925,95.405,43.556,-1.099,31.511,-5.610,-90.836,91.261,43.644,-1.197,29.858,,0
1.503,-6.959,-90.925,95.405,43.556,-1.099,31.032,-5.110,-90.836,91.261,43.644,-1.197,29.358,,0
1.536,-6.411,-90.925,95.405,43.556,-1.099,30.554,-4.610,-90.836,91.261,43.644,-1.197,28.858,,0
1.570,-5.973,-90.925,95.405,43.556,-1.099,30.007,-4.110,-90.836,91.261,43.644,-1.197,28.358,,0
1.603,-5.425,-90.925,95.405,43.556,-1.099,29.528,-3.610,-90.836,91.261,43.644,-1.197,27.858,,0
1.637,-4.986,-90.925,95.405,43.556,-1.099,28.982,-3.110,-90.836,91.261,43.644,-1.197,27.358,,0
1.670,-4.438,-90.925,95.405,43.556,-1.099,28.503,-2.610,-90.836,91.261,43.644,-1.197,26.858,,0
1.703,-4.000,-90.925,95.405,43.556,-1.099,28.025,-2.110,-90.836,91.261,43.644,-1.197,26.358,,0
1.737,-3.452,-90.925,95.405,43.556,-1.099,27.546,-1.610,-90.836,91.261,43.644,-1.197,25.858,,0
1.770,-2.904,-90.925,95.405,43.556,-1.099,26.999,-1.110,-90.836,91.261,43.644,-1.197,25.358,,0
1.804,-2.466,-90.925,95.405,43.556,-1.099,26.521,-0.610,-90.836,91.261,43.644,-1.197,24.858,,0
1.837,-2.027,-90.925,95.405,43.556,-1.099,26.042,-0.110,-90.836,91.261,43.644,-1.197,24.358,,0
1.870,-1.479,-90.925,95.405,43.556,-1.099,25.496,0.390,-90.836,91.261,43.644,-1.197,23.858,,0
1.904,-1.041,-90.925,95.405,43.556,-1.099,25.017,0.493,-90.836,91.261,43.644,-1.197,23.358,,0
1.937,-0.493,-90.925,95.405,43.556,-1.099,24.539,0.493,-90.836,91.261,43.644,-1.197,22.858,,0
1.971,-0.164,-90.925,95.405,43.556,-1.099,23.992,0.493,-90.836,91.261,43.644,-1.197,22.358,,0
2.004,-0.055,-90.925,95.405,43.556,-1.099,23.513,0.493,-90.836,91.261,43.644,-1.197,21.858,,0
2.037,0.055,-90.925,95.405,43.556,-1.099,23.035,0.493,-90.836,91.261,43.644,-1.197,21.358,,0
2.071,0.164,-90.925,95.405,43.556,-1.099,22.488,0.493,-90.836,91.261,43.644,-1.197,20.858,,0
2.104,0.164,-90.925,95.405,43.556,-1.099,22.010,0.493,-90.836,91.261,43.644,-1.197,20.358,,0
2.138,0.055,-90.925,95.405,43.556,-1.099,21.531,0.493,-90.836,91.261,43.644,-1.197,19.858,,0
2.171,0.055,-90.925,95.405,43.556,-1.099,21.053,0.493,-90.836,91.261,43.644,-1.197,19.358,,0
2.204,0.055,-90.925,95.405,43.556,-1.099,20.506,0.493,-90.836,91.261,43.644,-1.197,18.858,,0
2.238,0.055,-90.925,95.405,43.556,-1.099,20.027,0.493,-90.836,91.261,43.644,-1.197,18.358,,0
2.271,0.055,-90.925,95.405,43.556,-1.099,19.549,0.493,-90.836,91.261,43.644,-1.197,17.858,,0
2.305,0.055,-90.925,95.405,43.556,-1.099,19.002,0.493,-90.836,91.261,43.644,-1.197,17.358,,0
2.338,0.055,-90.925,95.405,43.556,-1.099,18.524,0.493,-90.836,91.261,43.644,-1.197,16.858,,0
2.371,0.055,-90.925,95.405,43.556,-1.099,17.977,0.493,-90.836,91.261,43.644,-1.197,16.358,,0
2.405,0.055,-90.925,95.405,43.556,-1.099,17.498,0.493,-90.836,91.261,43.644,-1.197,15.858,,0
2.438,0.055,-90.925,95.405,43.556,-1.099,17.020,0.493,-90.836,91.261,43.644,-1.197,15.358,,0
2.472,0.055,-90.925,95.405,43.556,-1.099,16.541,0.493,-90.836,91.261,43.644,-1.197,14.858,,0
2.505,0.055,-90.925,95.405,43.556,-1.099,15.995,0.493,-90.836,91.261,43.644,-1.197,14.358,,0
2.538,0.055,-90.925,95.405,43.556,-1.099,15.516,0.493,-90.836,91.261,43.644,-1.197,13.858,,0
2.572,0.055,-90.925,95.405,43.556,-1.099,15.038,0.493,-90.836,91.261,43.644,-1.197,13.534,,0
2.605,0.055,-90.925,95.405,43.556,-1.099,14.491,0.493,-90.836,91.261,43.644,-1.197,13.534,,0
2.639,0.055,-90.925,95.405,43.556,-1.099,14.149,0.493,-90.836,91.261,43.644,-1.197,13.534,,0
2.672,0.055,-90.925,95.405,43.556,-1.099,13.876,0.493,-90.836,91.261,43.644,-1.197,13.534,,0
2.705,0.055,-90.925,95.405,43.556,-1.099,13.807,0.493,-90.836,91.261,43.644,-1.197,13.534,,0
2.739,0.055,-90.925,95.405,43.556,-1.099,13.671,0.493,-90.836,91.261,43.644,-1.197,13.534,,0
2.772,0.055,-90.925,95.405,43.556,-1.099,13.671,0.493,-90.836,91.261,43.644,-1.197,13.534,,0
2.805,0.055,-90.925,95.405,43.556,-1.099,13.671,0.493,-90.836,91.261,43.644,-1.197,13.534,,0
2.839,0.055,-90.925,95.405,43.556,-1.099,13.671,0.493,-90.836,91.261,43.644,-1.197,13.534,,0
2.872,0.055,-90.925,95.405,43.556,-1.099,13.671,0.493,-90.836,91.261,43.644,-1.197,13.534,,0
2.906,0.055,-90.925,95.405,43.556,-1.099,13.671,0.493,-90.836,91.261,43.644,-1.197,13.534,,0
2.939,0.055,-90.925,95.405,43.556,-1.099,13.671,0.493,-90.836,91.261,43.644,-1.197,13.534,,0
2.972,0.055,-90.925,95.405,43.556,-1.099,13.671,0.493,-90.836,91.261,43.644,-1.197,13.534,,0
3.006,0.055,-90.925,95.405,43.556,-1.099,13.671,0.493,-90.836,91.261,43.644,-1.197,13.534,,0
3.039,0.055,-90.925,95.405,43.556,-1.099,13.671,0.493,-90.836,91.261,43.644,-1.197,13.534,,0
3.073,0.055,-90.925,95.405,43.556,-1.099,13.671,0.493,-90.836,91.261,43.644,-1.197,13.534,,0
3.106,0.055,-90.925,95.405,43.556,-1.099,13.671,0.493,-90.836,91.261,43.644,-1.197,13.534,,0
3.139,0.055,-90.925,95.405,43.556,-1.099,13.671,0.493,-90.836,91.261,43.644,-1.197,13.534,,0
3.173,0.055,-90.925,95.405,43.556,-1.099,13.671,0.493,-90.836,91.261,43.644,-1.197,13.534,,0
3.206,0.055,-90.925,95.405,43.556,-1.099,13.671,0.493,-90.836,91.261,43.644,-1.197,13.534,,0
3.240,0.055,-90.925,95.405,43.556,-1.099,13.671,0.493,-90.836,91.261,43.644,-1.197,13.534,,0
3.273,0.055,-90.925,95.405,43.556,-1.099,13.671,0.493,-90.836,91.261,43.644,-1.197,13.534,,0
3.306,0.055,-90.925,95.405,43.556,-1.099,13.671,0.493,-90.836,91.261,43.644,-1.197,13.534,,0
3.340,0.055,-90.925,95.405,43.556,-1.099,13.671,0.493,-90.836,91.261,43.644,-1.197,13.534,,0
3.373,0.055,-90.925,95.405,43.556,-1.099,13.671,0.493,-90.836,91.261,43.644,-1.197,13.534,,0
3.407,0.055,-90.925,95.405,43.556,-1.099,13.671,0.493,-90.836,91.261,43.644,-1.197,13.534,,0
3.440,0.055,-90.925,95.405,43.556,-1.099,13.671,0.493,-90.836,91.261,43.644,-1.197,13.534,,0
3.473,0.055,-90.925,95.405,43.556,-1.099,13.671,0.493,-90.836,91.261,43.644,-1.197,13.534,,0
3.507,0.055,-90.925,95.405,43.556,-1.099,13.671,0.493,-90.836,91.261,43.644,-1.197,13.534,,0
3.540,0.055,-90.925,95.405,43.556,-1.099,13.671,0.493,-90.836,91.261,43.644,-1.197,13.534,,0
3.574,0.055,-90.925,95.405,43.556,-1.099,13.671,0.493,-90.836,91.261,43.644,-1.197,13.534,,0
3.607,0.055,-90.925,95.405,43.556,-1.099,13.671,0.493,-90.836,91.261,43.644,-1.197,13.534,,0
3.640,0.055,-90.925,95.405,43.556,-1.099,13.671,0.493,-90.836,91.261,43.644,-1.197,13.534,,0
3.674,0.055,-90.925,95.405,43.556,-1.099,13.671,0.493,-90.836,91.261,43.644,-1.197,13.534,,0
3.707,0.055,-90.925,95.405,43.556,-1.099,13.671,0.493,-90.836,91.261,43.644,-1.197,13.534,,0
3.741,0.055,-90.925,95.405,43.556,-1.099,13.671,0.493,-90.836,91.261,43.644,-1.197,13.534,,0
3.774,0.055,-90.925,95.405,43.556,-1.099,13.671,0.493,-90.836,91.261,43.644,-1.197,13.534,,0
3.807,0.055,-90.925,95.405,43.556,-1.099,13.671,0.493,-90.836,91.261,43.644,-1.197,13.534,,0
3.841,0.055,-90.925,95.405,43.556,-1.099,13.671,0.493,-90.836,91.261,43.644,-1.197,13.534,,0
3.874,0.055,-90.925,95.405,43.556,-1.099,13.671,0.493,-90.836,91.261,43.644,-1.197,13.534,,0
3.908,0.055,-90.925,95.405,43.556,-1.099,13.671,0.493,-90.836,91.261,43.644,-1.197,13.534,,0
3.941,0.055,-90.925,95.405,43.556,-1.099,13.671,0.493,-90.836,91.261,43.644,-1.197,13.534,,0
3.974,0.055,-90.925,95.405,43.556,-1.099,13.671,0.493,-90.836,91.261,43.644,-1.197,13.534,,0
4.008,0.055,-90.925,95.405,43.556,-1.099,13.671,0.493,-90.836,91.261,43.644,-1.197,13.534,,0
4.041,0.055,-90.925,95.405,43.556,-1.099,13.671,0.493,-90.836,91.261,43.644,-1.197,13.534,,0
4.074,0.055,-90.925,95.405,43.556,-1.099,13.671,0.493,-90.836,91.261,43.644,-1.197,13.534,,0
4.108,0.055,-90.925,95.405,43.556,-1.099,13.671,0.493,-90.836,91.261,43.644,-1.197,13.534,,0
4.141,0.055,-90.925,95.405,43.556,-1.099,13.671,0.493,-90.836,91.261,43.644,-1.197,13.534,,0
4.175,0.055,-90.925,95.405,43.556,-1.099,13.671,0.493,-90.836,91.261,43.644,-1.197,13.534,,0
4.208,0.055,-90.925,95.405,43.556,-1.099,13.671,0.493,-90.836,91.261,43.644,-1.197,13.534,,0
4.241,0.055,-90.925,95.405,43.556,-1.099,13.671,0.493,-90.836,91.261,43.644,-1.197,13.534,,0
4.275,0.055,-90.925,95.405,43.556,-1.099,13.671,0.493,-90.836,91.261,43.644,-1.197,13.534,,0
4.308,0.055,-90.925,95.405,43.556,-1.099,13.671,0.493,-90.836,91.261,43.644,-1.197,13.534,,0
4.342,0.055,-90.925,95.405,43.556,-1.099,13.671,0.493,-90.836,91.261,43.644,-1.197,13.534,,0
4.375,0.055,-90.925,95.405,43.556,-1.099,13.671,0.493,-90.836,91.261,43.644,-1.197,13.534,,0
4.408,0.055,-90.925,95.405,43.556,-1.099,13.671,0.493,-90.836,91.261,43.644,-1.197,13.534,,0
4.442,0.055,-90.925,95.405,43.556,-1.099,13.671,0.493,-90.836,91.261,43.644,-1.197,13.534,,0
4.475,0.055,-90.925,95.405,43.556,-1.099,13.671,0.493,-90.836,91.261,43.644,-1.197,13.534,,0
4.509,0.055,-90.925,95.405,43.556,-1.099,13.671,0.493,-90.836,91.261,43.644,-1.197,13.534,,0
4.542,0.055,-90.925,95.405,43.556,-1.099,13.671,0.493,-90.836,91.261,43.644,-1.197,13.534,,0
4.575,0.055,-90.925,95.405,43.556,-1.099,13.671,0.493,-90.836,91.261,43.644,-1.197,13.534,,0
4.609,0.055,-90.925,95.405,43.556,-1.099,13.671,0.493,-90.836,91.261,43.644,-1.197,13.534,,0
4.642,0.055,-90.925,95.405,43.556,-1.099,13.671,0.493,-90.836,91.261,43.644,-1.197,13.534,,0
4.676,0.055,-90.925,95.405,43.556,-1.099,13.671,0.493,-90.836,91.261,43.644,-1.197,13.534,,0
4.709,0.055,-90.925,95.405,43.556,-1.099,13.671,0.493,-90.836,91.261,43.644,-1.197,13.534,,0
4.742,0.055,-90.925,95.405,43.556,-1.099,13.671,0.493,-90.836,91.261,43.644,-1.197,13.534,,0
4.776,0.055,-90.925,95.405,43.556,-1.099,13.671,0.493,-90.836,91.261,43.644,-1.197,13.534,,0
4.809,0.055,-90.925,95.405,43.556,-1.099,13.671,0.493,-90.836,91.261,43.644,-1.197,13.534,,0
4.843,0.055,-90.925,95.405,43.556,-1.099,13.671,0.493,-90.836,91.261,43.644,-1.197,13.534,,0
4.876,0.055,-90.925,95.405,43.556,-1.099,13.671,0.493,-90.836,91.261,43.644,-1.197,13.534,,0
4.909,0.055,-90.925,95.405,43.556,-1.099,13.671,0.493,-90.836,91.261,43.644,-1.197,13.534,,0
4.943,0.055,-90.925,95.405,43.556,-1.099,13.671,0.493,-90.836,91.261,43.644,-1.197,13.534,,0
4.976,0.055,-90.925,95.405,43.556,-1.099,13.671,0.493,-90.836,91.261,43.644,-1.197,13.534,,0
5.010,0.055,-90.925,95.405,43.556,-1.099,13.671,0.493,-90.836,91.261,43.644,-1.197,13.534,,0
5.043,0.055,-90.925,95.405,43.556,-1.099,13.671,0.493,-90.836,91.261,43.644,-1.197,13.534,,0
5.076,0.055,-90.925,95.405,43.556,-1.099,13.671,0.493,-90.836,91.261,43.644,-1.197,13.534,,0
5.110,0.055,-90.925,95.405,43.556,-1.099,13.671,0.493,-90.836,91.261,43.644,-1.197,13.534,,0
5.143,0.055,-90.925,95.405,43.556,-1.099,13.671,0.493,-90.836,91.261,43.644,-1.197,13.534,,0
5.177,0.055,-90.925,95.405,43.556,-1.099,13.671,0.493,-90.836,91.261,43.644,-1.197,13.534,,0
5.210,0.055,-90.925,95.405,43.556,-1.099,13.671,0.493,-90.836,91.261,43.644,-1.197,13.534,,0
5.243,0.055,-90.925,95.405,43.556,-1.099,13.671,0.493,-90.836,91.261,43.644,-1.197,13.534,,0
5.277,0.055,-90.925,95.405,43.556,-1.099,13.671,0.493,-90.836,91.261,43.644,-1.197,13.534,,0
5.310,0.055,-90.925,95.405,43.556,-1.099,13.671,0.493,-90.836,91.261,43.644,-1.197,13.534,,0
5.343,0.055,-90.925,95.405,43.556,-1.099,13.671,0.493,-90.836,91.261,43.644,-1.197,13.534,,0
5.377,0.055,-90.925,95.405,43.556,-1.099,13.671,0.493,-90.836,91.261,43.644,-1.197,13.534,,0
5.410,0.055,-90.925,95.405,43.556,-1.099,13.671,0.493,-90.836,91.261,43.644,-1.197,13.534,,0
5.444,0.055,-90.925,95.405,43.556,-1.099,13.671,0.493,-90.836,91.261,43.644,-1.197,13.534,,0
5.477,0.055,-90.925,95.405,43.556,-1.099,13.671,0.493,-90.836,91.261,43.644,-1.197,13.534,,0
5.511,0.055,-90.925,95.405,43.556,-1.099,13.671,0.493,-90.836,91.261,43.644,-1.197,13.534,,0
5.544,0.055,-90.925,95.405,43.556,-1.099,13.671,0.493,-90.836,91.261,43.644,-1.197,13.534,,0
5.577,0.055,-90.925,95.405,43.556,-1.099,13.671,0.493,-90.836,91.261,43.644,-1.197,13.534,,0
5.611,0.055,-90.925,95.405,43.556,-1.099,13.671,0.493,-90.836,91.261,43.644,-1.197,13.534,,0
5.644,0.055,-90.925,95.405,43.556,-1.099,13.671,0.493,-90.836,91.261,43.644,-1.197,13.534,,0
5.678,0.055,-90.925,95.405,43.556,-1.099,13.671,0.493,-90.836,91.261,43.644,-1.197,13.534,,0
5.711,0.055,-90.925,95.405,43.556,-1.099,13.671,0.493,-90.836,91.261,43.644,-1.197,13.534,,0
5.744,0.055,-90.925,95.405,43.556,-1.099,13.671,0.493,-90.836,91.261,43.644,-1.197,13.534,,0
5.778,0.055,-90.925,95.405,43.556,-1.099,13.671,0.493,-90.836,91.261,43.644,-1.197,13.534,,0
5.811,0.055,-90.925,95.405,43.556,-1.099,13.671,0.493,-90.836,91.261,43.644,-1.197,13.534,,0
5.845,0.055,-90.925,95.405,43.556,-1.099,13.671,0.493,-90.836,91.261,43.644,-1.197,13.534,,0
5.878,0.055,-90.925,95.405,43.556,-1.099,13.671,0.493,-90.836,91.261,43.644,-1.197,13.534,,0
5.911,0.055,-90.925,95.405,43.556,-1.099,13.671,0.493,-90.836,91.261,43.644,-1.197,13.534,,0
5.945,0.055,-90.925,95.405,43.556,-1.099,13.671,0.493,-90.836,91.261,43.644,-1.197,13.534,,0
5.978,0.055,-90.925,95.405,43.556,-1.099,13.671,0.493,-90.836,91.261,43.644,-1.197,13.534,,0
6.011,0.055,-90.925,95.405,43.556,-1.099,13.671,0.493,-90.836,91.261,43.644,-1.197,13.534,,0
6.045,0.055,-90.925,95.405,43.556,-1.099,13.671,0.493,-90.836,91.261,43.644,-1.197,13.534,,0
6.078,0.055,-90.925,95.405,43.556,-1.099,13.671,0.493,-90.836,91.261,43.644,-1.197,13.534,,0
6.112,0.055,-90.925,95.405,43.556,-1.099,13.671,0.493,-90.836,91.261,43.644,-1.197,13.534,,0
6.145,0.055,-90.925,95.405,43.556,-1.099,13.671,0.493,-90.836,91.261,43.644,-1.197,13.534,,0
6.179,0.055,-90.925,95.405,43.556,-1.099,13.671,0.493,-90.836,91.261,43.644,-1.197,13.534,,0
6.212,0.055,-90.925,95.405,43.556,-1.099,13.671,0.493,-90.836,91.261,43.644,-1.197,13.534,,0
6.245,0.055,-90.925,95.405,43.556,-1.099,13.671,0.493,-90.836,91.261,43.644,-1.197,13.534,,0
6.279,0.055,-90.925,95.405,43.556,-1.099,13.671,0.493,-90.836,91.261,43.644,-1.197,13.534,,0
6.312,0.055,-90.925,95.405,43.556,-1.099,13.671,0.493,-90.836,91.261,43.644,-1.197,13.534,,0
6.346,0.055,-90.925,95.405,43.556,-1.099,13.671,0.493,-90.836,91.261,43.644,-1.197,13.534,,0
6.379,0.055,-90.925,95.405,43.556,-1.099,13.671,0.493,-90.836,91.261,43.644,-1.197,13.534,,0
6.412,0.055,-90.925,95.405,43.556,-1.099,13.671,0.493,-90.836,91.261,43.644,-1.197,13.534,,0
6.446,0.055,-90.925,95.405,43.556,-1.099,13.671,0.493,-90.836,91.261,43.644,-1.197,13.534,,0
6.479,0.055,-90.925,95.405,43.556,-1.099,13.671,0.493,-90.836,91.261,43.644,-1.197,13.534,,0
6.513,0.055,-90.925,95.405,43.556,-1.099,13.671,0.493,-90.836,91.261,43.644,-1.197,13.534,,0
6.546,0.055,-90.925,95.405,43.556,-1.099,13.671,0.493,-90.836,91.261,43.644,-1.197,13.534,,0
6.579,0.055,-90.925,95.405,43.556,-1.099,13.671,0.493,-90.836,91.261,43.644,-1.197,13.534,,0
6.613,0.055,-90.925,95.405,43.556,-1.099,13.671,0.493,-90.836,91.261,43.644,-1.197,13.534,,0
6.646,0.055,-90.925,95.405,43.556,-1.099,13.671,0.493,-90.836,91.261,43.644,-1.197,13.534,,0
6.680,0.055,-90.925,95.405,43.556,-1.099,13.671,0.493,-90.836,91.261,43.644,-1.197,13.534,,0
6.713,0.055,-90.925,95.405,43.556,-1.099,13.671,0.493,-90.836,91.261,43.644,-1.197,13.534,,0
6.746,0.055,-90.925,95.405,43.556,-1.099,13.671,0.493,-90.836,91.261,43.644,-1.197,13.534,,0
6.780,0.055,-90.925,95.405,43.556,-1.099,13.671,0.493,-90.836,91.261,43.644,-1.197,13.534,,0
6.813,0.055,-90.925,95.405,43.556,-1.099,13.671,0.493,-90.836,91.261,43.644,-1.197,13.534,,0
6.847,0.055,-90.925,95.405,43.556,-1.099,13.671,0.493,-90.836,91.261,43.644,-1.197,13.534,,0
6.880,0.055,-90.925,95.405,43.556,-1.099,13.671,0.493,-90.836,91.261,43.644,-1.197,13.534,,0
6.913,0.055,-90.925,95.405,43.556,-1.099,13.671,0.493,-90.836,91.261,43.644,-1.197,13.534,,0
6.947,0.055,-90.925,95.405,43.556,-1.099,13.671,0.493,-90.836,91.261,43.644,-1.197,13.534,,0
6.980,0.055,-90.925,95.405,43.556,-1.099,13.671,0.493,-90.836,91.261,43.644,-1.197,13.534,,0
7.014,0.055,-90.925,95.405,43.556,-1.099,13.671,0.493,-90.836,91.261,43.644,-1.197,13.534,,0
7.047,0.055,-90.925,95.405,43.556,-1.099,13.671,0.493,-90.836,91.261,43.644,-1.197,13.534,,0
7.080,0.055,-90.925,95.405,43.556,-1.099,13.671,0.493,-90.836,91.261,43.644,-1.197,13.534,,0
7.114,0.055,-90.925,95.405,43.556,-1.099,13.671,0.493,-90.836,91.261,43.644,-1.197,13.534,,0
7.147,0.055,-90.925,95.405,43.556,-1.099,13.671,0.493,-90.836,91.261,43.644,-1.197,13.534,,0
7.180,0.055,-90.925,95.405,43.556,-1.099,13.671,0.493,-90.836,91.261,43.644,-1.197,13.534,,0
7.214,0.055,-90.925,95.405,43.556,-1.099,13.671,0.493,-90.836,91.261,43.644,-1.197,13.534,,0
7.247,0.055,-90.925,95.405,43.556,-1.099,13.671,0.493,-90.836,91.261,43.644,-1.197,13.534,,0
7.281,0.055,-90.925,95.405,43.556,-1.099,13.671,0.493,-90.836,91.261,43.644,-1.197,13.534,,0
7.314,0.055,-90.925,95.405,43.556,-1.099,13.671,0.493,-90.836,91.261,43.644,-1.197,13.534,,0
7.347,0.055,-90.925,95.405,43.556,-1.099,13.671,0.493,-90.836,91.261,43.644,-1.197,13.534,,0
7.381,0.055,-90.925,95.405,43.556,-1.099,13.671,0.493,-90.836,91.261,43.644,-1.197,13.534,,0
7.414,0.055,-90.925,95.405,43.556,-1.099,13.671,0.493,-90.836,91.261,43.644,-1.197,13.534,,0
7.448,0.055,-90.925,95.405,43.556,-1.099,13.671,0.493,-90.836,91.261,43.644,-1.197,13.534,,0
7.481,0.055,-90.925,95.405,43.556,-1.099,13.671,0.493,-90.836,91.261,43.644,-1.197,13.534,,0
7.514,0.055,-90.925,95.405,43.556,-1.099,13.671,0.493,-90.836,91.261,43.644,-1.197,13.534,,0
7.548,0.055,-90.925,95.405,43.556,-1.099,13.671,0.493,-90.836,91.261,43.644,-1.197,13.534,,0
7.581,0.055,-90.925,95.405,43.556,-1.099,13.671,0.493,-90.836,91.261,43.644,-1.197,13.534,,0
7.615,0.055,-90.925,95.405,43.556,-1.099,13.671,0.493,-90.836,91.261,43.644,-1.197,13.534,,0
7.648,0.055,-90.925,95.405,43.556,-1.099,13.671,0.493,-90.836,91.261,43.644,-1.197,13.534,,0
7.681,0.055,-90.925,95.405,43.556,-1.099,13.671,0.493,-90.836,91.261,43.644,-1.197,13.534,,0
7.715,0.055,-90.925,95.405,43.556,-1.099,13.671,0.493,-90.836,91.261,43.644,-1.197,13.534,,0
7.748,0.055,-90.925,95.405,43.556,-1.099,13.671,0.493,-90.836,91.261,43.644,-1.197,13.534,,0
7.782,0.055,-90.925,95.405,43.556,-1.099,13.671,0.493,-90.836,91.261,43.644,-1.197,13.534,,0
7.815,0.055,-90.925,95.405,43.556,-1.099,13.671,0.493,-90.836,91.261,43.644,-1.197,13.534,,0
7.848,0.055,-90.925,95.405,43.556,-1.099,13.671,0.493,-90.836,91.261,43.644,-1.197,13.534,,0
7.882,0.055,-90.925,95.405,43.556,-1.099,13.671,0.493,-90.836,91.261,43.644,-1.197,13.534,,0
7.915,0.055,-90.925,95.405,43.556,-1.099,13.671,0.493,-90.836,91.261,43.644,-1.197,13.534,,0
7.949,0.055,-90.925,95.405,43.556,-1.099,13.671,0.493,-90.836,91.261,43.644,-1.197,13.534,,0
7.982,0.055,-90.925,95.405,43.556,-1.099,13.671,0.493,-90.836,91.261,43.644,-1.197,13.534,,0
8.015,0.055,-90.925,95.405,43.556,-1.099,13.671,0.493,-90.836,91.261,43.644,-1.197,13.534,,0
8.049,0.055,-90.925,95.405,43.556,-1.099,13.671,0.493,-90.836,91.261,43.644,-1.197,13.534,,0
8.082,0.055,-90.925,95.405,43.556,-1.099,13.671,0.493,-90.836,91.261,43.644,-1.197,13.534,,0
8.116,0.055,-90.925,95.405,43.556,-1.099,13.671,0.493,-90.836,91.261,43.644,-1.197,13.534,,0
8.149,0.055,-90.925,95.405,43.556,-1.099,13.671,0.493,-90.836,91.261,43.644,-1.197,13.534,,0
8.182,0.055,-90.925,95.405,43.556,-1.099,13.671,0.493,-90.836,91.261,43.644,-1.197,13.534,,0
8.216,0.055,-90.925,95.405,43.556,-1.099,13.671,0.493,-90.836,91.261,43.644,-1.197,13.534,,0
8.249,0.055,-90.925,95.405,43.556,-1.099,13.671,0.493,-90.836,91.261,43.644,-1.197,13.534,,0
8.283,0.055,-90.925,95.405,43.556,-1.099,13.671,0.493,-90.836,91.261,43.644,-1.197,13.534,,0
8.316,0.055,-90.925,95.405,43.556,-1.099,13.671,0.493,-90.836,91.261,43.644,-1.197,13.534,,0
8.349,0.055,-90.925,95.405,43.556,-1.099,13.671,0.493,-90.836,91.261,43.644,-1.197,13.534,,0
8.383,0.055,-90.925,95.405,43.556,-1.099,13.671,0.493,-90.836,91.261,43.644,-1.197,13.534,,0
8.416,0.055,-90.925,95.405,43.556,-1.099,13.671,0.493,-90.836,91.261,43.644,-1.197,13.534,,0
8.449,0.055,-90.925,95.405,43.556,-1.099,13.671,0.493,-90.836,91.261,43.644,-1.197,13.534,,0
8.483,0.055,-90.925,95.405,43.556,-1.099,13.671,0.493,-90.836,91.261,43.644,-1.197,13.534,,0
8.516,0.055,-90.925,95.405,43.556,-1.099,13.671,0.493,-90.836,91.261,43.644,-1.197,13.534,,0
8.550,0.055,-90.925,95.405,43.556,-1.099,13.671,0.493,-90.836,91.261,43.644,-1.197,13.534,,0
8.583,0.055,-90.925,95.405,43.556,-1.099,13.671,0.493,-90.836,91.261,43.644,-1.197,13.534,,0
8.616,0.055,-90.925,95.405,43.556,-1.099,13.671,0.493,-90.836,91.261,43.644,-1.197,13.534,,0
8.650,0.055,-90.925,95.405,43.556,-1.099,13.671,0.493,-90.836,91.261,43.644,-1.197,13.534,,0
8.683,0.055,-90.925,95.405,43.556,-1.099,13.671,0.493,-90.836,91.261,43.644,-1.197,13.534,,0
8.717,0.055,-90.925,95.405,43.556,-1.099,13.671,0.493,-90.836,91.261,43.644,-1.197,13.534,,0
8.750,0.055,-90.925,95.405,43.556,-1.099,13.671,0.493,-90.836,91.261,43.644,-1.197,13.534,,0
8.783,0.055,-90.925,95.405,43.556,-1.099,13.671,0.493,-90.836,91.261,43.644,-1.197,13.534,,0
8.817,0.055,-90.925,95.405,43.556,-1.099,13.671,0.493,-90.836,91.261,43.644,-1.197,13.534,,0
8.850,0.055,-90.925,95.405,43.556,-1.099,13.671,0.493,-90.836,91.261,43.644,-1.197,13.534,,0
8.884,0.055,-90.925,95.405,43.556,-1.099,13.671,0.493,-90.836,91.261,43.644,-1.197,13.534,,0
8.917,0.055,-90.925,95.405,43.556,-1.099,13.671,0.493,-90.836,91.261,43.644,-1.197,13.534,,0
8.950,0.055,-90.925,95.405,43.556,-1.099,13.671,0.493,-90.836,91.261,43.644,-1.197,13.534,,0
8.984,0.055,-90.925,95.405,43.556,-1.099,13.671,0.493,-90.836,91.261,43.644,-1.197,13.534,,0
9.017,0.055,-90.925,95.405,43.556,-1.099,13.671,0.493,-90.836,91.261,43.644,-1.197,13.534,,0
9.051,0.055,-90.925,95.405,43.556,-1.099,13.671,0.493,-90.836,91.261,43.644,-1.197,13.534,,0
9.084,0.055,-90.925,95.405,43.556,-1.099,13.671,0.493,-90.836,91.261,43.644,-1.197,13.534,,0
9.117,0.055,-90.925,95.405,43.556,-1.099,13.671,0.493,-90.836,91.261,43.644,-1.197,13.534,,0
9.151,0.055,-90.925,95.405,43.556,-1.099,13.671,0.493,-90.836,91.261,43.644,-1.197,13.534,,0
9.184,0.055,-90.925,95.405,43.556,-1.099,13.671,0.493,-90.836,91.261,43.644,-1.197,13.534,,0
9.218,0.055,-90.925,95.405,43.556,-1.099,13.671,0.493,-90.836,91.261,43.644,-1.197,13.534,,0
9.251,0.055,-90.925,95.405,43.556,-1.099,13.671,0.493,-90.836,91.261,43.644,-1.197,13.534,,0
9.284,0.055,-90.925,95.405,43.556,-1.099,13.671,0.493,-90.836,91.261,43.644,-1.197,13.534,,0
9.318,0.055,-90.925,95.405,43.556,-1.099,13.671,0.493,-90.836,91.261,43.644,-1.197,13.534,,0
9.351,0.055,-90.925,95.405,43.556,-1.099,13.671,0.493,-90.836,91.261,43.644,-1.197,13.534,,0
9.385,0.055,-90.925,95.405,43.556,-1.099,13.671,0.493,-90.836,91.261,43.644,-1.197,13.534,,0
9.418,0.055,-90.925,95.405,43.556,-1.099,13.671,0.493,-90.836,91.261,43.644,-1.197,13.534,,0
9.451,0.055,-90.925,95.405,43.556,-1.099,13.671,0.493,-90.836,91.261,43.644,-1.197,13.534,,0
9.485,0.055,-90.925,95.405,43.556,-1.099,13.671,0.493,-90.836,91.261,43.644,-1.197,13.534,,0
9.518,0.055,-90.925,95.405,43.556,-1.099,13.671,0.493,-90.836,91.261,43.644,-1.197,13.534,,0
9.552,0.055,-90.925,95.405,43.556,-1.099,13.671,0.493,-90.836,91.261,43.644,-1.197,13.534,,0
9.585,0.055,-90.925,95.405,43.556,-1.099,13.671,0.493,-90.836,91.261,43.644,-1.197,13.534,,0
9.618,0.055,-90.925,95.405,43.556,-1.099,13.671,0.493,-90.836,91.261,43.644,-1.197,13.534,,0
9.652,0.055,-90.925,95.405,43.556,-1.099,13.671,0.493,-90.836,91.261,43.644,-1.197,13.534,,0
9.685,0.055,-90.925,95.405,43.556,-1.099,13.671,0.493,-90.836,91.261,43.644,-1.197,13.534,,0
9.719,0.055,-90.925,95.405,43.556,-1.099,13.671,0.493,-90.836,91.261,43.644,-1.197,13.534,,0
9.752,0.055,-90.925,95.405,43.556,-1.099,13.671,0.493,-90.836,91.261,43.644,-1.197,13.534,,0
9.785,0.055,-90.925,95.405,43.556,-1.099,13.671,0.493,-90.836,91.261,43.644,-1.197,13.534,,0
9.819,0.055,-90.925,95.405,43.556,-1.099,13.671,0.493,-90.836,91.261,43.644,-1.197,13.534,,0
9.852,0.055,-90.925,95.405,43.556,-1.099,13.671,0.493,-90.836,91.261,43.644,-1.197,13.534,,0
9.886,0.055,-90.925,95.405,43.556,-1.099,13.671,0.493,-90.836,91.261,43.644,-1.197,13.534,,0
9.919,0.055,-90.925,95.405,43.556,-1.099,13.671,0.493,-90.836,91.261,43.644,-1.197,13.534,,0
9.952,0.055,-90.925,95.405,43.556,-1.099,13.671,0.493,-90.836,91.261,43.644,-1.197,13.534,,0
9.986,0.055,-90.925,95.405,43.556,-1.099,13.671,0.493,-90.836,91.261,43.644,-1.197,13.534,,0
10.019,0.055,-90.925,95.405,43.556,-1.099,13.671,0.493,-90.836,91.261,43.644,-1.197,13.534,,0
10.053,0.055,-90.925,95.405,43.556,-1.099,13.671,0.493,-90.836,91.261,43.644,-1.197,13.534,,0
10.086,0.055,-90.925,95.405,43.556,-1.099,13.671,0.493,-90.836,91.261,43.644,-1.197,13.534,,0
10.119,0.055,-90.925,95.405,43.556,-1.099,13.671,0.493,-90.836,91.261,43.644,-1.197,13.534,,0
10.153,0.055,-90.925,95.405,43.556,-1.099,13.671,0.493,-90.836,91.261,43.644,-1.197,13.534,,0
10.186,0.055,-90.925,95.405,43.556,-1.099,13.671,0.493,-90.836,91.261,43.644,-1.197,13.534,,0
10.220,0.055,-90.925,95.405,43.556,-1.099,13.671,0.493,-90.836,91.261,43.644,-1.197,13.534,,0
10.253,0.055,-90.925,95.405,43.556,-1.099,13.671,0.493,-90.836,91.261,43.644,-1.197,13.534,,0
10.286,0.055,-90.925,95.405,43.556,-1.099,13.671,0.493,-90.836,91.261,43.644,-1.197,13.534,,0
10.320,0.055,-90.925,95.405,43.556,-1.099,13.671,0.493,-90.836,91.261,43.644,-1.197,13.534,,0
10.353,0.055,-90.925,95.405,43.556,-1.099,13.671,0.493,-90.836,91.261,43.644,-1.197,13.534,,0
10.387,0.055,-90.925,95.405,43.556,-1.099,13.671,0.493,-90.836,91.261,43.644,-1.197,13.534,,0
10.420,0.055,-90.925,95.405,43.556,-1.099,13.671,0.493,-90.836,91.261,43.644,-1.197,13.534,,0
10.453,0.055,-90.925,95.405,43.556,-1.099,13.671,0.493,-90.836,91.261,43.644,-1.197,13.534,,0
10.487,0.055,-90.925,95.405,43.556,-1.099,13.671,0.493,-90.836,91.261,43.644,-1.197,13.534,,0
10.520,0.055,-90.925,95.405,43.556,-1.099,13.671,0.493,-90.836,91.261,43.644,-1.197,13.534,,0
10.554,0.055,-90.925,95.405,43.556,-1.099,13.671,0.493,-90.836,91.261,43.644,-1.197,13.534,,0
10.587,0.055,-90.925,95.405,43.556,-1.099,13.671,0.493,-90.836,91.261,43.644,-1.197,13.534,,0
10.620,0.055,-90.925,95.405,43.556,-1.099,13.671,0.493,-90.836,91.261,43.644,-1.197,13.534,,0
10.654,0.055,-90.925,95.405,43.556,-1.099,13.671,0.493,-90.836,91.261,43.644,-1.197,13.534,,0
10.687,0.055,-90.925,95.405,43.556,-1.099,13.671,0.493,-90.836,91.261,43.644,-1.197,13.534,,0
10.721,0.055,-90.925,95.405,43.556,-1.099,13.671,0.493,-90.836,91.261,43.644,-1.197,13.534,,0
10.754,0.055,-90.925,95.405,43.556,-1.099,13.671,0.493,-90.836,91.261,43.644,-1.197,13.534,,0
10.787,0.055,-90.925,95.405,43.556,-1.099,13.671,0.493,-90.836,91.261,43.644,-1.197,13.534,,0
10.821,0.055,-90.925,95.405,43.556,-1.099,13.671,0.493,-90.836,91.261,43.644,-1.197,13.534,,0
10.854,0.055,-90.925,95.405,43.556,-1.099,13.671,0.493,-90.836,91.261,43.644,-1.197,13.534,,0
10.888,0.055,-90.925,95.405,43.556,-1.099,13.671,0.493,-90.836,91.261,43.644,-1.197,13.534,,0
10.921,0.055,-90.925,95.405,43.556,-1.099,13.671,0.493,-90.836,91.261,43.644,-1.197,13.534,,0
10.954,0.055,-90.925,95.405,43.556,-1.099,13.671,0.493,-90.836,91.261,43.644,-1.197,13.534,,0
10.988,0.055,-90.925,95.405,43.556,-1.099,13.671,0.493,-90.836,91.261,43.644,-1.197,13.534,,0
11.021,0.055,-90.925,95.405,43.556,-1.099,13.671,0.493,-90.836,91.261,43.644,-1.197,13.534,,0
11.055,0.055,-90.925,95.405,43.556,-1.099,13.671,0.493,-90.836,91.261,43.644,-1.197,13.534,,0
11.088,0.055,-90.925,95.405,43.556,-1.099,13.671,0.493,-90.836,91.261,43.644,-1.197,13.534,,0
11.121,0.055,-90.925,95.405,43.556,-1.099,13.671,0.493,-90.836,91.261,43.644,-1.197,13.534,,0
11.155,0.055,-90.925,95.405,43.556,-1.099,13.671,0.493,-90.836,91.261,43.644,-1.197,13.534,,0
11.188,0.055,-90.925,95.405,43.556,-1.099,13.671,0.493,-90.836,91.261,43.644,-1.197,13.534,,0
11.222,0.055,-90.925,95.405,43.556,-1.099,13.671,0.493,-90.836,91.261,43.644,-1.197,13.534,,0
11.255,0.055,-90.925,95.405,43.556,-1.099,13.671,0.493,-90.836,91.261,43.644,-1.197,13.534,,0
11.288,0.055,-90.925,95.405,43.556,-1.099,13.671,0.493,-90.836,91.261,43.644,-1.197,13.534,,0
11.322,0.055,-90.925,95.405,43.556,-1.099,13.671,0.493,-90.836,91.261,43.644,-1.197,13.534,,0
11.355,0.055,-90.925,95.405,43.556,-1.099,13.671,0.493,-90.836,91.261,43.644,-1.197,13.534,,0
11.388,0.055,-90.925,95.405,43.556,-1.099,13.671,0.493,-90.836,91.261,43.644,-1.197,13.534,,0
11.422,0.055,-90.925,95.405,43.556,-1.099,13.671,0.493,-90.836,91.261,43.644,-1.197,13.534,,0
11.455,0.055,-90.925,95.405,43.556,-1.099,13.671,0.493,-90.836,91.261,43.644,-1.197,13.534,,0
11.489,0.055,-90.925,95.405,43.556,-1.099,13.671,0.493,-90.836,91.261,43.644,-1.197,13.534,,0
11.522,0.055,-90.925,95.405,43.556,-1.099,13.671,0.493,-90.836,91.261,43.644,-1.197,13.534,,0
11.555,0.055,-90.925,95.405,43.556,-1.099,13.671,0.493,-90.836,91.261,43.644,-1.197,13.534,,0
11.589,0.055,-90.925,95.405,43.556,-1.099,13.671,0.493,-90.836,91.261,43.644,-1.197,13.534,,0
11.622,0.055,-90.925,95.405,43.556,-1.099,13.671,0.493,-90.836,91.261,43.644,-1.197,13.534,,0
11.656,0.055,-90.925,95.405,43.556,-1.099,13.671,0.493,-90.836,91.261,43.644,-1.197,13.534,,0
11.689,0.055,-90.925,95.405,43.556,-1.099,13.671,0.493,-90.836,91.261,43.644,-1.197,13.534,,0
11.722,0.055,-90.925,95.405,43.556,-1.099,13.671,0.493,-90.836,91.261,43.644,-1.197,13.534,,0
11.756,0.055,-90.925,95.405,43.556,-1.099,13.671,0.493,-90.836,91.261,43.644,-1.197,13.534,,0
11.789,0.055,-90.925,95.405,43.556,-1.099,13.671,0.493,-90.836,91.261,43.644,-1.197,13.534,,0
11.823,0.055,-90.925,95.405,43.556,-1.099,13.671,0.493,-90.836,91.261,43.644,-1.197,13.534,,0
11.856,0.055,-90.925,95.405,43.556,-1.099,13.671,0.493,-90.836,91.261,43.644,-1.197,13.534,,0
11.889,0.055,-90.925,95.405,43.556,-1.099,13.671,0.493,-90.836,91.261,43.644,-1.197,13.534,,0
11.923,0.055,-90.925,95.405,43.556,-1.099,13.671,0.493,-90.836,91.261,43.644,-1.197,13.534,,0
11.956,0.055,-90.925,95.405,43.556,-1.099,13.671,0.493,-90.836,91.261,43.644,-1.197,13.534,,0
11.990,0.055,-90.925,95.405,43.556,-1.099,13.671,0.493,-90.836,91.261,43.644,-1.197,13.534,,0
12.023,0.055,-90.925,95.405,43.556,-1.099,13.671,0.493,-90.836,91.261,43.644,-1.197,13.534,,0
12.056,0.055,-90.925,95.405,43.556,-1.099,13.671,0.493,-90.836,91.261,43.644,-1.197,13.534,,0
12.090,0.055,-90.925,95.405,43.556,-1.099,13.671,0.493,-90.836,91.261,43.644,-1.197,13.534,,0
12.123,0.055,-90.925,95.405,43.556,-1.099,13.671,0.493,-90.836,91.261,43.644,-1.197,13.534,,0
12.157,0.055,-90.925,95.405,43.556,-1.099,13.671,0.493,-90.836,91.261,43.644,-1.197,13.534,,0
12.190,0.055,-90.925,95.405,43.556,-1.099,13.671,0.493,-90.836,91.261,43.644,-1.197,13.534,,0
12.223,0.055,-90.925,95.405,43.556,-1.099,13.671,0.493,-90.836,91.261,43.644,-1.197,13.534,,0
12.257,0.055,-90.925,95.405,43.556,-1.099,13.671,0.493,-90.836,91.261,43.644,-1.197,13.534,,0
12.290,0.055,-90.925,95.405,43.556,-1.099,13.671,0.493,-90.836,91.261,43.644,-1.197,13.534,,0
12.323,0.055,-90.925,95.405,43.556,-1.099,13.671,0.493,-90.836,91.261,43.644,-1.197,13.534,,0
12.357,0.055,-90.925,95.405,43.556,-1.099,13.671,0.493,-90.836,91.261,43.644,-1.197,13.534,,0
12.390,0.055,-90.925,95.405,43.556,-1.099,13.671,0.493,-90.836,91.261,43.644,-1.197,13.534,,0
12.424,0.055,-90.925,95.405,43.556,-1.099,13.671,0.493,-90.836,91.261,43.644,-1.197,13.534,,0
12.457,0.055,-90.925,95.405,43.556,-1.099,13.671,0.493,-90.836,91.261,43.644,-1.197,13.534,,0
12.490,0.055,-90.925,95.405,43.556,-1.099,13.671,0.493,-90.836,91.261,43.644,-1.197,13.534,,0
12.524,0.055,-90.925,95.405,43.556,-1.099,13.671,0.493,-90.836,91.261,43.644,-1.197,13.534,,0
12.557,0.055,-90.925,95.405,43.556,-1.099,13.671,0.493,-90.836,91.261,43.644,-1.197,13.534,,0
12.591,0.055,-90.925,95.405,43.556,-1.099,13.671,0.493,-90.836,91.261,43.644,-1.197,13.534,,0
12.624,0.055,-90.925,95.405,43.556,-1.099,13.671,0.493,-90.836,91.261,43.644,-1.197,13.534,,0
12.657,0.055,-90.925,95.405,43.556,-1.099,13.671,0.493,-90.836,91.261,43.644,-1.197,13.534,,0
12.691,0.055,-90.925,95.405,43.556,-1.099,13.671,0.493,-90.836,91.261,43.644,-1.197,13.534,,0
12.724,0.055,-90.925,95.405,43.556,-1.099,13.671,0.493,-90.836,91.261,43.644,-1.197,13.534,,0
12.758,0.055,-90.925,95.405,43.556,-1.099,13.671,0.493,-90.836,91.261,43.644,-1.197,13.534,,0
12.791,0.055,-90.925,95.405,43.556,-1.099,13.671,0.493,-90.836,91.261,43.644,-1.197,13.534,,0
12.824,0.055,-90.925,95.405,43.556,-1.099,13.671,0.493,-90.836,91.261,43.644,-1.197,13.534,,0
12.858,0.055,-90.925,95.405,43.556,-1.099,13.671,0.493,-90.836,91.261,43.644,-1.197,13.534,,0
12.891,0.055,-90.925,95.405,43.556,-1.099,13.671,0.493,-90.836,91.261,43.644,-1.197,13.534,,0
12.925,0.055,-90.925,95.405,43.556,-1.099,13.671,0.493,-90.836,91.261,43.644,-1.197,13.534,,0
12.958,0.055,-90.925,95.405,43.556,-1.099,13.671,0.493,-90.836,91.261,43.644,-1.197,13.534,,0
12.991,0.055,-90.925,95.405,43.556,-1.099,13.671,0.493,-90.836,91.261,43.644,-1.197,13.534,,0
13.025,0.055,-90.925,95.405,43.556,-1.099,13.671,0.493,-90.836,91.261,43.644,-1.197,13.534,,0
13.058,0.055,-90.925,95.405,43.556,-1.099,13.671,0.493,-90.836,91.261,43.644,-1.197,13.534,,0
13.092,0.055,-90.925,95.405,43.556,-1.099,13.671,0.493,-90.836,91.261,43.644,-1.197,13.534,,0
13.125,0.055,-90.925,95.405,43.556,-1.099,13.671,0.493,-90.836,91.261,43.644,-1.197,13.534,,0
13.158,0.055,-90.925,95.405,43.556,-1.099,13.671,0.493,-90.836,91.261,43.644,-1.197,13.534,,0
13.192,0.055,-90.925,95.405,43.556,-1.099,13.671,0.493,-90.836,91.261,43.644,-1.197,13.534,,0
13.225,0.055,-90.925,95.405,43.556,-1.099,13.671,0.493,-90.836,91.261,43.644,-1.197,13.534,,0
13.259,0.055,-90.925,95.405,43.556,-1.099,13.671,0.493,-90.836,91.261,43.644,-1.197,13.534,,0
13.292,0.055,-90.925,95.405,43.556,-1.099,13.671,0.493,-90.836,91.261,43.644,-1.197,13.534,,0
13.325,0.055,-90.925,95.405,43.556,-1.099,13.671,0.493,-90.836,91.261,43.644,-1.197,13.534,,0
13.359,0.055,-90.925,95.405,43.556,-1.099,13.671,0.493,-90.836,91.261,43.644,-1.197,13.534,,0
13.392,0.055,-90.925,95.405,43.556,-1.099,13.671,0.493,-90.836,91.261,43.644,-1.197,13.534,,0
13.426,0.055,-90.925,95.405,43.556,-1.099,13.671,0.493,-90.836,91.261,43.644,-1.197,13.534,,0
13.459,0.055,-90.925,95.405,43.556,-1.099,13.671,0.493,-90.836,91.261,43.644,-1.197,13.534,,0
13.492,0.055,-90.925,95.405,43.556,-1.099,13.671,0.493,-90.836,91.261,43.644,-1.197,13.534,,0
13.526,0.055,-90.925,95.405,43.556,-1.099,13.671,0.493,-90.836,91.261,43.644,-1.197,13.534,,0
13.559,0.055,-90.925,95.405,43.556,-1.099,13.671,0.493,-90.836,91.261,43.644,-1.197,13.534,,0
13.593,0.055,-90.925,95.405,43.556,-1.099,13.671,0.493,-90.836,91.261,43.644,-1.197,13.534,,0
13.626,0.055,-90.925,95.405,43.556,-1.099,13.671,0.493,-90.836,91.261,43.644,-1.197,13.534,,0
13.659,0.055,-90.925,95.405,43.556,-1.099,13.671,0.493,-90.836,91.261,43.644,-1.197,13.534,,0
13.693,0.055,-90.925,95.405,43.556,-1.099,13.671,0.493,-90.836,91.261,43.644,-1.197,13.534,,0
13.726,0.055,-90.925,95.405,43.556,-1.099,13.671,0.493,-90.836,91.261,43.644,-1.197,13.534,,0
13.760,0.055,-90.925,95.405,43.556,-1.099,13.671,0.493,-90.836,91.261,43.644,-1.197,13.534,,0
13.793,0.055,-90.925,95.405,43.556,-1.099,13.671,0.493,-90.836,91.261,43.644,-1.197,13.534,,0
13.826,0.055,-90.925,95.405,43.556,-1.099,13.671,0.493,-90.836,91.261,43.644,-1.197,13.534,,0
13.860,0.055,-90.925,95.405,43.556,-1.099,13.671,0.493,-90.836,91.261,43.644,-1.197,13.534,,0
13.893,0.055,-90.925,95.405,43.556,-1.099,13.671,0.493,-90.836,91.261,43.644,-1.197,13.534,,0
13.927,0.055,-90.925,95.405,43.556,-1.099,13.671,0.493,-90.836,91.261,43.644,-1.197,13.534,,0
13.960,0.055,-90.925,95.405,43.556,-1.099,13.671,0.493,-90.836,91.261,43.644,-1.197,13.534,,0
13.993,0.055,-90.925,95.405,43.556,-1.099,13.671,0.493,-90.836,91.261,43.644,-1.197,13.534,,0
14.027,0.055,-90.925,95.405,43.556,-1.099,13.671,0.493,-90.836,91.261,43.644,-1.197,13.534,,0
14.060,0.055,-90.925,95.405,43.556,-1.099,13.671,0.493,-90.836,91.261,43.644,-1.197,13.534,,0
14.094,0.055,-90.925,95.405,43.556,-1.099,13.671,0.493,-90.836,91.261,43.644,-1.197,13.534,,0
14.127,0.055,-90.925,95.405,43.556,-1.099,13.671,0.493,-90.836,91.261,43.644,-1.197,13.534,,0
14.160,0.055,-90.925,95.405,43.556,-1.099,13.671,0.493,-90.836,91.261,43.644,-1.197,13.534,,0
14.194,0.055,-90.925,95.405,43.556,-1.099,13.671,0.493,-90.836,91.261,43.644,-1.197,13.534,,0
14.227,0.055,-90.925,95.405,43.556,-1.099,13.671,0.493,-90.836,91.261,43.644,-1.197,13.534,,0
14.261,0.055,-90.925,95.405,43.556,-1.099,13.671,0.493,-90.836,91.261,43.644,-1.197,13.534,,0
14.294,0.055,-90.925,95.405,43.556,-1.099,13.671,0.493,-90.836,91.261,43.644,-1.197,13.534,,0
14.327,0.055,-90.925,95.405,43.556,-1.099,13.671,0.493,-90.836,91.261,43.644,-1.197,13.534,,0
14.361,0.055,-90.925,95.405,43.556,-1.099,13.671,0.493,-90.836,91.261,43.644,-1.197,13.534,,0
14.394,0.055,-90.925,95.405,43.556,-1.099,13.671,0.493,-90.836,91.261,43.644,-1.197,13.534,,0
14.428,0.055,-90.925,95.405,43.556,-1.099,13.671,0.493,-90.836,91.261,43.644,-1.197,13.534,,0
14.461,0.055,-90.925,95.405,43.556,-1.099,13.671,0.493,-90.836,91.261,43.644,-1.197,13.534,,0
14.494,0.055,-90.925,95.405,43.556,-1.099,13.671,0.493,-90.836,91.261,43.644,-1.197,13.534,,0
14.528,0.055,-90.925,95.405,43.556,-1.099,13.671,0.493,-90.836,91.261,43.644,-1.197,13.534,,0
14.561,0.055,-90.925,95.405,43.556,-1.099,13.671,0.493,-90.836,91.261,43.644,-1.197,13.534,,0
14.595,0.055,-90.925,95.405,43.556,-1.099,13.671,0.493,-90.836,91.261,43.644,-1.197,13.534,,0
14.628,0.055,-90.925,95.405,43.556,-1.099,13.671,0.493,-90.836,91.261,43.644,-1.197,13.534,,0
14.661,0.055,-90.925,95.405,43.556,-1.099,13.671,0.493,-90.836,91.261,43.644,-1.197,13.534,,0
14.695,0.055,-90.925,95.405,43.556,-1.099,13.671,0.493,-90.836,91.261,43.644,-1.197,13.534,,0
14.728,0.055,-90.925,95.405,43.556,-1.099,13.671,0.493,-90.836,91.261,43.644,-1.197,13.534,,0
14.762,0.055,-90.925,95.405,43.556,-1.099,13.671,0.493,-90.836,91.261,43.644,-1.197,13.534,,0
14.795,0.055,-90.925,95.405,43.556,-1.099,13.671,0.493,-90.836,91.261,43.644,-1.197,13.534,,0
14.828,0.055,-90.925,95.405,43.556,-1.099,13.671,0.493,-90.836,91.261,43.644,-1.197,13.534,,0
14.862,0.055,-90.925,95.405,43.556,-1.099,13.671,0.493,-90.836,91.261,43.644,-1.197,13.534,,0
14.895,0.055,-90.925,95.405,43.556,-1.099,13.671,0.493,-90.836,91.261,43.644,-1.197,13.534,,0
14.929,0.055,-90.925,95.405,43.556,-1.099,13.671,0.493,-90.836,91.261,43.644,-1.197,13.534,,0
14.962,0.055,-90.925,95.405,43.556,-1.099,13.671,0.493,-90.836,91.261,43.644,-1.197,13.534,,0
14.995,0.055,-90.925,95.405,43.556,-1.099,13.671,0.493,-90.836,91.261,43.644,-1.197,13.534,,0
15.029,0.055,-90.925,95.405,43.556,-1.099,13.671,0.493,-90.836,91.261,43.644,-1.197,13.534,,0
15.062,0.055,-90.925,95.405,43.556,-1.099,13.671,0.493,-90.836,91.261,43.644,-1.197,13.534,,0
15.095,0.055,-90.925,95.405,43.556,-1.099,13.671,0.493,-90.836,91.261,43.644,-1.197,13.534,,0
15.129,0.055,-90.925,95.405,43.556,-1.099,13.671,0.493,-90.836,91.261,43.644,-1.197,13.534,,0
15.162,0.055,-90.925,95.405,43.556,-1.099,13.671,0.493,-90.836,91.261,43.644,-1.197,13.534,,0
15.196,0.055,-90.925,95.405,43.556,-1.099,13.671,0.493,-90.836,91.261,43.644,-1.197,13.534,,0
15.229,0.055,-90.925,95.405,43.556,-1.099,13.671,0.493,-90.836,91.261,43.644,-1.197,13.534,,0
15.263,0.055,-90.925,95.405,43.556,-1.099,13.671,0.493,-90.836,91.261,43.644,-1.197,13.534,,0
15.296,0.055,-90.925,95.405,43.556,-1.099,13.671,0.493,-90.836,91.261,43.644,-1.197,13.534,,0
15.329,0.055,-90.925,95.405,43.556,-1.099,13.671,0.493,-90.836,91.261,43.644,-1.197,13.534,,0
15.363,0.055,-90.925,95.405,43.556,-1.099,13.671,0.493,-90.836,91.261,43.644,-1.197,13.534,,0
15.396,0.055,-90.925,95.405,43.556,-1.099,13.671,0.493,-90.836,91.261,43.644,-1.197,13.534,,0
15.430,0.055,-90.925,95.405,43.556,-1.099,13.671,0.493,-90.836,91.261,43.644,-1.197,13.534,,0
15.463,0.055,-90.925,95.405,43.556,-1.099,13.671,0.493,-90.836,91.261,43.644,-1.197,13.534,,0
15.496,0.055,-90.925,95.405,43.556,-1.099,13.671,0.493,-90.836,91.261,43.644,-1.197,13.534,,0
15.530,0.055,-90.925,95.405,43.556,-1.099,13.671,0.493,-90.836,91.261,43.644,-1.197,13.534,,0
15.563,0.055,-90.925,95.405,43.556,-1.099,13.671,0.493,-90.836,91.261,43.644,-1.197,13.534,,0
15.597,0.055,-90.925,95.405,43.556,-1.099,13.671,0.493,-90.836,91.261,43.644,-1.197,13.534,,0
15.630,0.055,-90.925,95.405,43.556,-1.099,13.671,0.493,-90.836,91.261,43.644,-1.197,13.534,,0
15.663,0.055,-90.925,95.405,43.556,-1.099,13.671,0.493,-90.836,91.261,43.644,-1.197,13.534,,0
15.697,0.055,-90.925,95.405,43.556,-1.099,13.671,0.493,-90.836,91.261,43.644,-1.197,13.534,,0
15.730,0.055,-90.925,95.405,43.556,-1.099,13.671,0.493,-90.836,91.261,43.644,-1.197,13.534,,0
15.764,0.055,-90.925,95.405,43.556,-1.099,13.671,0.493,-90.836,91.261,43.644,-1.197,13.534,,0
15.797,0.055,-90.925,95.405,43.556,-1.099,13.671,0.493,-90.836,91.261,43.644,-1.197,13.534,,0
15.830,0.055,-90.925,95.405,43.556,-1.099,13.671,0.493,-90.836,91.261,43.644,-1.197,13.534,,0
15.864,0.055,-90.925,95.405,43.556,-1.099,13.671,0.493,-90.836,91.261,43.644,-1.197,13.534,,0
15.897,0.055,-90.925,95.405,43.556,-1.099,13.671,0.493,-90.836,91.261,43.644,-1.197,13.534,,0
15.931,0.055,-90.925,95.405,43.556,-1.099,13.671,0.493,-90.836,91.261,43.644,-1.197,13.534,,0
15.964,0.055,-90.925,95.405,43.556,-1.099,13.671,0.493,-90.836,91.261,43.644,-1.197,13.534,,0
15.997,0.055,-90.925,95.405,43.556,-1.099,13.671,0.493,-90.836,91.261,43.644,-1.197,13.534,,0
16.031,0.055,-90.925,95.405,43.556,-1.099,13.671,0.493,-90.836,91.261,43.644,-1.197,13.534,,0
16.064,0.055,-90.925,95.405,43.556,-1.099,13.671,0.493,-90.836,91.261,43.644,-1.197,13.534,,0
16.098,0.055,-90.925,95.405,43.556,-1.099,13.671,0.493,-90.836,91.261,43.644,-1.197,13.534,,0
16.131,0.055,-90.925,95.405,43.556,-1.099,13.671,0.493,-90.836,91.261,43.644,-1.197,13.534,,0
16.164,0.055,-90.925,95.405,43.556,-1.099,13.671,0.493,-90.836,91.261,43.644,-1.197,13.534,,0
16.198,0.055,-90.925,95.405,43.556,-1.099,13.671,0.493,-90.836,91.261,43.644,-1.197,13.534,,0
16.231,0.055,-90.925,95.405,43.556,-1.099,13.671,0.493,-90.836,91.261,43.644,-1.197,13.534,,0
16.265,0.055,-90.925,95.405,43.556,-1.099,13.671,0.493,-90.836,91.261,43.644,-1.197,13.534,,0
16.298,0.055,-90.925,95.405,43.556,-1.099,13.671,0.493,-90.836,91.261,43.644,-1.197,13.534,,0
16.331,0.055,-90.925,95.405,43.556,-1.099,13.671,0.493,-90.836,91.261,43.644,-1.197,13.534,,0
16.365,0.055,-90.925,95.405,43.556,-1.099,13.671,0.493,-90.836,91.261,43.644,-1.197,13.534,,0
16.398,0.055,-90.925,95.405,43.556,-1.099,13.671,0.493,-90.836,91.261,43.644,-1.197,13.534,,0
16.432,0.055,-90.925,95.405,43.556,-1.099,13.671,0.493,-90.836,91.261,43.644,-1.197,13.534,,0
16.465,0.055,-90.925,95.405,43.556,-1.099,13.671,0.493,-90.836,91.261,43.644,-1.197,13.534,,0
16.499,0.055,-90.925,95.405,43.556,-1.099,13.671,0.493,-90.836,91.261,43.644,-1.197,13.534,,0
16.532,0.055,-90.925,95.405,43.556,-1.099,13.671,0.493,-90.836,91.261,43.644,-1.197,13.534,,0
16.565,0.055,-90.925,95.405,43.556,-1.099,13.671,0.493,-90.836,91.261,43.644,-1.197,13.534,,0
16.599,0.055,-90.925,95.405,43.556,-1.099,13.671,0.493,-90.836,91.261,43.644,-1.197,13.534,,0
16.632,0.055,-90.925,95.405,43.556,-1.099,13.671,0.493,-90.836,91.261,43.644,-1.197,13.534,,0
16.666,0.055,-90.925,95.405,43.556,-1.099,13.671,0.493,-90.836,91.261,43.644,-1.197,13.534,,0
16.699,0.055,-90.925,95.405,43.556,-1.099,13.671,0.493,-90.836,91.261,43.644,-1.197,13.534,,0
16.732,0.055,-90.925,95.405,43.556,-1.099,13.671,0.493,-90.836,91.261,43.644,-1.197,13.534,,0
16.766,0.055,-90.925,95.405,43.556,-1.099,13.671,0.493,-90.836,91.261,43.644,-1.197,13.534,,0
16.799,0.055,-90.925,95.405,43.556,-1.099,13.671,0.493,-90.836,91.261,43.644,-1.197,13.534,,0
16.833,0.055,-90.925,95.405,43.556,-1.099,13.671,0.493,-90.836,91.261,43.644,-1.197,13.534,,0
16.866,0.055,-90.925,95.405,43.556,-1.099,13.671,0.493,-90.836,91.261,43.644,-1.197,13.534,,0
16.899,0.055,-90.925,95.405,43.556,-1.099,13.671,0.493,-90.836,91.261,43.644,-1.197,13.534,,0
16.933,0.055,-90.925,95.405,43.556,-1.099,13.671,0.493,-90.836,91.261,43.644,-1.197,13.534,,0
16.966,0.055,-90.925,95.405,43.556,-1.099,13.671,0.493,-90.836,91.261,43.644,-1.197,13.534,,0
17.000,0.055,-90.925,95.405,43.556,-1.099,13.671,0.493,-90.836,91.261,43.644,-1.197,13.534,,0
17.033,0.055,-90.925,95.405,43.556,-1.099,13.671,0.493,-90.836,91.261,43.644,-1.197,13.534,,0
17.067,0.055,-90.925,95.405,43.556,-1.099,13.671,0.493,-90.836,91.261,43.644,-1.197,13.534,,0
17.100,0.055,-90.925,95.405,43.556,-1.099,13.671,0.493,-90.836,91.261,43.644,-1.197,13.534,,0
17.133,0.055,-90.925,95.405,43.556,-1.099,13.671,0.493,-90.836,91.261,43.644,-1.197,13.534,,0
17.167,0.055,-90.925,95.405,43.556,-1.099,13.671,0.493,-90.836,91.261,43.644,-1.197,13.534,,0
17.200,0.055,-90.925,95.405,43.556,-1.099,13.671,0.493,-90.836,91.261,43.644,-1.197,13.534,,0
17.234,0.055,-90.925,95.405,43.556,-1.099,13.671,0.493,-90.836,91.261,43.644,-1.197,13.534,,0
17.267,0.055,-90.925,95.405,43.556,-1.099,13.671,0.493,-90.836,91.261,43.644,-1.197,13.534,,0
17.300,0.055,-90.925,95.405,43.556,-1.099,13.671,0.493,-90.836,91.261,43.644,-1.197,13.534,,0
17.334,0.055,-90.925,95.405,43.556,-1.099,13.671,0.493,-90.836,91.261,43.644,-1.197,13.534,,0
17.367,0.055,-90.925,95.405,43.556,-1.099,13.671,0.493,-90.836,91.261,43.644,-1.197,13.534,,0
17.401,0.055,-90.925,95.405,43.556,-1.099,13.671,0.493,-90.836,91.261,43.644,-1.197,13.534,,0
17.434,0.055,-90.925,95.405,43.556,-1.099,13.671,0.493,-90.836,91.261,43.644,-1.197,13.534,,0
17.467,0.055,-90.925,95.405,43.556,-1.099,13.671,0.493,-90.836,91.261,43.644,-1.197,13.534,,0
17.501,0.055,-90.925,95.405,43.556,-1.099,13.671,0.493,-90.836,91.261,43.644,-1.197,13.534,,0
17.534,0.055,-90.925,95.405,43.556,-1.099,13.671,0.493,-90.836,91.261,43.644,-1.197,13.534,,0
17.568,0.055,-90.925,95.405,43.556,-1.099,13.671,0.493,-90.836,91.261,43.644,-1.197,13.534,,0
17.601,0.055,-90.925,95.405,43.556,-1.099,13.671,0.493,-90.836,91.261,43.644,-1.197,13.534,,0
17.635,0.055,-90.925,95.405,43.556,-1.099,13.671,0.493,-90.836,91.261,43.644,-1.197,13.534,,0
17.668,0.055,-90.925,95.405,43.556,-1.099,13.671,0.493,-90.836,91.261,43.644,-1.197,13.534,,0
17.701,0.055,-90.925,95.405,43.556,-1.099,13.671,0.493,-90.836,91.261,43.644,-1.197,13.534,,0
17.735,0.055,-90.925,95.405,43.556,-1.099,13.671,0.493,-90.836,91.261,43.644,-1.197,13.534,,0
17.768,0.055,-90.925,95.405,43.556,-1.099,13.671,0.493,-90.836,91.261,43.644,-1.197,13.534,,0
17.802,0.055,-90.925,95.405,43.556,-1.099,13.671,0.493,-90.836,91.261,43.644,-1.197,13.534,,0
17.835,0.055,-90.925,95.405,43.556,-1.099,13.671,0.493,-90.836,91.261,43.644,-1.197,13.534,,0
17.868,0.055,-90.925,95.405,43.556,-1.099,13.671,0.493,-90.836,91.261,43.644,-1.197,13.534,,0
17.902,0.055,-90.925,95.405,43.556,-1.099,13.671,0.493,-90.836,91.261,43.644,-1.197,13.534,,0
17.935,0.055,-90.925,95.405,43.556,-1.099,13.671,0.493,-90.836,91.261,43.644,-1.197,13.534,,0
17.969,0.055,-90.925,95.405,43.556,-1.099,13.671,0.493,-90.836,91.261,43.644,-1.197,13.534,,0
18.002,0.055,-90.925,95.405,43.556,-1.099,13.671,0.493,-90.836,91.261,43.644,-1.197,13.534,,0
18.035,0.055,-90.925,95.405,43.556,-1.099,13.671,0.493,-90.836,91.261,43.644,-1.197,13.534,,0
18.069,0.055,-90.925,95.405,43.556,-1.099,13.671,0.493,-90.836,91.261,43.644,-1.197,13.534,,0
18.102,0.055,-90.925,95.405,43.556,-1.099,13.671,0.493,-90.836,91.261,43.644,-1.197,13.534,,0
18.136,0.055,-90.925,95.405,43.556,-1.099,13.671,0.493,-90.836,91.261,43.644,-1.197,13.534,,0
18.169,0.055,-90.925,95.405,43.556,-1.099,13.671,0.493,-90.836,91.261,43.644,-1.197,13.534,,0
18.202,0.055,-90.925,95.405,43.556,-1.099,13.671,0.493,-90.836,91.261,43.644,-1.197,13.534,,0
18.236,0.055,-90.925,95.405,43.556,-1.099,13.671,0.493,-90.836,91.261,43.644,-1.197,13.534,,0
18.269,0.055,-90.925,95.405,43.556,-1.099,13.671,0.493,-90.836,91.261,43.644,-1.197,13.534,,0
18.303,0.055,-90.925,95.405,43.556,-1.099,13.671,0.493,-90.836,91.261,43.644,-1.197,13.534,,0
18.336,0.055,-90.925,95.405,43.556,-1.099,13.671,0.493,-90.836,91.261,43.644,-1.197,13.534,,0
18.369,0.055,-90.925,95.405,43.556,-1.099,13.671,0.493,-90.836,91.261,43.644,-1.197,13.534,,0
18.403,0.055,-90.925,95.405,43.556,-1.099,13.671,0.493,-90.836,91.261,43.644,-1.197,13.534,,0
18.436,0.055,-90.925,95.405,43.556,-1.099,13.671,0.493,-90.836,91.261,43.644,-1.197,13.534,,0
18.470,0.055,-90.925,95.405,43.556,-1.099,13.671,0.493,-90.836,91.261,43.644,-1.197,13.534,,0
18.503,0.055,-90.925,95.405,43.556,-1.099,13.671,0.493,-90.836,91.261,43.644,-1.197,13.534,,0
18.537,0.055,-90.925,95.405,43.556,-1.099,13.671,0.493,-90.836,91.261,43.644,-1.197,13.534,,0
18.570,0.055,-90.925,95.405,43.556,-1.099,13.671,0.493,-90.836,91.261,43.644,-1.197,13.534,,0
18.603,0.055,-90.925,95.405,43.556,-1.099,13.671,0.493,-90.836,91.261,43.644,-1.197,13.534,,0
18.637,0.055,-90.925,95.405,43.556,-1.099,13.671,0.493,-90.836,91.261,43.644,-1.197,13.534,,0
18.670,0.055,-90.925,95.405,43.556,-1.099,13.671,0.493,-90.836,91.261,43.644,-1.197,13.534,,0
18.704,0.055,-90.925,95.405,43.556,-1.099,13.671,0.493,-90.836,91.261,43.644,-1.197,13.534,,0
18.737,0.055,-90.925,95.405,43.556,-1.099,13.671,0.493,-90.836,91.261,43.644,-1.197,13.534,,0
18.770,0.055,-90.925,95.405,43.556,-1.099,13.671,0.493,-90.836,91.261,43.644,-1.197,13.534,,0
18.804,0.055,-90.925,95.405,43.556,-1.099,13.671,0.493,-90.836,91.261,43.644,-1.197,13.534,,0
18.837,0.055,-90.925,95.405,43.556,-1.099,13.671,0.493,-90.836,91.261,43.644,-1.197,13.534,,0
18.871,0.055,-90.925,95.405,43.556,-1.099,13.671,0.493,-90.836,91.261,43.644,-1.197,13.534,,0
18.904,0.055,-90.925,95.405,43.556,-1.099,13.671,0.493,-90.836,91.261,43.644,-1.197,13.534,,0
18.937,0.055,-90.925,95.405,43.556,-1.099,13.671,0.493,-90.836,91.261,43.644,-1.197,13.534,,0
18.971,0.055,-90.925,95.405,43.556,-1.099,13.671,0.493,-90.836,91.261,43.644,-1.197,13.534,,0
19.004,0.055,-90.925,95.405,43.556,-1.099,13.671,0.493,-90.836,91.261,43.644,-1.197,13.534,,0
19.038,0.055,-90.925,95.405,43.556,-1.099,13.671,0.493,-90.836,91.261,43.644,-1.197,13.534,,0
19.071,0.055,-90.925,95.405,43.556,-1.099,13.671,0.493,-90.836,91.261,43.644,-1.197,13.534,,0
19.104,0.055,-90.925,95.405,43.556,-1.099,13.671,0.493,-90.836,91.261,43.644,-1.197,13.534,,0
19.138,0.055,-90.925,95.405,43.556,-1.099,13.671,0.493,-90.836,91.261,43.644,-1.197,13.534,,0
19.171,0.055,-90.925,95.405,43.556,-1.099,13.671,0.493,-90.836,91.261,43.644,-1.197,13.534,,0
19.205,0.055,-90.925,95.405,43.556,-1.099,13.671,0.493,-90.836,91.261,43.644,-1.197,13.534,,0
19.238,0.055,-90.925,95.405,43.556,-1.099,13.671,0.493,-90.836,91.261,43.644,-1.197,13.534,,0
19.271,0.055,-90.925,95.405,43.556,-1.099,13.671,0.493,-90.836,91.261,43.644,-1.197,13.534,,0
19.305,0.055,-90.925,95.405,43.556,-1.099,13.671,0.493,-90.836,91.261,43.644,-1.197,13.534,,0
19.338,0.055,-90.925,95.405,43.556,-1.099,13.671,0.493,-90.836,91.261,43.644,-1.197,13.534,,0
19.372,0.055,-90.925,95.405,43.556,-1.099,13.671,0.493,-90.836,91.261,43.644,-1.197,13.534,,0
19.405,0.055,-90.925,95.405,43.556,-1.099,13.671,0.493,-90.836,91.261,43.644,-1.197,13.534,,0
19.438,0.055,-90.925,95.405,43.556,-1.099,13.671,0.493,-90.836,91.261,43.644,-1.197,13.534,,0
19.472,0.055,-90.925,95.405,43.556,-1.099,13.671,0.493,-90.836,91.261,43.644,-1.197,13.534,,0
19.505,0.055,-90.925,95.405,43.556,-1.099,13.671,0.493,-90.836,91.261,43.644,-1.197,13.534,,0
19.539,0.055,-90.925,95.405,43.556,-1.099,13.671,0.493,-90.836,91.261,43.644,-1.197,13.534,,0
19.572,0.055,-90.925,95.405,43.556,-1.099,13.671,0.493,-90.836,91.261,43.644,-1.197,13.534,,0
19.605,0.055,-90.925,95.405,43.556,-1.099,13.671,0.493,-90.836,91.261,43.644,-1.197,13.534,,0
19.639,0.055,-90.925,95.405,43.556,-1.099,13.671,0.493,-90.836,91.261,43.644,-1.197,13.534,,0
19.672,0.055,-90.925,95.405,43.556,-1.099,13.671,0.493,-90.836,91.261,43.644,-1.197,13.534,,0
19.706,0.055,-90.925,95.405,43.556,-1.099,13.671,0.493,-90.836,91.261,43.644,-1.197,13.534,,0
19.739,0.055,-90.925,95.405,43.556,-1.099,13.671,0.493,-90.836,91.261,43.644,-1.197,13.534,,0
19.772,0.055,-90.925,95.405,43.556,-1.099,13.671,0.493,-90.836,91.261,43.644,-1.197,13.534,,0
19.806,0.055,-90.925,95.405,43.556,-1.099,13.671,0.493,-90.836,91.261,43.644,-1.197,13.534,,0
19.839,0.055,-90.925,95.405,43.556,-1.099,13.671,0.493,-90.836,91.261,43.644,-1.197,13.534,,0
19.873,0.055,-90.925,95.405,43.556,-1.099,13.671,0.493,-90.836,91.261,43.644,-1.197,13.534,,0
19.906,0.055,-90.925,95.405,43.556,-1.099,13.671,0.493,-90.836,91.261,43.644,-1.197,13.534,,0
19.940,0.055,-90.925,95.405,43.556,-1.099,13.671,0.493,-90.836,91.261,43.644,-1.197,13.534,,0
19.973,0.055,-90.925,95.405,43.556,-1.099,13.671,0.493,-90.836,91.261,43.644,-1.197,13.534,,0
20.006,0.055,-90.925,95.405,43.556,-1.099,13.671,0.493,-90.836,91.261,43.644,-1.197,13.534,,0
20.040,0.055,-90.925,95.405,43.556,-1.099,13.671,0.493,-90.836,91.261,43.644,-1.197,13.534,,0
20.073,0.055,-90.925,95.405,43.556,-1.099,13.671,0.493,-90.836,91.261,43.644,-1.197,13.534,,0
20.107,0.055,-90.925,95.405,43.556,-1.099,13.671,0.493,-90.836,91.261,43.644,-1.197,13.534,,0
20.140,0.055,-90.925,95.405,43.556,-1.099,13.671,0.493,-90.836,91.261,43.644,-1.197,13.534,,0
20.173,0.055,-90.925,95.405,43.556,-1.099,13.671,0.493,-90.836,91.261,43.644,-1.197,13.534,,0
20.207,0.055,-90.925,95.405,43.556,-1.099,13.671,0.493,-90.836,91.261,43.644,-1.197,13.534,,0
20.240,0.055,-90.925,95.405,43.556,-1.099,13.671,0.493,-90.836,91.261,43.644,-1.197,13.534,,0
20.274,0.055,-90.925,95.405,43.556,-1.099,13.671,0.493,-90.836,91.261,43.644,-1.197,13.534,,0
20.307,0.055,-90.925,95.405,43.556,-1.099,13.671,0.493,-90.836,91.261,43.644,-1.197,13.534,,0
20.341,0.055,-90.925,95.405,43.556,-1.099,13.671,0.493,-90.836,91.261,43.644,-1.197,13.534,,0
20.374,0.055,-90.925,95.405,43.556,-1.099,13.671,0.493,-90.836,91.261,43.644,-1.197,13.534,,0
20.407,0.055,-90.925,95.405,43.556,-1.099,13.671,0.493,-90.836,91.261,43.644,-1.197,13.534,,0
20.441,0.055,-90.925,95.405,43.556,-1.099,13.671,0.493,-90.836,91.261,43.644,-1.197,13.534,,0
20.474,0.055,-90.925,95.405,43.556,-1.099,13.671,0.493,-90.836,91.261,43.644,-1.197,13.534,,0
20.508,0.055,-90.925,95.405,43.556,-1.099,13.671,0.493,-90.836,91.261,43.644,-1.197,13.534,,0
20.541,0.055,-90.925,95.405,43.556,-1.099,13.671,0.493,-90.836,91.261,43.644,-1.197,13.534,,0
20.574,0.055,-90.925,95.405,43.556,-1.099,13.671,0.493,-90.836,91.261,43.644,-1.197,13.534,,0
20.608,0.055,-90.925,95.405,43.556,-1.099,13.671,0.493,-90.836,91.261,43.644,-1.197,13.534,,0
20.641,0.055,-90.925,95.405,43.556,-1.099,13.671,0.493,-90.836,91.261,43.644,-1.197,13.534,,0
20.675,0.055,-90.925,95.405,43.556,-1.099,13.671,0.493,-90.836,91.261,43.644,-1.197,13.534,,0
20.708,0.055,-90.925,95.405,43.556,-1.099,13.671,0.493,-90.836,91.261,43.644,-1.197,13.534,,0
20.741,0.055,-90.925,95.405,43.556,-1.099,13.671,0.493,-90.836,91.261,43.644,-1.197,13.534,,0
20.775,0.055,-90.925,95.405,43.556,-1.099,13.671,0.493,-90.836,91.261,43.644,-1.197,13.534,,0
20.808,0.055,-90.925,95.405,43.556,-1.099,13.671,0.493,-90.836,91.261,43.644,-1.197,13.534,,0
20.842,0.055,-90.925,95.405,43.556,-1.099,13.671,0.493,-90.836,91.261,43.644,-1.197,13.534,,0
20.875,0.055,-90.925,95.405,43.556,-1.099,13.671,0.493,-90.836,91.261,43.644,-1.197,13.534,,0
20.908,0.055,-90.925,95.405,43.556,-1.099,13.671,0.493,-90.836,91.261,43.644,-1.197,13.534,,0
20.942,0.055,-90.925,95.405,43.556,-1.099,13.671,0.493,-90.836,91.261,43.644,-1.197,13.534,,0
20.975,0.055,-90.925,95.405,43.556,-1.099,13.671,0.493,-90.836,91.261,43.644,-1.197,13.534,,0
21.009,0.055,-90.925,95.405,43.556,-1.099,13.671,0.493,-90.836,91.261,43.644,-1.197,13.534,,0
21.042,0.055,-90.925,95.405,43.556,-1.099,13.671,0.493,-90.836,91.261,43.644,-1.197,13.534,,0
21.075,0.055,-90.925,95.405,43.556,-1.099,13.671,0.493,-90.836,91.261,43.644,-1.197,13.534,,0
21.109,0.055,-90.925,95.405,43.556,-1.099,13.671,0.493,-90.836,91.261,43.644,-1.197,13.534,,0
21.142,0.055,-90.925,95.405,43.556,-1.099,13.671,0.493,-90.836,91.261,43.644,-1.197,13.534,,0
21.176,0.055,-90.925,95.405,43.556,-1.099,13.671,0.493,-90.836,91.261,43.644,-1.197,13.534,,0
21.209,0.055,-90.925,95.405,43.556,-1.099,13.671,0.493,-90.836,91.261,43.644,-1.197,13.534,,0
21.242,0.055,-90.925,95.405,43.556,-1.099,13.671,0.493,-90.836,91.261,43.644,-1.197,13.534,,0
21.276,0.055,-90.925,95.405,43.556,-1.099,13.671,0.493,-90.836,91.261,43.644,-1.197,13.534,,0
21.309,0.055,-90.925,95.405,43.556,-1.099,13.671,0.493,-90.836,91.261,43.644,-1.197,13.534,,0
21.343,0.055,-90.925,95.405,43.556,-1.099,13.671,0.493,-90.836,91.261,43.644,-1.197,13.534,,0
21.376,0.055,-90.925,95.405,43.556,-1.099,13.671,0.493,-90.836,91.261,43.644,-1.197,13.534,,0
21.410,0.055,-90.925,95.405,43.556,-1.099,13.671,0.493,-90.836,91.261,43.644,-1.197,13.534,,0
21.443,0.055,-90.925,95.405,43.556,-1.099,13.671,0.493,-90.836,91.261,43.644,-1.197,13.534,,0
21.476,0.055,-90.925,95.405,43.556,-1.099,13.671,0.493,-90.836,91.261,43.644,-1.197,13.534,,0
21.510,0.055,-90.925,95.405,43.556,-1.099,13.671,0.493,-90.836,91.261,43.644,-1.197,13.534,,0
21.543,0.055,-90.925,95.405,43.556,-1.099,13.671,0.493,-90.836,91.261,43.644,-1.197,13.534,,0
21.577,0.055,-90.925,95.405,43.556,-1.099,13.671,0.493,-90.836,91.261,43.644,-1.197,13.534,,0
21.610,0.055,-90.925,95.405,43.556,-1.099,13.671,0.493,-90.836,91.261,43.644,-1.197,13.534,,0
21.643,0.055,-90.925,95.405,43.556,-1.099,13.671,0.493,-90.836,91.261,43.644,-1.197,13.534,,0
21.677,0.055,-90.925,95.405,43.556,-1.099,13.671,0.493,-90.836,91.261,43.644,-1.197,13.534,,0
21.710,0.055,-90.925,95.405,43.556,-1.099,13.671,0.493,-90.836,91.261,43.644,-1.197,13.534,,0
21.744,0.055,-90.925,95.405,43.556,-1.099,13.671,0.493,-90.836,91.261,43.644,-1.197,13.534,,0
21.777,0.055,-90.925,95.405,43.556,-1.099,13.671,0.493,-90.836,91.261,43.644,-1.197,13.534,,0
21.810,0.055,-90.925,95.405,43.556,-1.099,13.671,0.493,-90.836,91.261,43.644,-1.197,13.534,,0
21.844,0.055,-90.925,95.405,43.556,-1.099,13.671,0.493,-90.836,91.261,43.644,-1.197,13.534,,0
21.877,0.055,-90.925,95.405,43.556,-1.099,13.671,0.493,-90.836,91.261,43.644,-1.197,13.534,,0
21.911,0.055,-90.925,95.405,43.556,-1.099,13.671,0.493,-90.836,91.261,43.644,-1.197,13.534,,0
21.944,0.055,-90.925,95.405,43.556,-1.099,13.671,0.493,-90.836,91.261,43.644,-1.197,13.534,,0
21.977,0.055,-90.925,95.405,43.556,-1.099,13.671,0.493,-90.836,91.261,43.644,-1.197,13.534,,0
22.011,0.055,-90.925,95.405,43.556,-1.099,13.671,0.493,-90.836,91.261,43.644,-1.197,13.534,,0
22.044,0.055,-90.925,95.405,43.556,-1.099,13.671,0.493,-90.836,91.261,43.644,-1.197,13.534,,0
22.078,0.055,-90.925,95.405,43.556,-1.099,13.671,0.493,-90.836,91.261,43.644,-1.197,13.534,,0
22.111,0.055,-90.925,95.405,43.556,-1.099,13.671,0.493,-90.836,91.261,43.644,-1.197,13.534,,0
22.145,0.055,-90.925,95.405,43.556,-1.099,13.671,0.493,-90.836,91.261,43.644,-1.197,13.534,,0
22.178,0.055,-90.925,95.405,43.556,-1.099,13.671,0.493,-90.836,91.261,43.644,-1.197,13.534,,0
22.211,0.055,-90.925,95.405,43.556,-1.099,13.671,0.493,-90.836,91.261,43.644,-1.197,13.534,,0
22.245,0.055,-90.925,95.405,43.556,-1.099,13.671,0.493,-90.836,91.261,43.644,-1.197,13.534,,0
22.278,0.055,-90.925,95.405,43.556,-1.099,13.671,0.493,-90.836,91.261,43.644,-1.197,13.534,,0
22.312,0.055,-90.925,95.405,43.556,-1.099,13.671,0.493,-90.836,91.261,43.644,-1.197,13.534,,0
22.345,0.055,-90.925,95.405,43.556,-1.099,13.671,0.493,-90.836,91.261,43.644,-1.197,13.534,,0
22.378,0.055,-90.925,95.405,43.556,-1.099,13.671,0.493,-90.836,91.261,43.644,-1.197,13.534,,0
22.412,0.055,-90.925,95.405,43.556,-1.099,13.671,0.493,-90.836,91.261,43.644,-1.197,13.534,,0
22.445,0.055,-90.925,95.405,43.556,-1.099,13.671,0.493,-90.836,91.261,43.644,-1.197,13.534,,0
22.479,0.055,-90.925,95.405,43.556,-1.099,13.671,0.493,-90.836,91.261,43.644,-1.197,13.534,,0
22.512,0.055,-90.925,95.405,43.556,-1.099,13.671,0.493,-90.836,91.261,43.644,-1.197,13.534,,0
22.545,0.055,-90.925,95.405,43.556,-1.099,13.671,0.493,-90.836,91.261,43.644,-1.197,13.534,,0
22.579,0.055,-90.925,95.405,43.556,-1.099,13.671,0.493,-90.836,91.261,43.644,-1.197,13.534,,0
22.612,0.055,-90.925,95.405,43.556,-1.099,13.671,0.493,-90.836,91.261,43.644,-1.197,13.534,,0
22.646,0.055,-90.925,95.405,43.556,-1.099,13.671,0.493,-90.836,91.261,43.644,-1.197,13.534,,0
22.679,0.055,-90.925,95.405,43.556,-1.099,13.671,0.493,-90.836,91.261,43.644,-1.197,13.534,,0
22.712,0.055,-90.925,95.405,43.556,-1.099,13.671,0.493,-90.836,91.261,43.644,-1.197,13.534,,0
22.746,0.055,-90.925,95.405,43.556,-1.099,13.671,0.493,-90.836,91.261,43.644,-1.197,13.534,,0
22.779,0.055,-90.925,95.405,43.556,-1.099,13.671,0.493,-90.836,91.261,43.644,-1.197,13.534,,0
22.813,0.055,-90.925,95.405,43.556,-1.099,13.671,0.493,-90.836,91.261,43.644,-1.197,13.534,,0
22.846,0.055,-90.925,95.405,43.556,-1.099,13.671,0.493,-90.836,91.261,43.644,-1.197,13.534,,0
22.879,0.055,-90.925,95.405,43.556,-1.099,13.671,0.493,-90.836,91.261,43.644,-1.197,13.534,,0
22.913,0.055,-90.925,95.405,43.556,-1.099,13.671,0.493,-90.836,91.261,43.644,-1.197,13.534,,0
22.946,0.055,-90.925,95.405,43.556,-1.099,13.671,0.493,-90.836,91.261,43.644,-1.197,13.534,,0
22.980,0.055,-90.925,95.405,43.556,-1.099,13.671,0.493,-90.836,91.261,43.644,-1.197,13.534,,0
23.013,0.055,-90.925,95.405,43.556,-1.099,13.671,0.493,-90.836,91.261,43.644,-1.197,13.534,,0
23.046,0.055,-90.925,95.405,43.556,-1.099,13.671,0.493,-90.836,91.261,43.644,-1.197,13.534,,0
23.080,0.055,-90.925,95.405,43.556,-1.099,13.671,0.493,-90.836,91.261,43.644,-1.197,13.534,,0
23.113,0.055,-90.925,95.405,43.556,-1.099,13.671,0.493,-90.836,91.261,43.644,-1.197,13.534,,0
23.147,0.055,-90.925,95.405,43.556,-1.099,13.671,0.493,-90.836,91.261,43.644,-1.197,13.534,,0
23.180,0.055,-90.925,95.405,43.556,-1.099,13.671,0.493,-90.836,91.261,43.644,-1.197,13.534,,0
23.213,0.055,-90.925,95.405,43.556,-1.099,13.671,0.493,-90.836,91.261,43.644,-1.197,13.534,,0
23.247,0.055,-90.925,95.405,43.556,-1.099,13.671,0.493,-90.836,91.261,43.644,-1.197,13.534,,0
23.280,0.055,-90.925,95.405,43.556,-1.099,13.671,0.493,-90.836,91.261,43.644,-1.197,13.534,,0
23.314,0.055,-90.925,95.405,43.556,-1.099,13.671,0.493,-90.836,91.261,43.644,-1.197,13.534,,0
23.347,0.055,-90.925,95.405,43.556,-1.099,13.671,0.493,-90.836,91.261,43.644,-1.197,13.534,,0
23.380,0.055,-90.925,95.405,43.556,-1.099,13.671,0.493,-90.836,91.261,43.644,-1.197,13.534,,0
23.414,0.055,-90.925,95.405,43.556,-1.099,13.671,0.493,-90.836,91.261,43.644,-1.197,13.534,,0
23.447,0.055,-90.925,95.405,43.556,-1.099,13.671,0.493,-90.836,91.261,43.644,-1.197,13.534,,0
23.481,0.055,-90.925,95.405,43.556,-1.099,13.671,0.493,-90.836,91.261,43.644,-1.197,13.534,,0
23.514,0.055,-90.925,95.405,43.556,-1.099,13.671,0.493,-90.836,91.261,43.644,-1.197,13.534,,0
23.547,0.055,-90.925,95.405,43.556,-1.099,13.671,0.493,-90.836,91.261,43.644,-1.197,13.534,,0
23.581,0.055,-90.925,95.405,43.556,-1.099,13.671,0.493,-90.836,91.261,43.644,-1.197,13.534,,0
23.614,0.055,-90.925,95.405,43.556,-1.099,13.671,0.493,-90.836,91.261,43.644,-1.197,13.534,,0
23.648,0.055,-90.925,95.405,43.556,-1.099,13.671,0.493,-90.836,91.261,43.644,-1.197,13.534,,0
23.681,0.055,-90.925,95.405,43.556,-1.099,13.671,0.493,-90.836,91.261,43.644,-1.197,13.534,,0
23.714,0.055,-90.925,95.405,43.556,-1.099,13.671,0.493,-90.836,91.261,43.644,-1.197,13.534,,0
23.748,0.055,-90.925,95.405,43.556,-1.099,13.671,0.493,-90.836,91.261,43.644,-1.197,13.534,,0
23.781,0.055,-90.925,95.405,43.556,-1.099,13.671,0.493,-90.836,91.261,43.644,-1.197,13.534,,0
23.815,0.055,-90.925,95.405,43.556,-1.099,13.671,0.493,-90.836,91.261,43.644,-1.197,13.534,,0
23.848,0.055,-90.925,95.405,43.556,-1.099,13.671,0.493,-90.836,91.261,43.644,-1.197,13.534,,0
23.881,0.055,-90.925,95.405,43.556,-1.099,13.671,0.493,-90.836,91.261,43.644,-1.197,13.534,,0
23.915,0.055,-90.925,95.405,43.556,-1.099,13.671,0.493,-90.836,91.261,43.644,-1.197,13.534,,0
23.948,0.055,-90.925,95.405,43.556,-1.099,13.671,0.493,-90.836,91.261,43.644,-1.197,13.534,,0
23.982,0.055,-90.925,95.405,43.556,-1.099,13.671,0.493,-90.836,91.261,43.644,-1.197,13.534,,0
24.015,0.055,-90.925,95.405,43.556,-1.099,13.671,0.493,-90.836,91.261,43.644,-1.197,13.534,,0
24.048,0.055,-90.925,95.405,43.556,-1.099,13.671,0.493,-90.836,91.261,43.644,-1.197,13.534,,0
24.082,0.055,-90.925,95.405,43.556,-1.099,13.671,0.493,-90.836,91.261,43.644,-1.197,13.534,,0
24.115,0.055,-90.925,95.405,43.556,-1.099,13.671,0.493,-90.836,91.261,43.644,-1.197,13.534,,0
24.149,0.055,-90.925,95.405,43.556,-1.099,13.671,0.493,-90.836,91.261,43.644,-1.197,13.534,,0
24.182,0.055,-90.925,95.405,43.556,-1.099,13.671,0.493,-90.836,91.261,43.644,-1.197,13.534,,0
24.215,0.055,-90.925,95.405,43.556,-1.099,13.671,0.493,-90.836,91.261,43.644,-1.197,13.534,,0
24.249,0.055,-90.925,95.405,43.556,-1.099,13.671,0.493,-90.836,91.261,43.644,-1.197,13.534,,0
24.282,0.055,-90.925,95.405,43.556,-1.099,13.671,0.493,-90.836,91.261,43.644,-1.197,13.534,,0
24.316,0.055,-90.925,95.405,43.556,-1.099,13.671,0.493,-90.836,91.261,43.644,-1.197,13.534,,0
24.349,0.055,-90.925,95.405,43.556,-1.099,13.671,0.493,-90.836,91.261,43.644,-1.197,13.534,,0
24.382,0.055,-90.925,95.405,43.556,-1.099,13.671,0.493,-90.836,91.261,43.644,-1.197,13.534,,0
24.416,0.055,-90.925,95.405,43.556,-1.099,13.671,0.493,-90.836,91.261,43.644,-1.197,13.534,,0
24.449,0.055,-90.925,95.405,43.556,-1.099,13.671,0.493,-90.836,91.261,43.644,-1.197,13.534,,0
24.483,0.055,-90.925,95.405,43.556,-1.099,13.671,0.493,-90.836,91.261,43.644,-1.197,13.534,,0
24.516,0.055,-90.925,95.405,43.556,-1.099,13.671,0.493,-90.836,91.261,43.644,-1.197,13.534,,0
24.549,0.055,-90.925,95.405,43.556,-1.099,13.671,0.493,-90.836,91.261,43.644,-1.197,13.534,,0
24.583,0.055,-90.925,95.405,43.556,-1.099,13.671,0.493,-90.836,91.261,43.644,-1.197,13.534,,0
24.616,0.055,-90.925,95.405,43.556,-1.099,13.671,0.493,-90.836,91.261,43.644,-1.197,13.534,,0
24.650,0.055,-90.925,95.405,43.556,-1.099,13.671,0.493,-90.836,91.261,43.644,-1.197,13.534,,0
24.683,0.055,-90.925,95.405,43.556,-1.099,13.671,0.493,-90.836,91.261,43.644,-1.197,13.534,,0
24.716,0.055,-90.925,95.405,43.556,-1.099,13.671,0.493,-90.836,91.261,43.644,-1.197,13.534,,0
24.750,0.055,-90.925,95.405,43.556,-1.099,13.671,0.493,-90.836,91.261,43.644,-1.197,13.534,,0
24.783,0.055,-90.925,95.405,43.556,-1.099,13.671,0.493,-90.836,91.261,43.644,-1.197,13.534,,0
24.817,0.055,-90.925,95.405,43.556,-1.099,13.671,0.493,-90.836,91.261,43.644,-1.197,13.534,,0
24.850,0.055,-90.925,95.405,43.556,-1.099,13.671,0.493,-90.836,91.261,43.644,-1.197,13.534,,0
24.883,0.055,-90.925,95.405,43.556,-1.099,13.671,0.493,-90.836,91.261,43.644,-1.197,13.534,,0
24.917,0.055,-90.925,95.405,43.556,-1.099,13.671,0.493,-90.836,91.261,43.644,-1.197,13.534,,0
24.950,0.055,-90.925,95.405,43.556,-1.099,13.671,0.493,-90.836,91.261,43.644,-1.197,13.534,,0
24.984,0.055,-90.925,95.405,43.556,-1.099,13.671,0.493,-90.836,91.261,43.644,-1.197,13.534,,0
25.017,0.055,-90.925,95.405,43.556,-1.099,13.671,0.493,-90.836,91.261,43.644,-1.197,13.534,,0
25.050,0.055,-90.925,95.405,43.556,-1.099,13.671,0.493,-90.836,91.261,43.644,-1.197,13.534,,0
25.084,0.055,-90.925,95.405,43.556,-1.099,13.671,0.493,-90.836,91.261,43.644,-1.197,13.534,,0
25.117,0.055,-90.925,95.405,43.556,-1.099,13.671,0.493,-90.836,91.261,43.644,-1.197,13.534,,0
25.151,0.055,-90.925,95.405,43.556,-1.099,13.671,0.493,-90.836,91.261,43.644,-1.197,13.534,,0
25.184,0.055,-90.925,95.405,43.556,-1.099,13.671,0.493,-90.836,91.261,43.644,-1.197,13.534,,0
25.217,0.055,-90.925,95.405,43.556,-1.099,13.671,0.493,-90.836,91.261,43.644,-1.197,13.534,,0
25.251,0.055,-90.925,95.405,43.556,-1.099,13.671,0.493,-90.836,91.261,43.644,-1.197,13.534,,0
25.284,0.055,-90.925,95.405,43.556,-1.099,13.671,0.493,-90.836,91.261,43.644,-1.197,13.534,,0
25.318,0.055,-90.925,95.405,43.556,-1.099,13.671,0.493,-90.836,91.261,43.644,-1.197,13.534,,0
25.351,0.055,-90.925,95.405,43.556,-1.099,13.671,0.493,-90.836,91.261,43.644,-1.197,13.534,,0
25.384,0.055,-90.925,95.405,43.556,-1.099,13.671,0.493,-90.836,91.261,43.644,-1.197,13.534,,0
25.418,0.055,-90.925,95.405,43.556,-1.099,13.671,0.493,-90.836,91.261,43.644,-1.197,13.534,,0
25.451,0.055,-90.925,95.405,43.556,-1.099,13.671,0.493,-90.836,91.261,43.644,-1.197,13.534,,0
25.485,0.055,-90.925,95.405,43.556,-1.099,13.671,0.493,-90.836,91.261,43.644,-1.197,13.534,,0
25.518,0.055,-90.925,95.405,43.556,-1.099,13.671,0.493,-90.836,91.261,43.644,-1.197,13.534,,0
25.551,0.055,-90.925,95.405,43.556,-1.099,13.671,0.493,-90.836,91.261,43.644,-1.197,13.534,,0
25.585,0.055,-90.925,95.405,43.556,-1.099,13.671,0.493,-90.836,91.261,43.644,-1.197,13.534,,0
25.618,0.055,-90.925,95.405,43.556,-1.099,13.671,0.493,-90.836,91.261,43.644,-1.197,13.534,,0
25.652,0.055,-90.925,95.405,43.556,-1.099,13.671,0.493,-90.836,91.261,43.644,-1.197,13.534,,0
25.685,0.055,-90.925,95.405,43.556,-1.099,13.671,0.493,-90.836,91.261,43.644,-1.197,13.534,,0
25.718,0.055,-90.925,95.405,43.556,-1.099,13.671,0.493,-90.836,91.261,43.644,-1.197,13.534,,0
25.752,0.055,-90.925,95.405,43.556,-1.099,13.671,0.493,-90.836,91.261,43.644,-1.197,13.534,,0
25.785,0.055,-90.925,95.405,43.556,-1.099,13.671,0.493,-90.836,91.261,43.644,-1.197,13.534,,0
25.818,0.055,-90.925,95.405,43.556,-1.099,13.671,0.493,-90.836,91.261,43.644,-1.197,13.534,,0
25.852,0.055,-90.925,95.405,43.556,-1.099,13.671,0.493,-90.836,91.261,43.644,-1.197,13.534,,0
25.885,0.055,-90.925,95.405,43.556,-1.099,13.671,0.493,-90.836,91.261,43.644,-1.197,13.534,,0
25.919,0.055,-90.925,95.405,43.556,-1.099,13.671,0.493,-90.836,91.261,43.644,-1.197,13.534,,0
25.952,0.055,-90.925,95.405,43.556,-1.099,13.671,0.493,-90.836,91.261,43.644,-1.197,13.534,,0
25.985,0.055,-90.925,95.405,43.556,-1.099,13.671,0.493,-90.836,91.261,43.644,-1.197,13.534,,0
26.019,0.055,-90.925,95.405,43.556,-1.099,13.671,0.493,-90.836,91.261,43.644,-1.197,13.534,,0
26.052,0.055,-90.925,95.405,43.556,-1.099,13.671,0.493,-90.836,91.261,43.644,-1.197,13.534,,0
26.086,0.055,-90.925,95.405,43.556,-1.099,13.671,0.493,-90.836,91.261,43.644,-1.197,13.534,,0
26.119,0.055,-90.925,95.405,43.556,-1.099,13.671,0.493,-90.836,91.261,43.644,-1.197,13.534,,0
26.152,0.055,-90.925,95.405,43.556,-1.099,13.671,0.493,-90.836,91.261,43.644,-1.197,13.534,,0
26.186,0.055,-90.925,95.405,43.556,-1.099,13.671,0.493,-90.836,91.261,43.644,-1.197,13.534,,0
26.219,0.055,-90.925,95.405,43.556,-1.099,13.671,0.493,-90.836,91.261,43.644,-1.197,13.534,,0
26.253,0.055,-90.925,95.405,43.556,-1.099,13.671,0.493,-90.836,91.261,43.644,-1.197,13.534,,0
26.286,0.055,-90.925,95.405,43.556,-1.099,13.671,0.493,-90.836,91.261,43.644,-1.197,13.534,,0
26.319,0.055,-90.925,95.405,43.556,-1.099,13.671,0.493,-90.836,91.261,43.644,-1.197,13.534,,0
26.353,0.055,-90.925,95.405,43.556,-1.099,13.671,0.493,-90.836,91.261,43.644,-1.197,13.534,,0
26.386,0.055,-90.925,95.405,43.556,-1.099,13.671,0.493,-90.836,91.261,43.644,-1.197,13.534,,0
26.420,0.055,-90.925,95.405,43.556,-1.099,13.671,0.493,-90.836,91.261,43.644,-1.197,13.534,,0
26.453,0.055,-90.925,95.405,43.556,-1.099,13.671,0.493,-90.836,91.261,43.644,-1.197,13.534,,0
26.486,0.055,-90.925,95.405,43.556,-1.099,13.671,0.493,-90.836,91.261,43.644,-1.197,13.534,,0
26.520,0.055,-90.925,95.405,43.556,-1.099,13.671,0.493,-90.836,91.261,43.644,-1.197,13.534,,0
26.553,0.055,-90.925,95.405,43.556,-1.099,13.671,0.493,-90.836,91.261,43.644,-1.197,13.534,,0
26.587,0.055,-90.925,95.405,43.556,-1.099,13.671,0.493,-90.836,91.261,43.644,-1.197,13.534,,0
26.620,0.055,-90.925,95.405,43.556,-1.099,13.671,0.493,-90.836,91.261,43.644,-1.197,13.534,,0
26.653,0.055,-90.925,95.405,43.556,-1.099,13.671,0.493,-90.836,91.261,43.644,-1.197,13.534,,0
26.687,0.055,-90.925,95.405,43.556,-1.099,13.671,0.493,-90.836,91.261,43.644,-1.197,13.534,,0
26.720,0.055,-90.925,95.405,43.556,-1.099,13.671,0.493,-90.836,91.261,43.644,-1.197,13.534,,0
26.754,0.055,-90.925,95.405,43.556,-1.099,13.671,0.493,-90.836,91.261,43.644,-1.197,13.534,,0
26.787,0.055,-90.925,95.405,43.556,-1.099,13.671,0.493,-90.836,91.261,43.644,-1.197,13.534,,0
26.820,0.055,-90.925,95.405,43.556,-1.099,13.671,0.493,-90.836,91.261,43.644,-1.197,13.534,,0
26.854,0.055,-90.925,95.405,43.556,-1.099,13.671,0.493,-90.836,91.261,43.644,-1.197,13.534,,0
26.887,0.055,-90.925,95.405,43.556,-1.099,13.671,0.493,-90.836,91.261,43.644,-1.197,13.534,,0
26.921,0.055,-90.925,95.405,43.556,-1.099,13.671,0.493,-90.836,91.261,43.644,-1.197,13.534,,0
26.954,0.055,-90.925,95.405,43.556,-1.099,13.671,0.493,-90.836,91.261,43.644,-1.197,13.534,,0
26.987,0.055,-90.925,95.405,43.556,-1.099,13.671,0.493,-90.836,91.261,43.644,-1.197,13.534,,0
27.021,0.055,-90.925,95.405,43.556,-1.099,13.671,0.493,-90.836,91.261,43.644,-1.197,13.534,,0
27.054,0.055,-90.925,95.405,43.556,-1.099,13.671,0.493,-90.836,91.261,43.644,-1.197,13.534,,0
27.088,0.055,-90.925,95.405,43.556,-1.099,13.671,0.493,-90.836,91.261,43.644,-1.197,13.534,,0
27.121,0.055,-90.925,95.405,43.556,-1.099,13.671,0.493,-90.836,91.261,43.644,-1.197,13.534,,0
27.154,0.055,-90.925,95.405,43.556,-1.099,13.671,0.493,-90.836,91.261,43.644,-1.197,13.534,,0
27.188,0.055,-90.925,95.405,43.556,-1.099,13.671,0.493,-90.836,91.261,43.644,-1.197,13.534,,0
27.221,0.055,-90.925,95.405,43.556,-1.099,13.671,0.493,-90.836,91.261,43.644,-1.197,13.534,,0
27.255,0.055,-90.925,95.405,43.556,-1.099,13.671,0.493,-90.836,91.261,43.644,-1.197,13.534,,0
27.288,0.055,-90.925,95.405,43.556,-1.099,13.671,0.493,-90.836,91.261,43.644,-1.197,13.534,,0
27.321,0.055,-90.925,95.405,43.556,-1.099,13.671,0.493,-90.836,91.261,43.644,-1.197,13.534,,0
27.355,0.055,-90.925,95.405,43.556,-1.099,13.671,0.493,-90.836,91.261,43.644,-1.197,13.534,,0
27.388,0.055,-90.925,95.405,43.556,-1.099,13.671,0.493,-90.836,91.261,43.644,-1.197,13.534,,0
27.422,0.055,-90.925,95.405,43.556,-1.099,13.671,0.493,-90.836,91.261,43.644,-1.197,13.534,,0
27.455,0.055,-90.925,95.405,43.556,-1.099,13.671,0.493,-90.836,91.261,43.644,-1.197,13.534,,0
27.488,0.055,-90.925,95.405,43.556,-1.099,13.671,0.493,-90.836,91.261,43.644,-1.197,13.534,,0
27.522,0.055,-90.925,95.405,43.556,-1.099,13.671,0.493,-90.836,91.261,43.644,-1.197,13.534,,0
27.555,0.055,-90.925,95.405,43.556,-1.099,13.671,0.493,-90.836,91.261,43.644,-1.197,13.534,,0
27.588,0.055,-90.925,95.405,43.556,-1.099,13.671,0.493,-90.836,91.261,43.644,-1.197,13.534,,0
27.622,0.055,-90.925,95.405,43.556,-1.099,13.671,0.493,-90.836,91.261,43.644,-1.197,13.534,,0
27.655,0.055,-90.925,95.405,43.556,-1.099,13.671,0.493,-90.836,91.261,43.644,-1.197,13.534,,0
27.689,0.055,-90.925,95.405,43.556,-1.099,13.671,0.493,-90.836,91.261,43.644,-1.197,13.534,,0
27.722,0.055,-90.925,95.405,43.556,-1.099,13.671,0.493,-90.836,91.261,43.644,-1.197,13.534,,0
27.755,0.055,-90.925,95.405,43.556,-1.099,13.671,0.493,-90.836,91.261,43.644,-1.197,13.534,,0
27.789,0.055,-90.925,95.405,43.556,-1.099,13.671,0.493,-90.836,91.261,43.644,-1.197,13.534,,0
27.822,0.055,-90.925,95.405,43.556,-1.099,13.671,0.493,-90.836,91.261,43.644,-1.197,13.534,,0
27.856,0.055,-90.925,95.405,43.556,-1.099,13.671,0.493,-90.836,91.261,43.644,-1.197,13.534,,0
27.889,0.055,-90.925,95.405,43.556,-1.099,13.671,0.493,-90.836,91.261,43.644,-1.197,13.534,,0
27.922,0.055,-90.925,95.405,43.556,-1.099,13.671,0.493,-90.836,91.261,43.644,-1.197,13.534,,0
27.956,0.055,-90.925,95.405,43.556,-1.099,13.671,0.493,-90.836,91.261,43.644,-1.197,13.534,,0
27.989,0.055,-90.925,95.405,43.556,-1.099,13.671,0.493,-90.836,91.261,43.644,-1.197,13.534,,0
28.023,0.055,-90.925,95.405,43.556,-1.099,13.671,0.493,-90.836,91.261,43.644,-1.197,13.534,,0
28.056,0.055,-90.925,95.405,43.556,-1.099,13.671,0.493,-90.836,91.261,43.644,-1.197,13.534,,0
28.089,0.055,-90.925,95.405,43.556,-1.099,13.671,0.493,-90.836,91.261,43.644,-1.197,13.534,,0
28.123,0.055,-90.925,95.405,43.556,-1.099,13.671,0.493,-90.836,91.261,43.644,-1.197,13.534,,0
28.156,0.055,-90.925,95.405,43.556,-1.099,13.671,0.493,-90.836,91.261,43.644,-1.197,13.534,,0
28.190,0.055,-90.925,95.405,43.556,-1.099,13.671,0.493,-90.836,91.261,43.644,-1.197,13.534,,0
28.223,0.055,-90.925,95.405,43.556,-1.099,13.671,0.493,-90.836,91.261,43.644,-1.197,13.534,,0
28.256,0.055,-90.925,95.405,43.556,-1.099,13.671,0.493,-90.836,91.261,43.644,-1.197,13.534,,0
28.290,0.055,-90.925,95.405,43.556,-1.099,13.671,0.493,-90.836,91.261,43.644,-1.197,13.534,,0
28.323,0.055,-90.925,95.405,43.556,-1.099,13.671,0.493,-90.836,91.261,43.644,-1.197,13.534,,0
28.357,0.055,-90.925,95.405,43.556,-1.099,13.671,0.493,-90.836,91.261,43.644,-1.197,13.534,,0
28.390,0.055,-90.925,95.405,43.556,-1.099,13.671,0.493,-90.836,91.261,43.644,-1.197,13.534,,0
28.423,0.055,-90.925,95.405,43.556,-1.099,13.671,0.493,-90.836,91.261,43.644,-1.197,13.534,,0
28.457,0.055,-90.925,95.405,43.556,-1.099,13.671,0.493,-90.836,91.261,43.644,-1.197,13.534,,0
28.490,0.055,-90.925,95.405,43.556,-1.099,13.671,0.493,-90.836,91.261,43.644,-1.197,13.534,,0
28.524,0.055,-90.925,95.405,43.556,-1.099,13.671,0.493,-90.836,91.261,43.644,-1.197,13.534,,0
28.557,0.055,-90.925,95.405,43.556,-1.099,13.671,0.493,-90.836,91.261,43.644,-1.197,13.534,,0
28.590,0.055,-90.925,95.405,43.556,-1.099,13.671,0.493,-90.836,91.261,43.644,-1.197,13.534,,0
28.624,0.055,-90.925,95.405,43.556,-1.099,13.671,0.493,-90.836,91.261,43.644,-1.197,13.534,,0
28.657,0.055,-90.925,95.405,43.556,-1.099,13.671,0.493,-90.836,91.261,43.644,-1.197,13.534,,0
28.691,0.055,-90.925,95.405,43.556,-1.099,13.671,0.493,-90.836,91.261,43.644,-1.197,13.534,,0
28.724,0.055,-90.925,95.405,43.556,-1.099,13.671,0.493,-90.836,91.261,43.644,-1.197,13.534,,0
28.757,0.055,-90.925,95.405,43.556,-1.099,13.671,0.493,-90.836,91.261,43.644,-1.197,13.534,,0
28.791,0.055,-90.925,95.405,43.556,-1.099,13.671,0.493,-90.836,91.261,43.644,-1.197,13.534,,0
28.824,0.055,-90.925,95.405,43.556,-1.099,13.671,0.493,-90.836,91.261,43.644,-1.197,13.534,,0
28.858,0.055,-90.925,95.405,43.556,-1.099,13.671,0.493,-90.836,91.261,43.644,-1.197,13.534,,0
28.891,0.055,-90.925,95.405,43.556,-1.099,13.671,0.493,-90.836,91.261,43.644,-1.197,13.534,,0
28.924,0.055,-90.925,95.405,43.556,-1.099,13.671,0.493,-90.836,91.261,43.644,-1.197,13.534,,0
28.958,0.055,-90.925,95.405,43.556,-1.099,13.671,0.493,-90.836,91.261,43.644,-1.197,13.534,,0
28.991,0.055,-90.925,95.405,43.556,-1.099,13.671,0.493,-90.836,91.261,43.644,-1.197,13.534,,0
29.024,0.055,-90.925,95.405,43.556,-1.099,13.671,0.493,-90.836,91.261,43.644,-1.197,13.534,,0
29.058,0.055,-90.925,95.405,43.556,-1.099,13.671,0.493,-90.836,91.261,43.644,-1.197,13.534,,0
29.091,0.055,-90.925,95.405,43.556,-1.099,13.671,0.493,-90.836,91.261,43.644,-1.197,13.534,,0
29.125,0.055,-90.925,95.405,43.556,-1.099,13.671,0.493,-90.836,91.261,43.644,-1.197,13.534,,0
29.158,0.055,-90.925,95.405,43.556,-1.099,13.671,0.493,-90.836,91.261,43.644,-1.197,13.534,,0
29.192,0.055,-90.925,95.405,43.556,-1.099,13.671,0.493,-90.836,91.261,43.644,-1.197,13.534,,0
29.225,0.055,-90.925,95.405,43.556,-1.099,13.671,0.493,-90.836,91.261,43.644,-1.197,13.534,,0
29.258,0.055,-90.925,95.405,43.556,-1.099,13.671,0.493,-90.836,91.261,43.644,-1.197,13.534,,0
29.292,0.055,-90.925,95.405,43.556,-1.099,13.671,0.493,-90.836,91.261,43.644,-1.197,13.534,,0
29.325,0.055,-90.925,95.405,43.556,-1.099,13.671,0.493,-90.836,91.261,43.644,-1.197,13.534,,0
29.358,0.055,-90.925,95.405,43.556,-1.099,13.671,0.493,-90.836,91.261,43.644,-1.197,13.534,,0
29.392,0.055,-90.925,95.405,43.556,-1.099,13.671,0.493,-90.836,91.261,43.644,-1.197,13.534,,0
29.425,0.055,-90.925,95.405,43.556,-1.099,13.671,0.493,-90.836,91.261,43.644,-1.197,13.534,,0
29.459,0.055,-90.925,95.405,43.556,-1.099,13.671,0.493,-90.836,91.261,43.644,-1.197,13.534,,0
29.492,0.055,-90.925,95.405,43.556,-1.099,13.671,0.493,-90.836,91.261,43.644,-1.197,13.534,,0
29.525,0.055,-90.925,95.405,43.556,-1.099,13.671,0.493,-90.836,91.261,43.644,-1.197,13.534,,0
29.559,0.055,-90.925,95.405,43.556,-1.099,13.671,0.493,-90.836,91.261,43.644,-1.197,13.534,,0
29.592,0.055,-90.925,95.405,43.556,-1.099,13.671,0.493,-90.836,91.261,43.644,-1.197,13.534,,0
29.626,0.055,-90.925,95.405,43.556,-1.099,13.671,0.493,-90.836,91.261,43.644,-1.197,13.534,,0
29.659,0.055,-90.925,95.405,43.556,-1.099,13.671,0.493,-90.836,91.261,43.644,-1.197,13.534,,0
29.692,0.055,-90.925,95.405,43.556,-1.099,13.671,0.493,-90.836,91.261,43.644,-1.197,13.534,,0
29.726,0.055,-90.925,95.405,43.556,-1.099,13.671,0.493,-90.836,91.261,43.644,-1.197,13.534,,0
29.759,0.055,-90.925,95.405,43.556,-1.099,13.671,0.493,-90.836,91.261,43.644,-1.197,13.534,,0
29.793,0.055,-90.925,95.405,43.556,-1.099,13.671,0.493,-90.836,91.261,43.644,-1.197,13.534,,0
29.826,0.055,-90.925,95.405,43.556,-1.099,13.671,0.493,-90.836,91.261,43.644,-1.197,13.534,,0
29.859,0.055,-90.925,95.405,43.556,-1.099,13.671,0.493,-90.836,91.261,43.644,-1.197,13.534,,0
29.893,0.055,-90.925,95.405,43.556,-1.099,13.671,0.493,-90.836,91.261,43.644,-1.197,13.534,,0
29.926,0.055,-90.925,95.405,43.556,-1.099,13.671,0.493,-90.836,91.261,43.644,-1.197,13.534,,0
29.960,0.055,-90.925,95.405,43.556,-1.099,13.671,0.493,-90.836,91.261,43.644,-1.197,13.534,,0
29.993,0.055,-90.925,95.405,43.556,-1.099,13.671,0.493,-90.836,91.261,43.644,-1.197,13.534,,0
30.026,0.055,-90.925,95.405,43.556,-1.099,13.671,0.493,-90.836,91.261,43.644,-1.197,13.534,,0
30.060,0.055,-90.925,95.405,43.556,-1.099,13.671,0.493,-90.836,91.261,43.644,-1.197,13.534,,0
30.093,0.055,-90.925,95.405,43.556,-1.099,13.671,0.493,-90.836,91.261,43.644,-1.197,13.534,,0
30.127,0.055,-90.925,95.405,43.556,-1.099,13.671,0.493,-90.836,91.261,43.644,-1.197,13.534,,0
30.160,0.055,-90.925,95.405,43.556,-1.099,13.671,0.493,-90.836,91.261,43.644,-1.197,13.534,,0
30.193,0.055,-90.925,95.405,43.556,-1.099,13.671,0.493,-90.836,91.261,43.644,-1.197,13.534,,0
30.227,0.055,-90.925,95.405,43.556,-1.099,13.671,0.493,-90.836,91.261,43.644,-1.197,13.534,,0
30.260,0.055,-90.925,95.405,43.556,-1.099,13.671,0.493,-90.836,91.261,43.644,-1.197,13.534,,0
30.294,0.055,-90.925,95.405,43.556,-1.099,13.671,0.493,-90.836,91.261,43.644,-1.197,13.534,,0
30.327,0.055,-90.925,95.405,43.556,-1.099,13.671,0.493,-90.836,91.261,43.644,-1.197,13.534,,0
30.360,0.055,-90.925,95.405,43.556,-1.099,13.671,0.493,-90.836,91.261,43.644,-1.197,13.534,,0
30.394,0.055,-90.925,95.405,43.556,-1.099,13.671,0.493,-90.836,91.261,43.644,-1.197,13.534,,0
30.427,0.055,-90.925,95.405,43.556,-1.099,13.671,0.493,-90.836,91.261,43.644,-1.197,13.534,,0
30.461,0.055,-90.925,95.405,43.556,-1.099,13.671,0.493,-90.836,91.261,43.644,-1.197,13.534,,0
30.494,0.055,-90.925,95.405,43.556,-1.099,13.671,0.493,-90.836,91.261,43.644,-1.197,13.534,,0
30.527,0.055,-90.925,95.405,43.556,-1.099,13.671,0.493,-90.836,91.261,43.644,-1.197,13.534,,0
30.561,0.055,-90.925,95.405,43.556,-1.099,13.671,0.493,-90.836,91.261,43.644,-1.197,13.534,,0
30.594,0.055,-90.925,95.405,43.556,-1.099,13.671,0.493,-90.836,91.261,43.644,-1.197,13.534,,0
30.627,0.055,-90.925,95.405,43.556,-1.099,13.671,0.493,-90.836,91.261,43.644,-1.197,13.534,,0
30.661,0.055,-90.925,95.405,43.556,-1.099,13.671,0.493,-90.836,91.261,43.644,-1.197,13.534,,0
30.694,0.055,-90.925,95.405,43.556,-1.099,13.671,0.493,-90.836,91.261,43.644,-1.197,13.534,,0
30.728,0.055,-90.925,95.405,43.556,-1.099,13.671,0.493,-90.836,91.261,43.644,-1.197,13.534,,0
30.761,0.055,-90.925,95.405,43.556,-1.099,13.671,0.493,-90.836,91.261,43.644,-1.197,13.534,,0
30.794,0.055,-90.925,95.405,43.556,-1.099,13.671,0.493,-90.836,91.261,43.644,-1.197,13.534,,0
30.828,0.055,-90.925,95.405,43.556,-1.099,13.671,0.493,-90.836,91.261,43.644,-1.197,13.534,,0
30.861,0.055,-90.925,95.405,43.556,-1.099,13.671,0.493,-90.836,91.261,43.644,-1.197,13.534,,0
30.895,0.055,-90.925,95.405,43.556,-1.099,13.671,0.493,-90.836,91.261,43.644,-1.197,13.534,,0
30.928,0.055,-90.925,95.405,43.556,-1.099,13.671,0.493,-90.836,91.261,43.644,-1.197,13.534,,0
30.961,0.055,-90.925,95.405,43.556,-1.099,13.671,0.493,-90.836,91.261,43.644,-1.197,13.534,,0
30.995,0.055,-90.925,95.405,43.556,-1.099,13.671,0.493,-90.836,91.261,43.644,-1.197,13.534,,0
31.028,0.055,-90.925,95.405,43.556,-1.099,13.671,0.493,-90.836,91.261,43.644,-1.197,13.534,,0
31.062,0.055,-90.925,95.405,43.556,-1.099,13.671,0.493,-90.836,91.261,43.644,-1.197,13.534,,0
31.095,0.055,-90.925,95.405,43.556,-1.099,13.671,0.493,-90.836,91.261,43.644,-1.197,13.534,,0
31.128,0.055,-90.925,95.405,43.556,-1.099,13.671,0.493,-90.836,91.261,43.644,-1.197,13.534,,0
31.162,0.055,-90.925,95.405,43.556,-1.099,13.671,0.493,-90.836,91.261,43.644,-1.197,13.534,,0
31.195,0.055,-90.925,95.405,43.556,-1.099,13.671,0.493,-90.836,91.261,43.644,-1.197,13.534,,0
31.229,0.055,-90.925,95.405,43.556,-1.099,13.671,0.493,-90.836,91.261,43.644,-1.197,13.534,,0
31.262,0.055,-90.925,95.405,43.556,-1.099,13.671,0.493,-90.836,91.261,43.644,-1.197,13.534,,0
31.295,0.055,-90.925,95.405,43.556,-1.099,13.671,0.493,-90.836,91.261,43.644,-1.197,13.534,,0
31.329,0.055,-90.925,95.405,43.556,-1.099,13.671,0.493,-90.836,91.261,43.644,-1.197,13.534,,0
31.362,0.055,-90.925,95.405,43.556,-1.099,13.671,0.493,-90.836,91.261,43.644,-1.197,13.534,,0
31.396,0.055,-90.925,95.405,43.556,-1.099,13.671,0.493,-90.836,91.261,43.644,-1.197,13.534,,0
31.429,0.055,-90.925,95.405,43.556,-1.099,13.671,0.493,-90.836,91.261,43.644,-1.197,13.534,,0
31.462,0.055,-90.925,95.405,43.556,-1.099,13.671,0.493,-90.836,91.261,43.644,-1.197,13.534,,0
31.496,0.055,-90.925,95.405,43.556,-1.099,13.671,0.493,-90.836,91.261,43.644,-1.197,13.534,,0
31.529,0.055,-90.925,95.405,43.556,-1.099,13.671,0.493,-90.836,91.261,43.644,-1.197,13.534,,0
31.563,0.055,-90.925,95.405,43.556,-1.099,13.671,0.493,-90.836,91.261,43.644,-1.197,13.534,,0
31.596,0.055,-90.925,95.405,43.556,-1.099,13.671,0.493,-90.836,91.261,43.644,-1.197,13.534,,0
31.629,0.055,-90.925,95.405,43.556,-1.099,13.671,0.493,-90.836,91.261,43.644,-1.197,13.534,,0
31.663,0.055,-90.925,95.405,43.556,-1.099,13.671,0.493,-90.836,91.261,43.644,-1.197,13.534,,0
31.696,0.055,-90.925,95.405,43.556,-1.099,13.671,0.493,-90.836,91.261,43.644,-1.197,13.534,,0
31.730,0.055,-90.925,95.405,43.556,-1.099,13.671,0.493,-90.836,91.261,43.644,-1.197,13.534,,0
31.763,0.055,-90.925,95.405,43.556,-1.099,13.671,0.493,-90.836,91.261,43.644,-1.197,13.534,,0
31.796,0.055,-90.925,95.405,43.556,-1.099,13.671,0.493,-90.836,91.261,43.644,-1.197,13.534,,0
31.830,0.055,-90.925,95.405,43.556,-1.099,13.671,0.493,-90.836,91.261,43.644,-1.197,13.534,,0
31.863,0.055,-90.925,95.405,43.556,-1.099,13.671,0.493,-90.836,91.261,43.644,-1.197,13.534,,0
31.897,0.055,-90.925,95.405,43.556,-1.099,13.671,0.493,-90.836,91.261,43.644,-1.197,13.534,,0
31.930,0.055,-90.925,95.405,43.556,-1.099,13.671,0.493,-90.836,91.261,43.644,-1.197,13.534,,0
31.963,0.055,-90.925,95.405,43.556,-1.099,13.671,0.493,-90.836,91.261,43.644,-1.197,13.534,,0
31.997,0.055,-90.925,95.405,43.556,-1.099,13.671,0.493,-90.836,91.261,43.644,-1.197,13.534,,0
32.030,0.055,-90.925,95.405,43.556,-1.099,13.671,0.493,-90.836,91.261,43.644,-1.197,13.534,,0
32.064,0.055,-90.925,95.405,43.556,-1.099,13.671,0.493,-90.836,91.261,43.644,-1.197,13.534,,0
32.097,0.055,-90.925,95.405,43.556,-1.099,13.671,0.493,-90.836,91.261,43.644,-1.197,13.534,,0
32.130,0.055,-90.925,95.405,43.556,-1.099,13.671,0.493,-90.836,91.261,43.644,-1.197,13.534,,0
32.164,0.055,-90.925,95.405,43.556,-1.099,13.671,0.493,-90.836,91.261,43.644,-1.197,13.534,,0
32.197,0.055,-90.925,95.405,43.556,-1.099,13.671,0.493,-90.836,91.261,43.644,-1.197,13.534,,0
32.231,0.055,-90.925,95.405,43.556,-1.099,13.671,0.493,-90.836,91.261,43.644,-1.197,13.534,,0
32.264,0.055,-90.925,95.405,43.556,-1.099,13.671,0.493,-90.836,91.261,43.644,-1.197,13.534,,0
32.297,0.055,-90.925,95.405,43.556,-1.099,13.671,0.493,-90.836,91.261,43.644,-1.197,13.534,,0
32.331,0.055,-90.925,95.405,43.556,-1.099,13.671,0.493,-90.836,91.261,43.644,-1.197,13.534,,0
32.364,0.055,-90.925,95.405,43.556,-1.099,13.671,0.493,-90.836,91.261,43.644,-1.197,13.534,,0
32.398,0.055,-90.925,95.405,43.556,-1.099,13.671,0.493,-90.836,91.261,43.644,-1.197,13.534,,0
32.431,0.055,-90.925,95.405,43.556,-1.099,13.671,0.493,-90.836,91.261,43.644,-1.197,13.534,,0
32.464,0.055,-90.925,95.405,43.556,-1.099,13.671,0.493,-90.836,91.261,43.644,-1.197,13.534,,0
32.498,0.055,-90.925,95.405,43.556,-1.099,13.671,0.493,-90.836,91.261,43.644,-1.197,13.534,,0
32.531,0.055,-90.925,95.405,43.556,-1.099,13.671,0.493,-90.836,91.261,43.644,-1.197,13.534,,0
32.565,0.055,-90.925,95.405,43.556,-1.099,13.671,0.493,-90.836,91.261,43.644,-1.197,13.534,,0
32.598,0.055,-90.925,95.405,43.556,-1.099,13.671,0.493,-90.836,91.261,43.644,-1.197,13.534,,0
32.631,0.055,-90.925,95.405,43.556,-1.099,13.671,0.493,-90.836,91.261,43.644,-1.197,13.534,,0
32.665,0.055,-90.925,95.405,43.556,-1.099,13.671,0.493,-90.836,91.261,43.644,-1.197,13.534,,0
32.698,0.055,-90.925,95.405,43.556,-1.099,13.671,0.493,-90.836,91.261,43.644,-1.197,13.534,,0
32.731,0.055,-90.925,95.405,43.556,-1.099,13.671,0.493,-90.836,91.261,43.644,-1.197,13.534,,0
32.765,0.055,-90.925,95.405,43.556,-1.099,13.671,0.493,-90.836,91.261,43.644,-1.197,13.534,,0
32.798,0.055,-90.925,95.405,43.556,-1.099,13.671,0.493,-90.836,91.261,43.644,-1.197,13.534,,0
32.832,0.055,-90.925,95.405,43.556,-1.099,13.671,0.493,-90.836,91.261,43.644,-1.197,13.534,,0
32.865,0.055,-90.925,95.405,43.556,-1.099,13.671,0.493,-90.836,91.261,43.644,-1.197,13.534,,0
32.898,0.055,-90.925,95.405,43.556,-1.099,13.671,0.493,-90.836,91.261,43.644,-1.197,13.534,,0
32.932,0.055,-90.925,95.405,43.556,-1.099,13.671,0.493,-90.836,91.261,43.644,-1.197,13.534,,0
32.965,0.055,-90.925,95.405,43.556,-1.099,13.671,0.493,-90.836,91.261,43.644,-1.197,13.534,,0
32.999,0.055,-90.925,95.405,43.556,-1.099,13.671,0.493,-90.836,91.261,43.644,-1.197,13.534,,0
33.032,0.055,-90.925,95.405,43.556,-1.099,13.671,0.493,-90.836,91.261,43.644,-1.197,13.534,,0
33.065,0.055,-90.925,95.405,43.556,-1.099,13.671,0.493,-90.836,91.261,43.644,-1.197,13.534,,0
33.099,0.055,-90.925,95.405,43.556,-1.099,13.671,0.493,-90.836,91.261,43.644,-1.197,13.534,,0
33.132,0.055,-90.925,95.405,43.556,-1.099,13.671,0.493,-90.836,91.261,43.644,-1.197,13.534,,0
33.166,0.055,-90.925,95.405,43.556,-1.099,13.671,0.493,-90.836,91.261,43.644,-1.197,13.534,,0
33.199,0.055,-90.925,95.405,43.556,-1.099,13.671,0.493,-90.836,91.261,43.644,-1.197,13.534,,0
33.232,0.055,-90.925,95.405,43.556,-1.099,13.671,0.493,-90.836,91.261,43.644,-1.197,13.534,,0
33.266,0.055,-90.925,95.405,43.556,-1.099,13.671,0.493,-90.836,91.261,43.644,-1.197,13.534,,0
33.299,0.055,-90.925,95.405,43.556,-1.099,13.671,0.493,-90.836,91.261,43.644,-1.197,13.534,,0
33.333,0.055,-90.925,95.405,43.556,-1.099,13.671,0.493,-90.836,91.261,43.644,-1.197,13.534,,0
33.366,0.055,-90.925,95.405,43.556,-1.099,13.671,0.493,-90.836,91.261,43.644,-1.197,13.534,,0
33.399,0.055,-90.925,95.405,43.556,-1.099,13.671,0.493,-90.836,91.261,43.644,-1.197,13.534,,0
33.433,0.055,-90.925,95.405,43.556,-1.099,13.671,0.493,-90.836,91.261,43.644,-1.197,13.534,,0
33.466,0.055,-90.925,95.405,43.556,-1.099,13.671,0.493,-90.836,91.261,43.644,-1.197,13.534,,0
33.500,0.055,-90.925,95.405,43.556,-1.099,13.671,0.493,-90.836,91.261,43.644,-1.197,13.534,,0
33.533,0.055,-90.925,95.405,43.556,-1.099,13.671,0.493,-90.836,91.261,43.644,-1.197,13.534,,0
33.566,0.055,-90.925,95.405,43.556,-1.099,13.671,0.493,-90.836,91.261,43.644,-1.197,13.534,,0
33.600,0.055,-90.925,95.405,43.556,-1.099,13.671,0.493,-90.836,91.261,43.644,-1.197,13.534,,0
33.633,0.055,-90.925,95.405,43.556,-1.099,13.671,0.493,-90.836,91.261,43.644,-1.197,13.534,,0
33.666,0.055,-90.925,95.405,43.556,-1.099,13.671,0.493,-90.836,91.261,43.644,-1.197,13.534,,0
33.700,0.055,-90.925,95.405,43.556,-1.099,13.671,0.493,-90.836,91.261,43.644,-1.197,13.534,,0
33.733,0.055,-90.925,95.405,43.556,-1.099,13.671,0.493,-90.836,91.261,43.644,-1.197,13.534,,0
33.767,0.055,-90.925,95.405,43.556,-1.099,13.671,0.493,-90.836,91.261,43.644,-1.197,13.534,,0
33.800,0.055,-90.925,95.405,43.556,-1.099,13.671,0.493,-90.836,91.261,43.644,-1.197,13.534,,0
33.833,0.055,-90.925,95.405,43.556,-1.099,13.671,0.493,-90.836,91.261,43.644,-1.197,13.534,,0
33.867,0.055,-90.925,95.405,43.556,-1.099,13.671,0.493,-90.836,91.261,43.644,-1.197,13.534,,0
33.900,0.055,-90.925,95.405,43.556,-1.099,13.671,0.493,-90.836,91.261,43.644,-1.197,13.534,,0
33.934,0.055,-90.925,95.405,43.556,-1.099,13.671,0.493,-90.836,91.261,43.644,-1.197,13.534,,0
33.967,0.055,-90.925,95.405,43.556,-1.099,13.671,0.493,-90.836,91.261,43.644,-1.197,13.534,,0
34.001,0.055,-90.925,95.405,43.556,-1.099,13.671,0.493,-90.836,91.261,43.644,-1.197,13.534,,0
34.034,0.055,-90.925,95.405,43.556,-1.099,13.671,0.493,-90.836,91.261,43.644,-1.197,13.534,,0
34.067,0.055,-90.925,95.405,43.556,-1.099,13.671,0.493,-90.836,91.261,43.644,-1.197,13.534,,0
34.101,0.055,-90.925,95.405,43.556,-1.099,13.671,0.493,-90.836,91.261,43.644,-1.197,13.534,,0
34.134,0.055,-90.925,95.405,43.556,-1.099,13.671,0.493,-90.836,91.261,43.644,-1.197,13.534,,0
34.168,0.055,-90.925,95.405,43.556,-1.099,13.671,0.493,-90.836,91.261,43.644,-1.197,13.534,,0
34.201,0.055,-90.925,95.405,43.556,-1.099,13.671,0.493,-90.836,91.261,43.644,-1.197,13.534,,0
34.234,0.055,-90.925,95.405,43.556,-1.099,13.671,0.493,-90.836,91.261,43.644,-1.197,13.534,,0
34.268,0.055,-90.925,95.405,43.556,-1.099,13.671,0.493,-90.836,91.261,43.644,-1.197,13.534,,0
34.301,0.055,-90.925,95.405,43.556,-1.099,13.671,0.493,-90.836,91.261,43.644,-1.197,13.534,,0
34.335,0.055,-90.925,95.405,43.556,-1.099,13.671,0.493,-90.836,91.261,43.644,-1.197,13.534,,0
34.368,0.055,-90.925,95.405,43.556,-1.099,13.671,0.493,-90.836,91.261,43.644,-1.197,13.534,,0
34.401,0.055,-90.925,95.405,43.556,-1.099,13.671,0.493,-90.836,91.261,43.644,-1.197,13.534,,0
34.435,0.055,-90.925,95.405,43.556,-1.099,13.671,0.493,-90.836,91.261,43.644,-1.197,13.534,,0
34.468,0.055,-90.925,95.405,43.556,-1.099,13.671,0.493,-90.836,91.261,43.644,-1.197,13.534,,0
34.502,0.055,-90.925,95.405,43.556,-1.099,13.671,0.493,-90.836,91.261,43.644,-1.197,13.534,,0
34.535,0.055,-90.925,95.405,43.556,-1.099,13.671,0.493,-90.836,91.261,43.644,-1.197,13.534,,0
34.568,0.055,-90.925,95.405,43.556,-1.099,13.671,0.493,-90.836,91.261,43.644,-1.197,13.534,,0
34.602,0.055,-90.925,95.405,43.556,-1.099,13.671,0.493,-90.836,91.261,43.644,-1.197,13.534,,0
34.635,0.055,-90.925,95.405,43.556,-1.099,13.671,0.493,-90.836,91.261,43.644,-1.197,13.534,,0
34.669,0.055,-90.925,95.405,43.556,-1.099,13.671,0.493,-90.836,91.261,43.644,-1.197,13.534,,0
34.702,0.055,-90.925,95.405,43.556,-1.099,13.671,0.493,-90.836,91.261,43.644,-1.197,13.534,,0
34.735,0.055,-90.925,95.405,43.556,-1.099,13.671,0.493,-90.836,91.261,43.644,-1.197,13.534,,0
34.769,0.055,-90.925,95.405,43.556,-1.099,13.671,0.493,-90.836,91.261,43.644,-1.197,13.534,,0
34.802,0.055,-90.925,95.405,43.556,-1.099,13.671,0.493,-90.836,91.261,43.644,-1.197,13.534,,0
34.836,0.055,-90.925,95.405,43.556,-1.099,13.671,0.493,-90.836,91.261,43.644,-1.197,13.534,,0
34.869,0.055,-90.925,95.405,43.556,-1.099,13.671,0.493,-90.836,91.261,43.644,-1.197,13.534,,0
34.902,0.055,-90.925,95.405,43.556,-1.099,13.671,0.493,-90.836,91.261,43.644,-1.197,13.534,,0
34.936,0.055,-90.925,95.405,43.556,-1.099,13.671,0.493,-90.836,91.261,43.644,-1.197,13.534,,0
34.969,0.055,-90.925,95.405,43.556,-1.099,13.671,0.493,-90.836,91.261,43.644,-1.197,13.534,,0
35.003,0.055,-90.925,95.405,43.556,-1.099,13.671,0.493,-90.836,91.261,43.644,-1.197,13.534,,0
35.036,0.055,-90.925,95.405,43.556,-1.099,13.671,0.493,-90.836,91.261,43.644,-1.197,13.534,,0
35.069,0.055,-90.925,95.405,43.556,-1.099,13.671,0.493,-90.836,91.261,43.644,-1.197,13.534,,0
35.103,0.055,-90.925,95.405,43.556,-1.099,13.671,0.493,-90.836,91.261,43.644,-1.197,13.534,,0
35.136,0.055,-90.925,95.405,43.556,-1.099,13.671,0.493,-90.836,91.261,43.644,-1.197,13.534,,0
35.170,0.055,-90.925,95.405,43.556,-1.099,13.671,0.493,-90.836,91.261,43.644,-1.197,13.534,,0
35.203,0.055,-90.925,95.405,43.556,-1.099,13.671,0.493,-90.836,91.261,43.644,-1.197,13.534,,0
35.236,0.055,-90.925,95.405,43.556,-1.099,13.671,0.493,-90.836,91.261,43.644,-1.197,13.534,,0
35.270,0.055,-90.925,95.405,43.556,-1.099,13.671,0.493,-90.836,91.261,43.644,-1.197,13.534,,0
35.303,0.055,-90.925,95.405,43.556,-1.099,13.671,0.493,-90.836,91.261,43.644,-1.197,13.534,,0
35.337,0.055,-90.925,95.405,43.556,-1.099,13.671,0.493,-90.836,91.261,43.644,-1.197,13.534,,0
35.370,0.055,-90.925,95.405,43.556,-1.099,13.671,0.493,-90.836,91.261,43.644,-1.197,13.534,,0
35.403,0.055,-90.925,95.405,43.556,-1.099,13.671,0.493,-90.836,91.261,43.644,-1.197,13.534,,0
35.437,0.055,-90.925,95.405,43.556,-1.099,13.671,0.493,-90.836,91.261,43.644,-1.197,13.534,,0
35.470,0.055,-90.925,95.405,43.556,-1.099,13.671,0.493,-90.836,91.261,43.644,-1.197,13.534,,0
35.503,0.055,-90.925,95.405,43.556,-1.099,13.671,0.493,-90.836,91.261,43.644,-1.197,13.534,,0
35.537,0.055,-90.925,95.405,43.556,-1.099,13.671,0.493,-90.836,91.261,43.644,-1.197,13.534,,0
35.570,0.055,-90.925,95.405,43.556,-1.099,13.671,0.493,-90.836,91.261,43.644,-1.197,13.534,,0
35.604,0.055,-90.925,95.405,43.556,-1.099,13.671,0.493,-90.836,91.261,43.644,-1.197,13.534,,0
35.637,0.055,-90.925,95.405,43.556,-1.099,13.671,0.493,-90.836,91.261,43.644,-1.197,13.534,,0
35.670,0.055,-90.925,95.405,43.556,-1.099,13.671,0.493,-90.836,91.261,43.644,-1.197,13.534,,0
35.704,0.055,-90.925,95.405,43.556,-1.099,13.671,0.493,-90.836,91.261,43.644,-1.197,13.534,,0
35.737,0.055,-90.925,95.405,43.556,-1.099,13.671,0.493,-90.836,91.261,43.644,-1.197,13.534,,0
35.771,0.055,-90.925,95.405,43.556,-1.099,13.671,0.493,-90.836,91.261,43.644,-1.197,13.534,,0
35.804,0.055,-90.925,95.405,43.556,-1.099,13.671,0.493,-90.836,91.261,43.644,-1.197,13.534,,0
35.837,0.055,-90.925,95.405,43.556,-1.099,13.671,0.493,-90.836,91.261,43.644,-1.197,13.534,,0
35.871,0.055,-90.925,95.405,43.556,-1.099,13.671,0.493,-90.836,91.261,43.644,-1.197,13.534,,0
35.904,0.055,-90.925,95.405,43.556,-1.099,13.671,0.493,-90.836,91.261,43.644,-1.197,13.534,,0
35.938,0.055,-90.925,95.405,43.556,-1.099,13.671,0.493,-90.836,91.261,43.644,-1.197,13.534,,0
35.971,0.055,-90.925,95.405,43.556,-1.099,13.671,0.493,-90.836,91.261,43.644,-1.197,13.534,,0
36.004,0.055,-90.925,95.405,43.556,-1.099,13.671,0.493,-90.836,91.261,43.644,-1.197,13.534,,0
36.038,0.055,-90.925,95.405,43.556,-1.099,13.671,0.493,-90.836,91.261,43.644,-1.197,13.534,,0
36.071,0.055,-90.925,95.405,43.556,-1.099,13.671,0.493,-90.836,91.261,43.644,-1.197,13.534,,0
36.105,0.055,-90.925,95.405,43.556,-1.099,13.671,0.493,-90.836,91.261,43.644,-1.197,13.534,,0
36.138,0.055,-90.925,95.405,43.556,-1.099,13.671,0.493,-90.836,91.261,43.644,-1.197,13.534,,0
36.171,0.055,-90.925,95.405,43.556,-1.099,13.671,0.493,-90.836,91.261,43.644,-1.197,13.534,,0
36.205,0.055,-90.925,95.405,43.556,-1.099,13.671,0.493,-90.836,91.261,43.644,-1.197,13.534,,0
36.238,0.055,-90.925,95.405,43.556,-1.099,13.671,0.493,-90.836,91.261,43.644,-1.197,13.534,,0
36.272,0.055,-90.925,95.405,43.556,-1.099,13.671,0.493,-90.836,91.261,43.644,-1.197,13.534,,0
36.305,0.055,-90.925,95.405,43.556,-1.099,13.671,0.493,-90.836,91.261,43.644,-1.197,13.534,,0
36.338,0.055,-90.925,95.405,43.556,-1.099,13.671,0.493,-90.836,91.261,43.644,-1.197,13.534,,0
36.372,0.055,-90.925,95.405,43.556,-1.099,13.671,0.493,-90.836,91.261,43.644,-1.197,13.534,,0
36.405,0.055,-90.925,95.405,43.556,-1.099,13.671,0.493,-90.836,91.261,43.644,-1.197,13.534,,0
36.439,0.055,-90.925,95.405,43.556,-1.099,13.671,0.493,-90.836,91.261,43.644,-1.197,13.534,,0
36.472,0.055,-90.925,95.405,43.556,-1.099,13.671,0.493,-90.836,91.261,43.644,-1.197,13.534,,0
36.505,0.055,-90.925,95.405,43.556,-1.099,13.671,0.493,-90.836,91.261,43.644,-1.197,13.534,,0
36.539,0.055,-90.925,95.405,43.556,-1.099,13.671,0.493,-90.836,91.261,43.644,-1.197,13.534,,0
36.572,0.055,-90.925,95.405,43.556,-1.099,13.671,0.493,-90.836,91.261,43.644,-1.197,13.534,,0
36.606,0.055,-90.925,95.405,43.556,-1.099,13.671,0.493,-90.836,91.261,43.644,-1.197,13.534,,0
36.639,0.055,-90.925,95.405,43.556,-1.099,13.671,0.493,-90.836,91.261,43.644,-1.197,13.534,,0
36.672,0.055,-90.925,95.405,43.556,-1.099,13.671,0.493,-90.836,91.261,43.644,-1.197,13.534,,0
36.706,0.055,-90.925,95.405,43.556,-1.099,13.671,0.493,-90.836,91.261,43.644,-1.197,13.534,,0
36.739,0.055,-90.925,95.405,43.556,-1.099,13.671,0.493,-90.836,91.261,43.644,-1.197,13.534,,0
36.773,0.055,-90.925,95.405,43.556,-1.099,13.671,0.493,-90.836,91.261,43.644,-1.197,13.534,,0
36.806,0.055,-90.925,95.405,43.556,-1.099,13.671,0.493,-90.836,91.261,43.644,-1.197,13.534,,0
36.839,0.055,-90.925,95.405,43.556,-1.099,13.671,0.493,-90.836,91.261,43.644,-1.197,13.534,,0
36.873,0.055,-90.925,95.405,43.556,-1.099,13.671,0.493,-90.836,91.261,43.644,-1.197,13.534,,0
36.906,0.055,-90.925,95.405,43.556,-1.099,13.671,0.493,-90.836,91.261,43.644,-1.197,13.534,,0
36.940,0.055,-90.925,95.405,43.556,-1.099,13.671,0.493,-90.836,91.261,43.644,-1.197,13.534,,0
36.973,0.055,-90.925,95.405,43.556,-1.099,13.671,0.493,-90.836,91.261,43.644,-1.197,13.534,,0
37.006,0.055,-90.925,95.405,43.556,-1.099,13.671,0.493,-90.836,91.261,43.644,-1.197,13.534,,0
37.040,0.055,-90.925,95.405,43.556,-1.099,13.671,0.493,-90.836,91.261,43.644,-1.197,13.534,,0
37.073,0.055,-90.925,95.405,43.556,-1.099,13.671,0.493,-90.836,91.261,43.644,-1.197,13.534,,0
37.106,0.055,-90.925,95.405,43.556,-1.099,13.671,0.493,-90.836,91.261,43.644,-1.197,13.534,,0
37.140,0.055,-90.925,95.405,43.556,-1.099,13.671,0.493,-90.836,91.261,43.644,-1.197,13.534,,0
37.173,0.055,-90.925,95.405,43.556,-1.099,13.671,0.493,-90.836,91.261,43.644,-1.197,13.534,,0
37.207,0.055,-90.925,95.405,43.556,-1.099,13.671,0.493,-90.836,91.261,43.644,-1.197,13.534,,0
37.240,0.055,-90.925,95.405,43.556,-1.099,13.671,0.493,-90.836,91.261,43.644,-1.197,13.534,,0
37.273,0.055,-90.925,95.405,43.556,-1.099,13.671,0.493,-90.836,91.261,43.644,-1.197,13.534,,0
37.307,0.055,-90.925,95.405,43.556,-1.099,13.671,0.493,-90.836,91.261,43.644,-1.197,13.534,,0
37.340,0.055,-90.925,95.405,43.556,-1.099,13.671,0.493,-90.836,91.261,43.644,-1.197,13.534,,0
37.374,0.055,-90.925,95.405,43.556,-1.099,13.671,0.493,-90.836,91.261,43.644,-1.197,13.534,,0
37.407,0.055,-90.925,95.405,43.556,-1.099,13.671,0.493,-90.836,91.261,43.644,-1.197,13.534,,0
37.441,0.055,-90.925,95.405,43.556,-1.099,13.671,0.493,-90.836,91.261,43.644,-1.197,13.534,,0
37.474,0.055,-90.925,95.405,43.556,-1.099,13.671,0.493,-90.836,91.261,43.644,-1.197,13.534,,0
37.507,0.055,-90.925,95.405,43.556,-1.099,13.671,0.493,-90.836,91.261,43.644,-1.197,13.534,,0
37.541,0.055,-90.925,95.405,43.556,-1.099,13.671,0.493,-90.836,91.261,43.644,-1.197,13.534,,0
37.574,0.055,-90.925,95.405,43.556,-1.099,13.671,0.493,-90.836,91.261,43.644,-1.197,13.534,,0
37.607,0.055,-90.925,95.405,43.556,-1.099,13.671,0.493,-90.836,91.261,43.644,-1.197,13.534,,0
37.641,0.055,-90.925,95.405,43.556,-1.099,13.671,0.493,-90.836,91.261,43.644,-1.197,13.534,,0
37.674,0.055,-90.925,95.405,43.556,-1.099,13.671,0.493,-90.836,91.261,43.644,-1.197,13.534,,0
37.708,0.055,-90.925,95.405,43.556,-1.099,13.671,0.493,-90.836,91.261,43.644,-1.197,13.534,,0
37.741,0.055,-90.925,95.405,43.556,-1.099,13.671,0.493,-90.836,91.261,43.644,-1.197,13.534,,0
37.774,0.055,-90.925,95.405,43.556,-1.099,13.671,0.493,-90.836,91.261,43.644,-1.197,13.534,,0
37.808,0.055,-90.925,95.405,43.556,-1.099,13.671,0.493,-90.836,91.261,43.644,-1.197,13.534,,0
37.841,0.055,-90.925,95.405,43.556,-1.099,13.671,0.493,-90.836,91.261,43.644,-1.197,13.534,,0
37.875,0.055,-90.925,95.405,43.556,-1.099,13.671,0.493,-90.836,91.261,43.644,-1.197,13.534,,0
37.908,0.055,-90.925,95.405,43.556,-1.099,13.671,0.493,-90.836,91.261,43.644,-1.197,13.534,,0
37.941,0.055,-90.925,95.405,43.556,-1.099,13.671,0.493,-90.836,91.261,43.644,-1.197,13.534,,0
37.975,0.055,-90.925,95.405,43.556,-1.099,13.671,0.493,-90.836,91.261,43.644,-1.197,13.534,,0
38.008,0.055,-90.925,95.405,43.556,-1.099,13.671,0.493,-90.836,91.261,43.644,-1.197,13.534,,0
38.042,0.055,-90.925,95.405,43.556,-1.099,13.671,0.493,-90.836,91.261,43.644,-1.197,13.534,,0
38.075,0.055,-90.925,95.405,43.556,-1.099,13.671,0.493,-90.836,91.261,43.644,-1.197,13.534,,0
38.108,0.055,-90.925,95.405,43.556,-1.099,13.671,0.493,-90.836,91.261,43.644,-1.197,13.534,,0
38.142,0.055,-90.925,95.405,43.556,-1.099,13.671,0.493,-90.836,91.261,43.644,-1.197,13.534,,0
38.175,0.055,-90.925,95.405,43.556,-1.099,13.671,0.493,-90.836,91.261,43.644,-1.197,13.534,,0
38.209,0.055,-90.925,95.405,43.556,-1.099,13.671,0.493,-90.836,91.261,43.644,-1.197,13.534,,0
38.242,0.055,-90.925,95.405,43.556,-1.099,13.671,0.493,-90.836,91.261,43.644,-1.197,13.534,,0
38.275,0.055,-90.925,95.405,43.556,-1.099,13.671,0.493,-90.836,91.261,43.644,-1.197,13.534,,0
38.309,0.055,-90.925,95.405,43.556,-1.099,13.671,0.493,-90.836,91.261,43.644,-1.197,13.534,,0
38.342,0.055,-90.925,95.405,43.556,-1.099,13.671,0.493,-90.836,91.261,43.644,-1.197,13.534,,0
38.376,0.055,-90.925,95.405,43.556,-1.099,13.671,0.493,-90.836,91.261,43.644,-1.197,13.534,,0
38.409,0.055,-90.925,95.405,43.556,-1.099,13.671,0.493,-90.836,91.261,43.644,-1.197,13.534,,0
38.442,0.055,-90.925,95.405,43.556,-1.099,13.671,0.493,-90.836,91.261,43.644,-1.197,13.534,,0
38.476,0.055,-90.925,95.405,43.556,-1.099,13.671,0.493,-90.836,91.261,43.644,-1.197,13.534,,0
38.509,0.055,-90.925,95.405,43.556,-1.099,13.671,0.493,-90.836,91.261,43.644,-1.197,13.534,,0
38.543,0.055,-90.925,95.405,43.556,-1.099,13.671,0.493,-90.836,91.261,43.644,-1.197,13.534,,0
38.576,0.055,-90.925,95.405,43.556,-1.099,13.671,0.493,-90.836,91.261,43.644,-1.197,13.534,,0
38.609,0.055,-90.925,95.405,43.556,-1.099,13.671,0.493,-90.836,91.261,43.644,-1.197,13.534,,0
38.643,0.055,-90.925,95.405,43.556,-1.099,13.671,0.493,-90.836,91.261,43.644,-1.197,13.534,,0
38.676,0.055,-90.925,95.405,43.556,-1.099,13.671,0.493,-90.836,91.261,43.644,-1.197,13.534,,0
38.710,0.055,-90.925,95.405,43.556,-1.099,13.671,0.493,-90.836,91.261,43.644,-1.197,13.534,,0
38.743,0.055,-90.925,95.405,43.556,-1.099,13.671,0.493,-90.836,91.261,43.644,-1.197,13.534,,0
38.776,0.055,-90.925,95.405,43.556,-1.099,13.671,0.493,-90.836,91.261,43.644,-1.197,13.534,,0
38.810,0.055,-90.925,95.405,43.556,-1.099,13.671,0.493,-90.836,91.261,43.644,-1.197,13.534,,0
38.843,0.055,-90.925,95.405,43.556,-1.099,13.671,0.493,-90.836,91.261,43.644,-1.197,13.534,,0
38.877,0.055,-90.925,95.405,43.556,-1.099,13.671,0.493,-90.836,91.261,43.644,-1.197,13.534,,0
38.910,0.055,-90.925,95.405,43.556,-1.099,13.671,0.493,-90.836,91.261,43.644,-1.197,13.534,,0
38.943,0.055,-90.925,95.405,43.556,-1.099,13.671,0.493,-90.836,91.261,43.644,-1.197,13.534,,0
38.977,0.055,-90.925,95.405,43.556,-1.099,13.671,0.493,-90.836,91.261,43.644,-1.197,13.534,,0
39.010,0.055,-90.925,95.405,43.556,-1.099,13.671,0.493,-90.836,91.261,43.644,-1.197,13.534,,0
39.043,0.055,-90.925,95.405,43.556,-1.099,13.671,0.493,-90.836,91.261,43.644,-1.197,13.534,,0
39.077,0.055,-90.925,95.405,43.556,-1.099,13.671,0.493,-90.836,91.261,43.644,-1.197,13.534,,0
39.110,0.055,-90.925,95.405,43.556,-1.099,13.671,0.493,-90.836,91.261,43.644,-1.197,13.534,,0
39.144,0.055,-90.925,95.405,43.556,-1.099,13.671,0.493,-90.836,91.261,43.644,-1.197,13.534,,0
39.177,0.055,-90.925,95.405,43.556,-1.099,13.671,0.493,-90.836,91.261,43.644,-1.197,13.534,,0
39.210,0.055,-90.925,95.405,43.556,-1.099,13.671,0.493,-90.836,91.261,43.644,-1.197,13.534,,0
39.244,0.055,-90.925,95.405,43.556,-1.099,13.671,0.493,-90.836,91.261,43.644,-1.197,13.534,,0
39.277,0.055,-90.925,95.405,43.556,-1.099,13.671,0.493,-90.836,91.261,43.644,-1.197,13.534,,0
39.311,0.055,-90.925,95.405,43.556,-1.099,13.671,0.493,-90.836,91.261,43.644,-1.197,13.534,,0
39.344,0.055,-90.925,95.405,43.556,-1.099,13.671,0.493,-90.836,91.261,43.644,-1.197,13.534,,0
39.377,0.055,-90.925,95.405,43.556,-1.099,13.671,0.493,-90.836,91.261,43.644,-1.197,13.534,,0
39.411,0.055,-90.925,95.405,43.556,-1.099,13.671,0.493,-90.836,91.261,43.644,-1.197,13.534,,0
39.444,0.055,-90.925,95.405,43.556,-1.099,13.671,0.493,-90.836,91.261,43.644,-1.197,13.534,,0
39.478,0.055,-90.925,95.405,43.556,-1.099,13.671,0.493,-90.836,91.261,43.644,-1.197,13.534,,0
39.511,0.055,-90.925,95.405,43.556,-1.099,13.671,0.493,-90.836,91.261,43.644,-1.197,13.534,,0
39.544,0.055,-90.925,95.405,43.556,-1.099,13.671,0.493,-90.836,91.261,43.644,-1.197,13.534,,0
39.578,0.055,-90.925,95.405,43.556,-1.099,13.671,0.493,-90.836,91.261,43.644,-1.197,13.534,,0
39.611,0.055,-90.925,95.405,43.556,-1.099,13.671,0.493,-90.836,91.261,43.644,-1.197,13.534,,0
39.645,0.055,-90.925,95.405,43.556,-1.099,13.671,0.493,-90.836,91.261,43.644,-1.197,13.534,,0
39.678,0.055,-90.925,95.405,43.556,-1.099,13.671,0.493,-90.836,91.261,43.644,-1.197,13.534,,0
39.711,0.055,-90.925,95.405,43.556,-1.099,13.671,0.493,-90.836,91.261,43.644,-1.197,13.534,,0
39.745,0.055,-90.925,95.405,43.556,-1.099,13.671,0.493,-90.836,91.261,43.644,-1.197,13.534,,0
39.778,0.055,-90.925,95.405,43.556,-1.099,13.671,0.493,-90.836,91.261,43.644,-1.197,13.534,,0
39.812,0.055,-90.925,95.405,43.556,-1.099,13.671,0.493,-90.836,91.261,43.644,-1.197,13.534,,0
39.845,0.055,-90.925,95.405,43.556,-1.099,13.671,0.493,-90.836,91.261,43.644,-1.197,13.534,,0
39.878,0.055,-90.925,95.405,43.556,-1.099,13.671,0.493,-90.836,91.261,43.644,-1.197,13.534,,0
39.912,0.055,-90.925,95.405,43.556,-1.099,13.671,0.493,-90.836,91.261,43.644,-1.197,13.534,,0
39.945,0.055,-90.925,95.405,43.556,-1.099,13.671,0.493,-90.836,91.261,43.644,-1.197,13.534,,0
39.979,0.055,-90.925,95.405,43.556,-1.099,13.671,0.493,-90.836,91.261,43.644,-1.197,13.534,,0
40.012,0.055,-90.925,95.405,43.556,-1.099,13.671,0.493,-90.836,91.261,43.644,-1.197,13.534,,0
40.045,0.055,-90.925,95.405,43.556,-1.099,13.671,0.493,-90.836,91.261,43.644,-1.197,13.534,,0
40.079,0.055,-90.925,95.405,43.556,-1.099,13.671,0.493,-90.836,91.261,43.644,-1.197,13.534,,0
40.112,0.055,-90.925,95.405,43.556,-1.099,13.671,0.493,-90.836,91.261,43.644,-1.197,13.534,,0
40.146,0.055,-90.925,95.405,43.556,-1.099,13.671,0.493,-90.836,91.261,43.644,-1.197,13.534,,0
40.179,0.055,-90.925,95.405,43.556,-1.099,13.671,0.493,-90.836,91.261,43.644,-1.197,13.534,,0
40.212,0.055,-90.925,95.405,43.556,-1.099,13.671,0.493,-90.836,91.261,43.644,-1.197,13.534,,0
40.246,0.055,-90.925,95.405,43.556,-1.099,13.671,0.493,-90.836,91.261,43.644,-1.197,13.534,,0
40.279,0.055,-90.925,95.405,43.556,-1.099,13.671,0.493,-90.836,91.261,43.644,-1.197,13.534,,0
40.313,0.055,-90.925,95.405,43.556,-1.099,13.671,0.493,-90.836,91.261,43.644,-1.197,13.534,,0
40.346,0.055,-90.925,95.405,43.556,-1.099,13.671,0.493,-90.836,91.261,43.644,-1.197,13.534,,0
40.379,0.055,-90.925,95.405,43.556,-1.099,13.671,0.493,-90.836,91.261,43.644,-1.197,13.534,,0
40.413,0.055,-90.925,95.405,43.556,-1.099,13.671,0.493,-90.836,91.261,43.644,-1.197,13.534,,0
40.446,0.055,-90.925,95.405,43.556,-1.099,13.671,0.493,-90.836,91.261,43.644,-1.197,13.534,,0
40.480,0.055,-90.925,95.405,43.556,-1.099,13.671,0.493,-90.836,91.261,43.644,-1.197,13.534,,0
40.513,0.055,-90.925,95.405,43.556,-1.099,13.671,0.493,-90.836,91.261,43.644,-1.197,13.534,,0
40.546,0.055,-90.925,95.405,43.556,-1.099,13.671,0.493,-90.836,91.261,43.644,-1.197,13.534,,0
40.580,0.055,-90.925,95.405,43.556,-1.099,13.671,0.493,-90.836,91.261,43.644,-1.197,13.534,,0
40.613,0.055,-90.925,95.405,43.556,-1.099,13.671,0.493,-90.836,91.261,43.644,-1.197,13.534,,0
40.647,0.055,-90.925,95.405,43.556,-1.099,13.671,0.493,-90.836,91.261,43.644,-1.197,13.534,,0
40.680,0.055,-90.925,95.405,43.556,-1.099,13.671,0.493,-90.836,91.261,43.644,-1.197,13.534,,0
40.713,0.055,-90.925,95.405,43.556,-1.099,13.671,0.493,-90.836,91.261,43.644,-1.197,13.534,,0
40.747,0.055,-90.925,95.405,43.556,-1.099,13.671,0.493,-90.836,91.261,43.644,-1.197,13.534,,0
40.780,0.055,-90.925,95.405,43.556,-1.099,13.671,0.493,-90.836,91.261,43.644,-1.197,13.534,,0
40.814,0.055,-90.925,95.405,43.556,-1.099,13.671,0.493,-90.836,91.261,43.644,-1.197,13.534,,0
40.847,0.055,-90.925,95.405,43.556,-1.099,13.671,0.493,-90.836,91.261,43.644,-1.197,13.534,,0
40.881,0.055,-90.925,95.405,43.556,-1.099,13.671,0.493,-90.836,91.261,43.644,-1.197,13.534,,0
40.914,0.055,-90.925,95.405,43.556,-1.099,13.671,0.493,-90.836,91.261,43.644,-1.197,13.534,,0
40.947,0.055,-90.925,95.405,43.556,-1.099,13.671,0.493,-90.836,91.261,43.644,-1.197,13.534,,0
40.981,0.055,-90.925,95.405,43.556,-1.099,13.671,0.493,-90.836,91.261,43.644,-1.197,13.534,,0
41.014,0.055,-90.925,95.405,43.556,-1.099,13.671,0.493,-90.836,91.261,43.644,-1.197,13.534,,0
41.048,0.055,-90.925,95.405,43.556,-1.099,13.671,0.493,-90.836,91.261,43.644,-1.197,13.534,,0
41.081,0.055,-90.925,95.405,43.556,-1.099,13.671,0.493,-90.836,91.261,43.644,-1.197,13.534,,0
41.114,0.055,-90.925,95.405,43.556,-1.099,13.671,0.493,-90.836,91.261,43.644,-1.197,13.534,,0
41.148,0.055,-90.925,95.405,43.556,-1.099,13.671,0.493,-90.836,91.261,43.644,-1.197,13.534,,0
41.181,0.055,-90.925,95.405,43.556,-1.099,13.671,0.493,-90.836,91.261,43.644,-1.197,13.534,,0
41.215,0.055,-90.925,95.405,43.556,-1.099,13.671,0.493,-90.836,91.261,43.644,-1.197,13.534,,0
41.248,0.055,-90.925,95.405,43.556,-1.099,13.671,0.493,-90.836,91.261,43.644,-1.197,13.534,,0
41.281,0.055,-90.925,95.405,43.556,-1.099,13.671,0.493,-90.836,91.261,43.644,-1.197,13.534,,0
41.315,0.055,-90.925,95.405,43.556,-1.099,13.671,0.493,-90.836,91.261,43.644,-1.197,13.534,,0
41.348,0.055,-90.925,95.405,43.556,-1.099,13.671,0.493,-90.836,91.261,43.644,-1.197,13.534,,0
41.382,0.055,-90.925,95.405,43.556,-1.099,13.671,0.493,-90.836,91.261,43.644,-1.197,13.534,,0
41.415,0.055,-90.925,95.405,43.556,-1.099,13.671,0.493,-90.836,91.261,43.644,-1.197,13.534,,0
41.448,0.055,-90.925,95.405,43.556,-1.099,13.671,0.493,-90.836,91.261,43.644,-1.197,13.534,,0
41.482,0.055,-90.925,95.405,43.556,-1.099,13.671,0.493,-90.836,91.261,43.644,-1.197,13.534,,0
41.515,0.055,-90.925,95.405,43.556,-1.099,13.671,0.493,-90.836,91.261,43.644,-1.197,13.534,,0
41.549,0.055,-90.925,95.405,43.556,-1.099,13.671,0.493,-90.836,91.261,43.644,-1.197,13.534,,0
41.582,0.055,-90.925,95.405,43.556,-1.099,13.671,0.493,-90.836,91.261,43.644,-1.197,13.534,,0
41.615,0.055,-90.925,95.405,43.556,-1.099,13.671,0.493,-90.836,91.261,43.644,-1.197,13.534,,0
41.649,0.055,-90.925,95.405,43.556,-1.099,13.671,0.493,-90.836,91.261,43.644,-1.197,13.534,,0
41.682,0.055,-90.925,95.405,43.556,-1.099,13.671,0.493,-90.836,91.261,43.644,-1.197,13.534,,0
41.716,0.055,-90.925,95.405,43.556,-1.099,13.671,0.493,-90.836,91.261,43.644,-1.197,13.534,,0
41.749,0.055,-90.925,95.405,43.556,-1.099,13.671,0.493,-90.836,91.261,43.644,-1.197,13.534,,0
41.782,0.055,-90.925,95.405,43.556,-1.099,13.671,0.493,-90.836,91.261,43.644,-1.197,13.534,,0
41.816,0.055,-90.925,95.405,43.556,-1.099,13.671,0.493,-90.836,91.261,43.644,-1.197,13.534,,0
41.849,0.055,-90.925,95.405,43.556,-1.099,13.671,0.493,-90.836,91.261,43.644,-1.197,13.534,,0
41.883,0.055,-90.925,95.405,43.556,-1.099,13.671,0.493,-90.836,91.261,43.644,-1.197,13.534,,0
41.916,0.055,-90.925,95.405,43.556,-1.099,13.671,0.493,-90.836,91.261,43.644,-1.197,13.534,,0
41.949,0.055,-90.925,95.405,43.556,-1.099,13.671,0.493,-90.836,91.261,43.644,-1.197,13.534,,0
41.983,0.055,-90.925,95.405,43.556,-1.099,13.671,0.493,-90.836,91.261,43.644,-1.197,13.534,,0
42.016,0.055,-90.925,95.405,43.556,-1.099,13.671,0.493,-90.836,91.261,43.644,-1.197,13.534,,0
42.050,0.055,-90.925,95.405,43.556,-1.099,13.671,0.493,-90.836,91.261,43.644,-1.197,13.534,,0
42.083,0.055,-90.925,95.405,43.556,-1.099,13.671,0.493,-90.836,91.261,43.644,-1.197,13.534,,0
42.116,0.055,-90.925,95.405,43.556,-1.099,13.671,0.493,-90.836,91.261,43.644,-1.197,13.534,,0
42.150,0.055,-90.925,95.405,43.556,-1.099,13.671,0.493,-90.836,91.261,43.644,-1.197,13.534,,0
42.183,0.055,-90.925,95.405,43.556,-1.099,13.671,0.493,-90.836,91.261,43.644,-1.197,13.534,,0
42.217,0.055,-90.925,95.405,43.556,-1.099,13.671,0.493,-90.836,91.261,43.644,-1.197,13.534,,0
42.250,0.055,-90.925,95.405,43.556,-1.099,13.671,0.493,-90.836,91.261,43.644,-1.197,13.534,,0
42.283,0.055,-90.925,95.405,43.556,-1.099,13.671,0.493,-90.836,91.261,43.644,-1.197,13.534,,0
42.317,0.055,-90.925,95.405,43.556,-1.099,13.671,0.493,-90.836,91.261,43.644,-1.197,13.534,,0
42.350,0.055,-90.925,95.405,43.556,-1.099,13.671,0.493,-90.836,91.261,43.644,-1.197,13.534,,0
42.384,0.055,-90.925,95.405,43.556,-1.099,13.671,0.493,-90.836,91.261,43.644,-1.197,13.534,,0
42.417,0.055,-90.925,95.405,43.556,-1.099,13.671,0.493,-90.836,91.261,43.644,-1.197,13.534,,0
42.450,0.055,-90.925,95.405,43.556,-1.099,13.671,0.493,-90.836,91.261,43.644,-1.197,13.534,,0
42.484,0.055,-90.925,95.405,43.556,-1.099,13.671,0.493,-90.836,91.261,43.644,-1.197,13.534,,0
42.517,0.055,-90.925,95.405,43.556,-1.099,13.671,0.493,-90.836,91.261,43.644,-1.197,13.534,,0
42.551,0.055,-90.925,95.405,43.556,-1.099,13.671,0.493,-90.836,91.261,43.644,-1.197,13.534,,0
42.584,0.055,-90.925,95.405,43.556,-1.099,13.671,0.493,-90.836,91.261,43.644,-1.197,13.534,,0
42.617,0.055,-90.925,95.405,43.556,-1.099,13.671,0.493,-90.836,91.261,43.644,-1.197,13.534,,0
42.651,0.055,-90.925,95.405,43.556,-1.099,13.671,0.493,-90.836,91.261,43.644,-1.197,13.534,,0
42.684,0.055,-90.925,95.405,43.556,-1.099,13.671,0.493,-90.836,91.261,43.644,-1.197,13.534,,0
42.718,0.055,-90.925,95.405,43.556,-1.099,13.671,0.493,-90.836,91.261,43.644,-1.197,13.534,,0
42.751,0.055,-90.925,95.405,43.556,-1.099,13.671,0.493,-90.836,91.261,43.644,-1.197,13.534,,0
42.784,0.055,-90.925,95.405,43.556,-1.099,13.671,0.493,-90.836,91.261,43.644,-1.197,13.534,,0
42.818,0.055,-90.925,95.405,43.556,-1.099,13.671,0.493,-90.836,91.261,43.644,-1.197,13.534,,0
42.851,0.055,-90.925,95.405,43.556,-1.099,13.671,0.493,-90.836,91.261,43.644,-1.197,13.534,,0
42.885,0.055,-90.925,95.405,43.556,-1.099,13.671,0.493,-90.836,91.261,43.644,-1.197,13.534,,0
42.918,0.055,-90.925,95.405,43.556,-1.099,13.671,0.493,-90.836,91.261,43.644,-1.197,13.534,,0
42.951,0.055,-90.925,95.405,43.556,-1.099,13.671,0.493,-90.836,91.261,43.644,-1.197,13.534,,0
42.985,0.055,-90.925,95.405,43.556,-1.099,13.671,0.493,-90.836,91.261,43.644,-1.197,13.534,,0
43.018,0.055,-90.925,95.405,43.556,-1.099,13.671,0.493,-90.836,91.261,43.644,-1.197,13.534,,0
43.052,0.055,-90.925,95.405,43.556,-1.099,13.671,0.493,-90.836,91.261,43.644,-1.197,13.534,,0
43.085,0.055,-90.925,95.405,43.556,-1.099,13.671,0.493,-90.836,91.261,43.644,-1.197,13.534,,0
43.118,0.055,-90.925,95.405,43.556,-1.099,13.671,0.493,-90.836,91.261,43.644,-1.197,13.534,,0
43.152,0.055,-90.925,95.405,43.556,-1.099,13.671,0.493,-90.836,91.261,43.644,-1.197,13.534,,0
43.185,0.055,-90.925,95.405,43.556,-1.099,13.671,0.493,-90.836,91.261,43.644,-1.197,13.534,,0
43.219,0.055,-90.925,95.405,43.556,-1.099,13.671,0.493,-90.836,91.261,43.644,-1.197,13.534,,0
43.252,0.055,-90.925,95.405,43.556,-1.099,13.671,0.493,-90.836,91.261,43.644,-1.197,13.534,,0
43.285,0.055,-90.925,95.405,43.556,-1.099,13.671,0.493,-90.836,91.261,43.644,-1.197,13.534,,0
43.319,0.055,-90.925,95.405,43.556,-1.099,13.671,0.493,-90.836,91.261,43.644,-1.197,13.534,,0
43.352,0.055,-90.925,95.405,43.556,-1.099,13.671,0.493,-90.836,91.261,43.644,-1.197,13.534,,0
43.386,0.055,-90.925,95.405,43.556,-1.099,13.671,0.493,-90.836,91.261,43.644,-1.197,13.534,,0
43.419,0.055,-90.925,95.405,43.556,-1.099,13.671,0.493,-90.836,91.261,43.644,-1.197,13.534,,0
43.452,0.055,-90.925,95.405,43.556,-1.099,13.671,0.493,-90.836,91.261,43.644,-1.197,13.534,,0
43.486,0.055,-90.925,95.405,43.556,-1.099,13.671,0.493,-90.836,91.261,43.644,-1.197,13.534,,0
43.519,0.055,-90.925,95.405,43.556,-1.099,13.671,0.493,-90.836,91.261,43.644,-1.197,13.534,,0
43.553,0.055,-90.925,95.405,43.556,-1.099,13.671,0.493,-90.836,91.261,43.644,-1.197,13.534,,0
43.586,0.055,-90.925,95.405,43.556,-1.099,13.671,0.493,-90.836,91.261,43.644,-1.197,13.534,,0
43.619,0.055,-90.925,95.405,43.556,-1.099,13.671,0.493,-90.836,91.261,43.644,-1.197,13.534,,0
43.653,0.055,-90.925,95.405,43.556,-1.099,13.671,0.493,-90.836,91.261,43.644,-1.197,13.534,,0
43.686,0.055,-90.925,95.405,43.556,-1.099,13.671,0.493,-90.836,91.261,43.644,-1.197,13.534,,0
43.720,0.055,-90.925,95.405,43.556,-1.099,13.671,0.493,-90.836,91.261,43.644,-1.197,13.534,,0
43.753,0.055,-90.925,95.405,43.556,-1.099,13.671,0.493,-90.836,91.261,43.644,-1.197,13.534,,0
43.786,0.055,-90.925,95.405,43.556,-1.099,13.671,0.493,-90.836,91.261,43.644,-1.197,13.534,,0
43.820,0.055,-90.925,95.405,43.556,-1.099,13.671,0.493,-90.836,91.261,43.644,-1.197,13.534,,0
43.853,0.055,-90.925,95.405,43.556,-1.099,13.671,0.493,-90.836,91.261,43.644,-1.197,13.534,,0
43.887,0.055,-90.925,95.405,43.556,-1.099,13.671,0.493,-90.836,91.261,43.644,-1.197,13.534,,0
43.920,0.055,-90.925,95.405,43.556,-1.099,13.671,0.493,-90.836,91.261,43.644,-1.197,13.534,,0
43.953,0.055,-90.925,95.405,43.556,-1.099,13.671,0.493,-90.836,91.261,43.644,-1.197,13.534,,0
43.987,0.055,-90.925,95.405,43.556,-1.099,13.671,0.493,-90.836,91.261,43.644,-1.197,13.534,,0
44.020,0.055,-90.925,95.405,43.556,-1.099,13.671,0.493,-90.836,91.261,43.644,-1.197,13.534,,0
44.054,0.055,-90.925,95.405,43.556,-1.099,13.671,0.493,-90.836,91.261,43.644,-1.197,13.534,,0
44.087,0.055,-90.925,95.405,43.556,-1.099,13.671,0.493,-90.836,91.261,43.644,-1.197,13.534,,0
44.120,0.055,-90.925,95.405,43.556,-1.099,13.671,0.493,-90.836,91.261,43.644,-1.197,13.534,,0
44.154,0.055,-90.925,95.405,43.556,-1.099,13.671,0.493,-90.836,91.261,43.644,-1.197,13.534,,0
44.187,0.055,-90.925,95.405,43.556,-1.099,13.671,0.493,-90.836,91.261,43.644,-1.197,13.534,,0
44.221,0.055,-90.925,95.405,43.556,-1.099,13.671,0.493,-90.836,91.261,43.644,-1.197,13.534,,0
44.254,0.055,-90.925,95.405,43.556,-1.099,13.671,0.493,-90.836,91.261,43.644,-1.197,13.534,,0
44.287,0.055,-90.925,95.405,43.556,-1.099,13.671,0.493,-90.836,91.261,43.644,-1.197,13.534,,0
44.321,0.055,-90.925,95.405,43.556,-1.099,13.671,0.493,-90.836,91.261,43.644,-1.197,13.534,,0
44.354,0.055,-90.925,95.405,43.556,-1.099,13.671,0.493,-90.836,91.261,43.644,-1.197,13.534,,0
44.388,0.055,-90.925,95.405,43.556,-1.099,13.671,0.493,-90.836,91.261,43.644,-1.197,13.534,,0
44.421,0.055,-90.925,95.405,43.556,-1.099,13.671,0.493,-90.836,91.261,43.644,-1.197,13.534,,0
44.454,0.055,-90.925,95.405,43.556,-1.099,13.671,0.493,-90.836,91.261,43.644,-1.197,13.534,,0
44.488,0.055,-90.925,95.405,43.556,-1.099,13.671,0.493,-90.836,91.261,43.644,-1.197,13.534,,0
44.521,0.055,-90.925,95.405,43.556,-1.099,13.671,0.493,-90.836,91.261,43.644,-1.197,13.534,,0
44.555,0.055,-90.925,95.405,43.556,-1.099,13.671,0.493,-90.836,91.261,43.644,-1.197,13.534,,0
44.588,0.055,-90.925,95.405,43.556,-1.099,13.671,0.493,-90.836,91.261,43.644,-1.197,13.534,,0
44.621,0.055,-90.925,95.405,43.556,-1.099,13.671,0.493,-90.836,91.261,43.644,-1.197,13.534,,0
44.655,0.055,-90.925,95.405,43.556,-1.099,13.671,0.493,-90.836,91.261,43.644,-1.197,13.534,,0
44.688,0.055,-90.925,95.405,43.556,-1.099,13.671,0.493,-90.836,91.261,43.644,-1.197,13.534,,0
44.722,0.055,-90.925,95.405,43.556,-1.099,13.671,0.493,-90.836,91.261,43.644,-1.197,13.534,,0
44.755,0.055,-90.925,95.405,43.556,-1.099,13.671,0.493,-90.836,91.261,43.644,-1.197,13.534,,0
44.788,0.055,-90.925,95.405,43.556,-1.099,13.671,0.493,-90.836,91.261,43.644,-1.197,13.534,,0
44.822,0.055,-90.925,95.405,43.556,-1.099,13.671,0.493,-90.836,91.261,43.644,-1.197,13.534,,0
44.855,0.055,-90.925,95.405,43.556,-1.099,13.671,0.493,-90.836,91.261,43.644,-1.197,13.534,,0
44.889,0.055,-90.925,95.405,43.556,-1.099,13.671,0.493,-90.836,91.261,43.644,-1.197,13.534,,0
44.922,0.055,-90.925,95.405,43.556,-1.099,13.671,0.493,-90.836,91.261,43.644,-1.197,13.534,,0
44.955,0.055,-90.925,95.405,43.556,-1.099,13.671,0.493,-90.836,91.261,43.644,-1.197,13.534,,0
44.989,0.055,-90.925,95.405,43.556,-1.099,13.671,0.493,-90.836,91.261,43.644,-1.197,13.534,,0
45.022,0.055,-90.925,95.405,43.556,-1.099,13.671,0.493,-90.836,91.261,43.644,-1.197,13.534,,0
