{"_timestamp":1.767336741995678e+09,"training/sigma_min":0.08,"episodes_total":130,"_step":3489,"_wandb.runtime":13436,"loss/entropy":0,"reward/batch_max":-57.524769836575985,"training/value_mean":-233.5947265625,"training/kl_divergence":3.63873888e+08,"loss/critic":10660.876953125,"reward/batch_min":-67.19290179480438,"_wandb":{"runtime":13613},"batch":13,"_runtime":13613,"time/batch_seconds":2.5013012886047363,"training/advantage_mean":-0.33927950263023376,"training/learning_rate":4.999974765900413e-06,"loss/policy":2.1360328e+08,"training/clip_fraction":1,"training/effective_batch_size":120,"reward/batch_avg":-62.241808717831645,"training/sigma_max":0.16}