{"_wandb":{"runtime":19017},"_runtime":19017,"reward/batch_max":-263.831923655408,"loss/policy":6.574916362762451,"time/per_episode":1.943219788869222,"_timestamp":1.765846583316854e+09,"time/batch_seconds":29.14829683303833,"episodes_total":8205,"batch":547,"exploration/sigma_mean":0.8267898559570312,"reward/batch_avg":-700.6270848563137,"_step":546,"reward/batch_min":-1117.0353780932953}