{"advantage/std":0.7870997786521912,"reward/contact_count_avg":3.9,"loss/critic":3888.5175048828123,"critic/value_std":74.91111755371094,"ppo/ratio_min":0.6432884335517883,"critic/value_min":-195.16648864746094,"logprob/drift":-0.0931396484375,"reward/batch_avg":-38.70547735290429,"critic/explained_variance":0.5928112268447876,"gradients/critic_norm":7446.91357421875,"_step":498,"_wandb.runtime":1474,"logprob/per_dimension":-3.6033976236979166,"gradients/policy_clipped":1,"logprob/new_mean":-1081.019287109375,"critic/value_mean":-91.48664855957031,"reward/grasp_count_avg":0,"reward/height_align_count_max":94,"training/effective_batch_size":120,"reward/contact_count_max":19,"actions/mean":0.152647003531456,"reward/positive_fraction":0,"critic/return_mean":-161.10079956054688,"loss/policy":0.02469371221959591,"advantage/mean":0.04695437476038933,"actions/std":0.6710298657417297,"gradients/policy_norm":30.825271606445312,"reward/grasp_rate":0,"batch":383,"_wandb":{"runtime":6084},"advantage/min":-1.8449290990829468,"training/sigma_min":0.25,"loss/entropy":0,"reward/contact_rate":0.026,"reward/height_align_count_avg":42.2,"reward/sustained_contact_rate":0.014,"logprob/old_mean":-1080.9261474609375,"episodes_total":5000,"ppo/ratio_std":0.22924494743347168,"reward/batch_max":-20.35016030493456,"training/sigma_max":0.5,"reward/height_align_rate":0.2813333333333333,"time/batch_seconds":12.11684250831604,"gradients/critic_clipped":1,"actions/saturation_high":0.17633333802223206,"critic/value_max":-26.719589233398438,"advantage/max":2.024261951446533,"_timestamp":1.76791917531159e+09,"reward/std":6.301329612731934,"ppo/ratio_max":1.2724788188934326,"critic/return_std":81.10301971435547,"reward/sustained_count_avg":2.1,"actions/saturation_low":0.08366666734218597,"_runtime":6084,"reward/grasp_count_max":0,"training/clip_fraction":0.8333333730697632,"reward/sustained_count_max":15,"training/learning_rate":9.24210653609475e-07,"training/kl_divergence":0.01803113813512027,"reward/batch_min":-62.10000332019791,"ppo/ratio_mean":0.9349517822265625}