{"_runtime":1811,"training/clip_fraction":1,"loss/policy":0.2103808969259262,"training/learning_rate":4.963570341484082e-06,"episodes_total":1166,"reward/batch_min":-7392.13686425353,"training/value_mean":-8796.5234375,"_timestamp":1.7670228948175344e+09,"training/sigma_max":0.16,"training/effective_batch_size":120,"_wandb":{"runtime":1811},"training/sigma_min":0.08,"reward/batch_max":-7387.168810697769,"loss/entropy":0,"reward/batch_avg":-7389.652837475649,"time/batch_seconds":3.212833881378174,"batch":583,"training/advantage_mean":9.934107758624577e-09,"loss/critic":381317.40625,"_step":582,"training/kl_divergence":9.045248031616211}