{"training/advantage_mean":-4.967053879312289e-09,"training/sigma_max":0.14212923076923076,"_wandb":{"runtime":3323},"training/kl_divergence":0,"batch":889,"training/clip_fraction":1,"training/value_mean":-76.92686462402344,"reward/batch_max":-60.87390695958004,"_runtime":3323,"_timestamp":1.7669637736065156e+09,"time/batch_seconds":3.782078266143799,"reward/batch_min":-63.24049862348987,"episodes_total":1778,"reward/batch_avg":-62.057202791534955,"training/sigma_min":0.08,"training/learning_rate":1.2625146850452175e-05,"loss/critic":276.5018005371094,"loss/entropy":-201.36932373046875,"loss/policy":6.04072380065918,"_step":888}