{
  "observation.state": {
    "mean": [
      0.015868373215198517,
      0.1363675445318222,
      -0.03616943582892418,
      1.3035218715667725,
      0.13200899958610535,
      0.2690557539463043
    ],
    "std": [
      0.05474817007780075,
      0.6763472557067871,
      0.5802282094955444,
      0.10682226717472076,
      0.05287110432982445,
      0.2188127487897873
    ],
    "min": [
      -0.1847679167985916,
      -1.7338948249816895,
      -0.44927525520324707,
      1.0997991561889648,
      0.07071800529956818,
      -0.07177448272705078
    ],
    "max": [
      0.14656323194503784,
      0.655769944190979,
      1.5853257179260254,
      1.502869963645935,
      0.26446425914764404,
      0.6254574060440063
    ]
  },
  "action": {
    "mean": [
      0.017893381416797638,
      0.11946800351142883,
      -0.06683290004730225,
      1.3035392761230469,
      0.13333354890346527,
      0.26877427101135254
    ],
    "std": [
      0.05398546904325485,
      0.6487540602684021,
      0.5612797141075134,
      0.10603395104408264,
      0.052631083875894547,
      0.21783021092414856
    ],
    "min": [
      -0.18377429246902466,
      -1.7269996404647827,
      -0.4464592933654785,
      1.1393020153045654,
      0.09228111803531647,
      -0.09282348304986954
    ],
    "max": [
      0.1484394073486328,
      0.6509965658187866,
      1.5535403490066528,
      1.486997365951538,
      0.24175801873207092,
      0.6021658778190613
    ]
  }
}