{
  "observation.state": {
    "mean": [
      0.0020733927376568317,
      -0.04217907413840294,
      -0.04249538481235504,
      1.3376730680465698,
      -0.015468050725758076,
      0.06669902056455612
    ],
    "std": [
      0.005624593701213598,
      0.7417495846748352,
      0.6362112760543823,
      0.13789792358875275,
      0.1115477904677391,
      0.09137246757745743
    ],
    "min": [
      -0.012333427555859089,
      -1.7338956594467163,
      -0.6055390238761902,
      1.0997991561889648,
      -0.19331443309783936,
      -0.004370847716927528
    ],
    "max": [
      0.009814335033297539,
      0.7253884077072144,
      1.5853253602981567,
      1.5675169229507446,
      0.09383520483970642,
      0.3558463156223297
    ]
  },
  "action": {
    "mean": [
      0.0016517420299351215,
      -0.04928354546427727,
      -0.07139656692743301,
      1.3395346403121948,
      -0.016202794387936592,
      0.06276296079158783
    ],
    "std": [
      0.00643759174272418,
      0.7189491391181946,
      0.6198832988739014,
      0.13839289546012878,
      0.11149495095014572,
      0.09007220715284348
    ],
    "min": [
      -0.011889040470123291,
      -1.7269996404647827,
      -0.5664592981338501,
      1.1393020153045654,
      -0.1476975828409195,
      0.001586821861565113
    ],
    "max": [
      0.007963268086314201,
      0.7315040826797485,
      1.5535403490066528,
      1.5601989030838013,
      0.09228111803531647,
      0.3348170518875122
    ]
  }
}