{"critic/return_mean":-165.91590881347656,"training/clip_fraction":0.8333333730697632,"ppo/ratio_min":0.7186043858528137,"gradients/critic_norm":3153.906982421875,"critic/value_mean":-112.09483337402344,"training/kl_divergence":0.020233268395531922,"critic/value_min":-199.6077423095703,"reward/contact_rate":0.030666666666666665,"reward/batch_avg":-29.31821218898679,"reward/batch_max":-20.21197673196408,"advantage/max":1.832387089729309,"time/batch_seconds":38.990567207336426,"critic/value_max":-21.562917709350586,"actions/std":0.5839847922325134,"actions/saturation_low":0.029666665941476822,"actions/mean":0.24527005851268768,"advantage/std":0.7590878009796143,"reward/positive_fraction":0,"reward/batch_min":-43.33616421596717,"gradients/critic_clipped":1,"critic/explained_variance":0.6751664876937866,"actions/saturation_high":0.1626666635274887,"batch":229,"_wandb":{"runtime":9134},"loss/entropy":0,"_step":228,"loss/critic":1150.187741470337,"gradients/policy_clipped":1,"gradients/policy_norm":15.128966331481934,"loss/policy":0.015770596358925103,"logprob/new_mean":-1081.31103515625,"reward/std":4.312987804412842,"critic/value_std":62.47623825073242,"reward/contact_count_avg":4.6,"reward/contact_count_max":11,"logprob/drift":-0.17431640625,"advantage/mean":-0.7693033218383789,"logprob/per_dimension":-3.6043701171875,"episodes_total":2290,"training/sigma_max":0.5,"ppo/ratio_std":0.11459720879793167,"advantage/min":-1.9842852354049683,"_wandb.runtime":9095,"training/sigma_min":0.25,"_runtime":9134,"critic/return_std":75.70856475830078,"ppo/ratio_mean":0.8464776873588562,"logprob/old_mean":-1081.13671875,"_timestamp":1.7678368450403755e+09,"training/effective_batch_size":120,"ppo/ratio_max":1.0045268535614014,"training/learning_rate":9.733722764593198e-07}