{"_wandb":{"runtime":23825},"_step":1011,"reward/batch_avg":-228.26888062496306,"episodes_total":1070,"reward/batch_max":-15.197195039659762,"reward/batch_min":-733.8515401847069,"_runtime":23825,"time/per_episode":2.3729007482528686,"time/batch_seconds":23.729007482528687,"_wandb.runtime":18034,"_timestamp":1.765875836725061e+09,"exploration/sigma_mean":0.10026425123214722,"loss/policy":5.189931392669678,"batch":107}