{"time/batch_seconds":3.6812593936920166,"loss/entropy":-590.9180908203125,"loss/policy":17.726638793945312,"reward/batch_max":-43.48318490357397,"batch":24,"training/clip_fraction":1,"training/sigma_min":0.02,"training/kl_divergence":0,"reward/batch_min":-44.54218390275736,"training/advantage_mean":0,"training/learning_rate":2.9982948914181293e-05,"_runtime":357,"training/value_mean":-63.11094284057617,"episodes_total":48,"_timestamp":1.766964214292745e+09,"_wandb":{"runtime":357},"loss/critic":107.54328918457031,"_wandb.runtime":260,"reward/batch_avg":-44.012684403165665,"_step":92,"training/sigma_max":0.04}