{"critic/return_mean":-46.92681884765625,"training/sigma_min":0.25,"reward/batch_max":-11.109000551704622,"logprob/old_mean":-1089.3489990234375,"actions/std":0.591837465763092,"training/kl_divergence":0.019966277293860912,"critic/value_std":36.04631042480469,"time/batch_seconds":13.731387853622437,"advantage/max":2.365476369857788,"actions/mean":0.29742857813835144,"reward/std":2.1511406898498535,"training/effective_batch_size":120,"training/learning_rate":2.981495331756302e-06,"gradients/critic_clipped":1,"critic/explained_variance":0.8501313924789429,"batch":115,"critic/value_max":-20.66836166381836,"training/clip_fraction":0.3333333432674408,"ppo/ratio_std":0.16246488690376282,"ppo/ratio_min":0.7387953400611877,"reward/contact_count_max":35,"critic/value_mean":-46.46019744873047,"advantage/min":-1.8661259412765503,"loss/policy":-0.006524949334561825,"training/sigma_max":0.5,"logprob/drift":-0.041259765625,"advantage/mean":0.1992497444152832,"reward/batch_avg":-15.520296199816215,"_wandb.runtime":9095,"reward/contact_count_avg":10.6,"loss/critic":131.4325912475586,"ppo/ratio_max":1.189270257949829,"actions/saturation_high":0.19366666674613953,"logprob/new_mean":-1089.3902587890625,"logprob/per_dimension":-3.631300862630208,"reward/positive_fraction":0,"critic/value_min":-113.3017349243164,"actions/saturation_low":0.03133333474397659,"gradients/policy_norm":35.220123291015625,"_step":923,"reward/batch_min":-22.241244098546314,"_runtime":29761,"critic/return_std":40.107666015625,"reward/contact_rate":0.07066666666666667,"_timestamp":1.7678588728941877e+09,"ppo/ratio_mean":0.9711777567863464,"_wandb":{"runtime":29761},"gradients/critic_norm":1076.2139892578125,"advantage/std":1.3889355659484863,"episodes_total":1150,"loss/entropy":0,"gradients/policy_clipped":1}