{"episodes_total":4,"_step":1,"reward/batch_max":-40.78346205263975,"loss/policy":17.04473304748535,"training/learning_rate":2.9999881564920356e-05,"training/value_mean":-33.22369384765625,"loss/critic":486.02801513671875,"loss/entropy":-568.2918090820312,"training/sigma_min":0.02,"time/batch_seconds":3.750781536102295,"_timestamp":1.7669646991163533e+09,"training/kl_divergence":0,"batch":2,"training/sigma_max":0.04,"_runtime":14,"_wandb":{"runtime":14},"reward/batch_avg":-42.385615364754926,"training/advantage_mean":-1.9868215517249155e-08,"training/clip_fraction":1,"reward/batch_min":-43.9877686768701}