{"critic/value_mean":-202.6274871826172,"advantage/max":2.5095696449279785,"training/clip_fraction":1,"gradients/policy_clipped":1,"reward/std":5.6295061111450195,"reward/positive_fraction":0,"_wandb":{"runtime":2441},"loss/policy":0.00251278355717659,"_timestamp":1.7676008685637152e+09,"ppo/ratio_std":0.23823006451129913,"critic/value_std":84.8141098022461,"logprob/new_mean":-1116.201416015625,"gradients/policy_norm":23.26370620727539,"critic/explained_variance":0.6411901712417603,"episodes_total":870,"training/sigma_max":0.5,"critic/value_max":-90.12349700927734,"batch":87,"actions/mean":0.11877807229757309,"critic/return_std":98.1172103881836,"time/batch_seconds":25.79591178894043,"gradients/critic_norm":7672.33349609375,"actions/saturation_high":0.11133333295583725,"training/learning_rate":4.98339676496309e-07,"advantage/min":-1.6989494562149048,"_wandb.runtime":165,"reward/batch_min":-59.72916151536096,"logprob/drift":0.115234375,"critic/return_mean":-187.1529541015625,"logprob/old_mean":-1116.316650390625,"training/kl_divergence":0.013329106441233307,"ppo/ratio_max":1.5120285749435425,"_runtime":2441,"training/effective_batch_size":120,"ppo/ratio_min":0.7880772352218628,"gradients/critic_clipped":1,"critic/value_min":-313.4900817871094,"loss/entropy":0,"reward/batch_max":-23.85457511955118,"ppo/ratio_mean":1.1434783935546875,"advantage/std":1.4799853563308716,"reward/batch_avg":-37.498139732938725,"loss/critic":1802.4718696594239,"actions/saturation_low":0.0573333315551281,"advantage/mean":0.24955783784389496,"actions/std":0.6056680083274841,"_step":92,"training/sigma_min":0.25,"logprob/per_dimension":-3.72067138671875}