{"training/clip_fraction":1,"training/learning_rate":4.864443350166224e-06,"_step":230,"reward/batch_min":-76.89888419787192,"reward/batch_avg":-75.3124790894003,"training/sigma_min":0.08,"training/advantage_mean":0.46674931049346924,"batch":231,"_timestamp":1.7673432979108565e+09,"_wandb":{"runtime":602},"training/value_mean":-619.370361328125,"training/kl_divergence":457.3597412109375,"training/sigma_max":0.16,"loss/policy":-0.17463988065719604,"time/batch_seconds":2.5312862396240234,"_runtime":602,"training/effective_batch_size":120,"loss/entropy":0,"episodes_total":2310,"loss/critic":19029.75,"reward/batch_max":-74.2252131425203}