{"_timestamp":1.7657846499868586e+09,"episodes_total":70,"reward/batch_min":-1053.7574922183198,"loss/policy":-3.2269370555877686,"exploration/sigma_mean":0.5023461580276489,"_runtime":181,"reward/batch_max":-272.64664950872645,"time/per_episode":2.3858867406845095,"_wandb":{"runtime":181},"time/batch_seconds":23.858867406845093,"_step":6,"batch":7,"reward/batch_avg":-709.1173060721724}