{"_wandb.runtime":81,"batch":2,"loss/policy":-2.3916125297546387,"episodes_total":40,"_wandb":{"runtime":344},"reward/batch_avg":-1574.8975621021937,"_runtime":344,"reward/batch_max":-733.7274520696095,"time/per_episode":6.208466815948486,"reward/batch_min":-2434.3300403920957,"_step":2,"_timestamp":1.765931991710284e+09,"exploration/sigma_mean":0.4960888922214508,"time/batch_seconds":124.16933631896973}