{"reward/batch_min":-2562.112215745563,"time/per_episode":5.855646165211995,"reward/batch_avg":-1681.5493847812286,"_runtime":599,"batch":1,"loss/policy":2.431138515472412,"episodes_total":30,"reward/batch_max":-729.7021951390165,"exploration/sigma_mean":0.49658527970314026,"_step":3,"_timestamp":1.7659322614588754e+09,"_wandb.runtime":81,"time/batch_seconds":175.66938495635986,"_wandb":{"runtime":599}}