{"gradients/critic_norm":468.6689758300781,"critic/value_std":26.40685272216797,"advantage/max":2.0323941707611084,"reward/height_align_count_avg":25.6,"training/effective_batch_size":120,"reward/contact_rate":0.092,"actions/mean":0.33655846118927,"logprob/per_dimension":-3.589481201171875,"reward/sustained_contact_rate":0.03666666666666667,"logprob/old_mean":-1076.7601318359375,"_timestamp":1.7678621314820108e+09,"_wandb":{"runtime":32806},"gradients/policy_norm":39.69541931152344,"loss/entropy":0,"gradients/critic_clipped":1,"training/sigma_max":0.5,"critic/return_std":28.7844295501709,"actions/saturation_low":0.04233333468437195,"reward/contact_count_max":54,"gradients/policy_clipped":1,"episodes_total":1640,"reward/height_align_count_max":45,"reward/positive_fraction":0.10000000894069672,"reward/sustained_count_max":32,"reward/batch_avg":-11.443405995575665,"reward/sustained_count_avg":5.5,"_step":1114,"_wandb.runtime":9095,"advantage/mean":-0.44793927669525146,"ppo/ratio_max":1.8151922225952148,"reward/grasp_count_max":5,"loss/critic":159.4537031173706,"training/learning_rate":2.9962855559172636e-06,"actions/saturation_high":0.24500000476837158,"reward/batch_min":-19.026937331506794,"reward/grasp_count_avg":1.2,"time/batch_seconds":16.140889406204224,"actions/std":0.6161455512046814,"batch":57,"logprob/new_mean":-1076.8443603515625,"ppo/ratio_min":0.48286059498786926,"reward/batch_max":-1.384044936008478,"advantage/std":1.3888863325119019,"critic/value_min":-92.72017669677734,"_runtime":32806,"ppo/ratio_std":0.550276517868042,"logprob/drift":-0.084228515625,"training/clip_fraction":0.8333333730697632,"ppo/ratio_mean":1.03358793258667,"training/sigma_min":0.25,"reward/contact_count_avg":13.8,"critic/return_mean":-65.9615478515625,"reward/std":2.8726630210876465,"reward/grasp_rate":0.008,"advantage/min":-1.8340562582015991,"training/kl_divergence":0.04580002184957266,"critic/value_mean":-52.93846893310547,"reward/height_align_rate":0.17066666666666666,"critic/explained_variance":0.6482925415039062,"critic/value_max":-26.63412094116211,"loss/policy":-0.051239758171141146}