{"_wandb.runtime":18034,"_wandb":{"runtime":21252},"batch":138,"reward/batch_min":-688.961141910843,"reward/batch_avg":-247.3126852947245,"_timestamp":1.7658731388570933e+09,"_step":904,"_runtime":21252,"time/batch_seconds":22.957146883010864,"loss/policy":5.260936737060547,"exploration/sigma_mean":0.10568104684352875,"time/per_episode":2.2957146883010866,"reward/batch_max":-16.243085508166434,"episodes_total":1380}