{"episodes_total":20,"time/per_episode":2.4807193279266357,"_timestamp":1.7660140429482458e+09,"reward/batch_avg":-658.9704457185989,"_runtime":2115,"batch":2,"time/batch_seconds":24.807193279266357,"reward/batch_max":-164.14485919305176,"reward/batch_min":-1169.2040356758955,"exploration/sigma_mean":0.4943660795688629,"loss/policy":-1.6874215602874756,"_step":14,"_wandb.runtime":81,"_wandb":{"runtime":2115}}