step,boundary,start_monotonic,lateness_ms,overrun,reanchored,measured_act_shoulder_pan,measured_act_shoulder_lift,measured_act_elbow_flex,measured_act_wrist_flex,measured_act_wrist_roll,measured_act_gripper,policy_act_shoulder_pan,policy_act_shoulder_lift,policy_act_elbow_flex,policy_act_wrist_flex,policy_act_wrist_roll,policy_act_gripper,requested_act_shoulder_pan,requested_act_shoulder_lift,requested_act_elbow_flex,requested_act_wrist_flex,requested_act_wrist_roll,requested_act_gripper,executed_act_shoulder_pan,executed_act_shoulder_lift,executed_act_elbow_flex,executed_act_wrist_flex,executed_act_wrist_roll,executed_act_gripper,sent_physical_shoulder_pan,sent_physical_shoulder_lift,sent_physical_elbow_flex,sent_physical_wrist_flex,sent_physical_wrist_roll,sent_physical_gripper,returned_physical_shoulder_pan,returned_physical_shoulder_lift,returned_physical_elbow_flex,returned_physical_wrist_flex,returned_physical_wrist_roll,returned_physical_gripper,raw_goal_ticks_shoulder_pan,raw_goal_ticks_shoulder_lift,raw_goal_ticks_elbow_flex,raw_goal_ticks_wrist_flex,raw_goal_ticks_wrist_roll,raw_goal_ticks_gripper,hold_reason,consecutive_holds,frame_seq,frame_unix_time,frame_age_ms,read_ms,observe_ms,infer_ms,gate_ms,send_ms,step_ms
0,1,0.0,-14.875,0,0,0.022378,-2.850912,2.864227,1.362867,-0.013042,0.225427,0.021775,-2.845710,2.864630,1.358529,-0.012517,0.222320,0.021775,-2.845710,2.864630,1.358529,-0.012517,0.222320,0.021775,-2.845710,2.864630,1.358529,-0.012517,0.222320,0.693130,-90.581757,91.184021,43.243332,-0.398430,13.077638,0.693130,-90.581757,91.184021,43.243332,-0.398430,13.077638,1958,1049,3069,2498,2039,2110,,0,124,1789034604.221514,2.1,1.88,11.67,2.43,0.46,1.91,34.81
1,0,0.03333333333333333,-27.787,0,0,0.022378,-2.850912,2.864227,1.362867,-0.013042,0.225427,0.021485,-2.845547,2.865145,1.358429,-0.012517,0.222506,0.021485,-2.845547,2.865145,1.358429,-0.012517,0.222506,0.021485,-2.845547,2.865145,1.358429,-0.012517,0.222506,0.683891,-90.576569,91.200394,43.240128,-0.398430,13.088602,0.683891,-90.576569,91.200394,43.240128,-0.398430,13.088602,1958,1049,3069,2498,2039,2110,,0,,,,1.49,,0.03,0.50,1.76,32.52
2,0,0.06666666666666667,-28.383,0,0,0.022378,-2.848117,2.867057,1.362867,-0.013042,0.225427,0.021200,-2.845558,2.865546,1.358502,-0.012511,0.222970,0.021200,-2.845558,2.865546,1.358502,-0.012511,0.222970,0.021200,-2.845558,2.865546,1.358502,-0.012511,0.222970,0.674805,-90.576927,91.213150,43.242462,-0.398232,13.115891,0.674805,-90.576927,91.213150,43.242462,-0.398232,13.115891,1958,1049,3069,2498,2039,2110,,0,,,,1.55,,0.03,0.48,1.75,32.39
3,0,0.1,-29.303,0,0,0.022378,-2.845322,2.886869,1.362867,-0.013042,0.225427,0.020890,-2.845712,2.865722,1.358728,-0.012513,0.223606,0.020890,-2.845712,2.865722,1.358728,-0.012513,0.223606,0.020890,-2.845712,2.865722,1.358728,-0.012513,0.223606,0.664963,-90.581818,91.218765,43.249649,-0.398293,13.153278,0.664963,-90.581818,91.218765,43.249649,-0.398293,13.153278,1958,1049,3069,2498,2039,2111,,0,,,,1.60,,0.03,0.42,1.64,33.19
4,0,0.13333333333333333,-29.512,0,0,0.022378,-2.845322,2.898190,1.362867,-0.013042,0.225427,0.020590,-2.846017,2.865613,1.359040,-0.012518,0.224279,0.020590,-2.846017,2.865613,1.359040,-0.012518,0.224279,0.020590,-2.846017,2.865613,1.359040,-0.012518,0.224279,0.655388,-90.591537,91.215286,43.259583,-0.398460,13.192860,0.655388,-90.591537,91.215286,43.259583,-0.398460,13.192860,1958,1049,3069,2498,2039,2112,,0,,,,1.47,,0.02,0.41,1.57,33.16
5,0,0.16666666666666666,-29.383,0,0,0.025821,-2.845322,2.903851,1.362867,-0.013042,0.225427,0.020329,-2.846445,2.865295,1.359478,-0.012515,0.224849,0.020329,-2.846445,2.865295,1.359478,-0.012515,0.224849,0.020329,-2.846445,2.865295,1.359478,-0.012515,0.224849,0.647079,-90.605164,91.205154,43.273529,-0.398361,13.226384,0.647079,-90.605164,91.205154,43.273529,-0.398361,13.226384,1958,1049,3069,2498,2039,2112,,0,,,,1.51,,0.03,0.44,1.61,33.12
6,0,0.2,-29.145,0,0,0.025821,-2.845322,2.903851,1.362867,-0.013042,0.225427,0.020109,-2.847016,2.864820,1.359970,-0.012496,0.225239,0.020109,-2.847016,2.864820,1.359970,-0.012496,0.225239,0.020109,-2.847016,2.864820,1.359970,-0.012496,0.225239,0.640091,-90.623329,91.190048,43.289185,-0.397766,13.249365,0.640091,-90.623329,91.190048,43.289185,-0.397766,13.249365,1958,1049,3069,2498,2039,2112,,0,,,,1.59,,0.03,0.43,1.76,33.14
7,0,0.23333333333333334,-29.183,0,0,0.025821,-2.845322,2.903851,1.362867,-0.013042,0.225427,0.019916,-2.847687,2.864197,1.360448,-0.012464,0.225524,0.019916,-2.847687,2.864197,1.360448,-0.012464,0.225524,0.019916,-2.847687,2.864197,1.360448,-0.012464,0.225524,0.633942,-90.644684,91.170212,43.304398,-0.396729,13.266092,0.633942,-90.644684,91.170212,43.304398,-0.396729,13.266092,1958,1049,3068,2499,2039,2113,,0,,,,1.52,,0.03,0.59,1.65,33.15
8,0,0.26666666666666666,-28.874,0,0,0.025821,-2.845322,2.903851,1.362867,-0.013042,0.225427,0.019815,-2.848433,2.863422,1.360865,-0.012429,0.225786,0.019815,-2.848433,2.863422,1.360865,-0.012429,0.225786,0.019815,-2.848433,2.863422,1.360865,-0.012429,0.225786,0.630722,-90.668434,91.145538,43.317673,-0.395638,13.281536,0.630722,-90.668434,91.145538,43.317673,-0.395638,13.281536,1958,1048,3068,2499,2039,2113,,0,,,,1.51,,0.19,0.43,1.88,33.10
9,0,0.3,-28.972,0,0,0.025821,-2.845322,2.903851,1.362867,-0.013042,0.225427,0.019967,-2.849250,2.862565,1.361286,-0.012393,0.226010,0.019967,-2.849250,2.862565,1.361286,-0.012393,0.226010,0.019967,-2.849250,2.862565,1.361286,-0.012393,0.226010,0.635574,-90.694450,91.118271,43.331070,-0.394463,13.294715,0.635574,-90.694450,91.118271,43.331070,-0.394463,13.294715,1958,1048,3068,2499,2039,2113,,0,,,,1.70,,0.04,0.59,1.70,33.21
10,0,0.3333333333333333,-28.716,0,0,0.025821,-2.845322,2.903851,1.362867,-0.013042,0.225427,0.020472,-2.850197,2.861739,1.361878,-0.012335,0.226147,0.020472,-2.850197,2.861739,1.361878,-0.012335,0.226147,0.020472,-2.850197,2.861739,1.361878,-0.012335,0.226147,0.651634,-90.724579,91.091980,43.349915,-0.392624,13.302792,0.651634,-90.724579,91.091980,43.349915,-0.392624,13.302792,1958,1048,3068,2499,2039,2113,,0,,,,1.80,,0.03,0.49,1.89,33.18
11,0,0.36666666666666664,-28.344,0,0,0.025821,-2.845322,2.903851,1.362867,-0.013042,0.225427,0.021212,-2.851233,2.860981,1.362680,-0.012263,0.226187,0.021212,-2.851233,2.860981,1.362680,-0.012263,0.226187,0.021212,-2.851233,2.860981,1.362680,-0.012263,0.226187,0.675201,-90.757568,91.067841,43.375443,-0.390343,13.305095,0.675201,-90.757568,91.067841,43.375443,-0.390343,13.305095,1958,1047,3067,2499,2039,2113,,0,,,,1.83,,0.04,0.51,1.98,32.92
12,0,0.4,-27.206,0,0,0.025821,-2.845322,2.903851,1.362867,-0.013042,0.225427,0.021957,-2.852214,2.860279,1.363497,-0.012204,0.226137,0.021957,-2.852214,2.860279,1.363497,-0.012204,0.226137,0.021957,-2.852214,2.860279,1.363498,-0.012204,0.226137,0.698898,-90.788788,91.045502,43.401474,-0.388481,13.302195,0.698898,-90.788788,91.045502,43.401474,-0.388481,13.302195,1958,1047,3067,2500,2039,2113,,0,,,,1.82,,0.03,0.50,3.21,33.03
13,0,0.43333333333333335,-28.973,0,0,0.025821,-2.845322,2.903851,1.362867,-0.013042,0.225427,0.022568,-2.853117,2.859690,1.364210,-0.012165,0.226040,0.022568,-2.853117,2.859690,1.364210,-0.012165,0.226040,0.022568,-2.853117,2.859690,1.364210,-0.012165,0.226040,0.718376,-90.817528,91.026764,43.424164,-0.387215,13.296497,0.718376,-90.817528,91.026764,43.424164,-0.387215,13.296497,1959,1047,3067,2500,2039,2113,,0,,,,1.70,,0.03,0.48,1.70,33.04
14,0,0.4666666666666667,-29.491,0,0,0.025821,-2.845322,2.903851,1.362867,-0.013042,0.225427,0.023017,-2.853940,2.859291,1.364805,-0.012131,0.225946,0.023017,-2.853940,2.859291,1.364805,-0.012131,0.225946,0.023017,-2.853940,2.859291,1.364805,-0.012131,0.225946,0.732651,-90.843727,91.014053,43.443100,-0.386131,13.290933,0.732651,-90.843727,91.014053,43.443100,-0.386131,13.290933,1959,1046,3067,2500,2039,2113,,0,,,,1.54,,0.03,0.40,1.54,33.14
15,0,0.5,-29.147,0,0,0.025821,-2.845322,2.903851,1.362867,-0.013042,0.225427,0.023345,-2.854723,2.859123,1.365279,-0.012106,0.225917,0.023345,-2.854723,2.859123,1.365279,-0.012106,0.225917,0.023345,-2.854723,2.859123,1.365279,-0.012106,0.225917,0.743103,-90.868645,91.008698,43.458191,-0.385361,13.289216,0.743103,-90.868645,91.008698,43.458191,-0.385361,13.289216,1959,1046,3067,2500,2039,2113,,0,,,,1.67,,0.03,0.45,1.65,33.10
16,0,0.5333333333333333,-29.196,0,0,0.025821,-2.845322,2.903851,1.362867,-0.013042,0.225427,0.023595,-2.855439,2.859161,1.365598,-0.012087,0.226005,0.023595,-2.855439,2.859161,1.365598,-0.012087,0.226005,0.023595,-2.855439,2.859161,1.365598,-0.012087,0.226005,0.751053,-90.891457,91.009903,43.468338,-0.384727,13.294419,0.751053,-90.891457,91.009903,43.468338,-0.384727,13.294419,1959,1046,3067,2500,2039,2113,,0,,,,1.60,,0.03,0.41,1.64,33.14
17,0,0.5666666666666667,-29.111,0,0,0.025821,-2.845322,2.903851,1.362867,-0.013042,0.225427,0.023768,-2.856049,2.859345,1.365733,-0.012069,0.226218,0.023768,-2.856049,2.859345,1.365733,-0.012069,0.226218,0.023768,-2.856049,2.859345,1.365733,-0.012069,0.226218,0.756577,-90.910858,91.015762,43.472641,-0.384178,13.306928,0.756577,-90.910858,91.015762,43.472641,-0.384178,13.306928,1959,1046,3067,2501,2039,2113,,0,,,,1.63,,0.03,0.44,1.80,33.17
18,0,0.6,-29.085,0,0,0.025821,-2.845322,2.903851,1.362867,-0.013042,0.225427,0.023849,-2.856509,2.859615,1.365706,-0.012053,0.226510,0.023849,-2.856509,2.859615,1.365706,-0.012053,0.226510,0.023849,-2.856509,2.859615,1.365706,-0.012053,0.226510,0.759125,-90.925491,91.024368,43.471771,-0.383652,13.324121,0.759125,-90.925491,91.024368,43.471771,-0.383652,13.324121,1959,1045,3067,2501,2039,2113,,0,,,,1.61,,0.03,0.45,1.84,33.19
19,0,0.6333333333333333,-29.294,0,0,0.025821,-2.845322,2.903851,1.362867,-0.013042,0.225427,0.023842,-2.856806,2.859917,1.365585,-0.012035,0.226801,0.023842,-2.856806,2.859917,1.365585,-0.012035,0.226801,0.023842,-2.856806,2.859917,1.365585,-0.012035,0.226801,0.758919,-90.934967,91.033997,43.467926,-0.383087,13.341242,0.758919,-90.934967,91.033997,43.467926,-0.383087,13.341242,1959,1045,3067,2500,2039,2114,,0,,,,1.60,,0.03,0.46,1.66,33.17
20,0,0.6666666666666666,-29.548,0,0,0.025821,-2.845322,2.903851,1.362867,-0.013042,0.225427,0.023730,-2.856953,2.860225,1.365468,-0.012013,0.227010,0.023730,-2.856953,2.860225,1.365468,-0.012013,0.227010,0.023730,-2.856953,2.860225,1.365468,-0.012013,0.227010,0.755348,-90.939629,91.043777,43.464203,-0.382385,13.353544,0.755348,-90.939629,91.043777,43.464203,-0.382385,13.353544,1959,1045,3067,2500,2039,2114,,0,,,,1.48,,0.02,0.41,1.58,33.17
21,0,0.7,-29.742,0,0,0.025821,-2.845322,2.903851,1.362867,-0.013042,0.225427,0.023537,-2.856948,2.860471,1.365438,-0.011981,0.227124,0.023537,-2.856948,2.860471,1.365438,-0.011981,0.227124,0.023537,-2.856948,2.860471,1.365438,-0.011981,0.227124,0.749207,-90.939468,91.051636,43.463242,-0.381371,13.360259,0.749207,-90.939468,91.051636,43.463242,-0.381371,13.360259,1959,1045,3067,2500,2039,2114,,0,,,,1.37,,0.02,0.43,1.51,33.20
22,0,0.7333333333333333,-29.701,0,0,0.025821,-2.845322,2.903851,1.362867,-0.013042,0.225427,0.023341,-2.856821,2.860620,1.365567,-0.011932,0.227190,0.023341,-2.856821,2.860620,1.365567,-0.011932,0.227190,0.023341,-2.856821,2.860620,1.365567,-0.011932,0.227190,0.742973,-90.935440,91.056366,43.467361,-0.379814,13.364127,0.742973,-90.935440,91.056366,43.467361,-0.379814,13.364127,1959,1045,3067,2500,2039,2114,,0,,,,1.40,,0.03,0.42,1.49,33.21
23,0,0.7666666666666667,-29.287,0,0,0.025821,-2.845322,2.903851,1.362867,-0.013042,0.225427,0.023218,-2.856611,2.860663,1.365877,-0.011863,0.227258,0.023218,-2.856611,2.860663,1.365877,-0.011863,0.227258,0.023218,-2.856611,2.860663,1.365877,-0.011863,0.227258,0.739052,-90.928741,91.057724,43.477219,-0.377625,13.368097,0.739052,-90.928741,91.057724,43.477219,-0.377625,13.368097,1959,1045,3067,2501,2039,2114,,0,,,,1.52,,0.03,0.47,1.62,33.05
24,0,0.8,-29.116,0,0,0.025821,-2.845322,2.903851,1.362867,-0.013042,0.225427,0.023203,-2.856337,2.860599,1.366307,-0.011774,0.227355,0.023203,-2.856337,2.860599,1.366307,-0.011774,0.227355,0.023203,-2.856337,2.860599,1.366307,-0.011774,0.227355,0.738586,-90.920036,91.055695,43.490891,-0.374771,13.373798,0.738586,-90.920036,91.055695,43.490891,-0.374771,13.373798,1959,1046,3067,2501,2039,2114,,0,,,,1.57,,0.03,0.46,1.84,33.19
25,0,0.8333333333333334,-29.064,0,0,0.025821,-2.845322,2.903851,1.362867,-0.013042,0.225427,0.023295,-2.856007,2.860441,1.366763,-0.011671,0.227484,0.023295,-2.856007,2.860441,1.366763,-0.011671,0.227484,0.023295,-2.856007,2.860441,1.366763,-0.011671,0.227484,0.741508,-90.909515,91.050674,43.505432,-0.371490,13.381401,0.741508,-90.909515,91.050674,43.505432,-0.371490,13.381401,1959,1046,3067,2501,2039,2114,,0,,,,1.64,,0.03,0.45,1.82,33.15
26,0,0.8666666666666667,-29.654,0,0,0.025821,-2.845322,2.903851,1.362867,-0.013042,0.225427,0.023425,-2.855664,2.860244,1.367237,-0.011568,0.227618,0.023425,-2.855664,2.860244,1.367237,-0.011568,0.227618,0.023425,-2.855664,2.860244,1.367237,-0.011568,0.227618,0.745628,-90.898621,91.044373,43.520508,-0.368233,13.389304,0.745628,-90.898621,91.044373,43.520508,-0.368233,13.389304,1959,1046,3067,2501,2039,2114,,0,,,,1.50,,0.02,0.41,1.48,33.17
27,0,0.9,-29.341,0,0,0.025821,-2.845322,2.903851,1.362867,-0.013042,0.225427,0.023497,-2.855351,2.860045,1.367733,-0.011480,0.227723,0.023497,-2.855351,2.860045,1.367733,-0.011480,0.227723,0.023497,-2.855351,2.860045,1.367733,-0.011480,0.227723,0.747917,-90.888657,91.038055,43.536301,-0.365410,13.395494,0.747917,-90.888657,91.038055,43.536301,-0.365410,13.395494,1959,1046,3067,2501,2040,2114,,0,,,,1.61,,0.03,0.44,1.64,33.17
28,0,0.9333333333333333,-29.374,0,0,0.025821,-2.845322,2.903851,1.362867,-0.013042,0.225427,0.023434,-2.855087,2.859853,1.368233,-0.011410,0.227768,0.023434,-2.855087,2.859853,1.368233,-0.011410,0.227768,0.023434,-2.855087,2.859854,1.368233,-0.011410,0.227768,0.745918,-90.880249,91.031952,43.552216,-0.363174,13.398131,0.745918,-90.880249,91.031952,43.552216,-0.363174,13.398131,1959,1046,3067,2501,2040,2115,,0,,,,1.68,,0.03,0.46,1.53,33.23
29,0,0.9666666666666667,-28.958,0,0,0.025821,-2.845322,2.903851,1.362867,-0.013042,0.225427,0.023251,-2.854876,2.859674,1.368685,-0.011360,0.227716,0.023251,-2.854876,2.859674,1.368685,-0.011360,0.227716,0.023251,-2.854876,2.859674,1.368685,-0.011360,0.227716,0.740112,-90.873528,91.026260,43.566589,-0.361618,13.395062,0.740112,-90.873528,91.026260,43.566589,-0.361618,13.395062,1959,1046,3067,2502,2040,2114,,0,,,,1.65,,0.03,0.46,1.84,33.16
30,0,1.0,-29.063,0,0,0.025821,-2.845322,2.903851,1.362867,-0.013042,0.225427,0.022998,-2.854727,2.859550,1.369023,-0.011331,0.227534,0.022998,-2.854727,2.859550,1.369023,-0.011331,0.227534,0.022998,-2.854727,2.859550,1.369023,-0.011331,0.227534,0.732040,-90.868774,91.022293,43.577362,-0.360680,13.384324,0.732040,-90.868774,91.022293,43.577362,-0.360680,13.384324,1959,1046,3067,2502,2040,2114,,0,,,,1.56,,0.04,0.56,1.77,33.17
31,0,1.0333333333333334,-29.258,0,0,0.025821,-2.845322,2.903851,1.365611,-0.013042,0.225427,0.022707,-2.854654,2.859527,1.369147,-0.011320,0.227181,0.022707,-2.854654,2.859527,1.369147,-0.011320,0.227181,0.022707,-2.854653,2.859527,1.369148,-0.011320,0.227181,0.722801,-90.866440,91.021591,43.581314,-0.360329,13.363615,0.722801,-90.866440,91.021591,43.581314,-0.360329,13.363615,1959,1046,3067,2502,2040,2114,,0,,,,1.50,,0.04,0.53,1.65,33.61
32,0,1.0666666666666667,-28.630,0,0,0.025821,-2.845322,2.903851,1.365611,-0.013042,0.225427,0.022393,-2.854642,2.859625,1.368964,-0.011331,0.226709,0.022393,-2.854642,2.859625,1.368964,-0.011331,0.226709,0.022393,-2.854642,2.859626,1.368964,-0.011331,0.226709,0.712776,-90.866074,91.024704,43.575485,-0.360687,13.335794,0.712776,-90.866074,91.024704,43.575485,-0.360687,13.335794,1959,1046,3067,2502,2040,2114,,0,,,,1.62,,0.05,0.48,1.75,33.30
33,0,1.1,-28.700,0,0,0.025821,-2.845322,2.903851,1.365611,-0.013042,0.225427,0.022065,-2.854665,2.859796,1.368415,-0.011365,0.226280,0.022065,-2.854665,2.859796,1.368415,-0.011365,0.226280,0.022065,-2.854665,2.859797,1.368415,-0.011365,0.226280,0.702354,-90.866806,91.030151,43.557999,-0.361755,13.310573,0.702354,-90.866806,91.030151,43.557999,-0.361755,13.310573,1958,1046,3067,2502,2040,2113,,0,,,,1.46,,0.03,0.50,1.75,32.62
34,0,1.1333333333333333,-29.224,0,0,0.025821,-2.845322,2.903851,1.365611,-0.013042,0.225427,0.021740,-2.854703,2.859953,1.367532,-0.011414,0.226108,0.021740,-2.854703,2.859953,1.367532,-0.011414,0.226108,0.021740,-2.854703,2.859953,1.367533,-0.011414,0.226108,0.692001,-90.868004,91.035141,43.529922,-0.363327,13.300467,0.692001,-90.868004,91.035141,43.529922,-0.363327,13.300467,1958,1046,3067,2501,2040,2113,,0,,,,1.64,,0.03,0.43,1.65,33.14
35,0,1.1666666666666667,-29.186,0,0,0.025821,-2.845322,2.903851,1.365611,-0.013042,0.225427,0.021389,-2.854757,2.860010,1.366452,-0.011472,0.226344,0.021389,-2.854757,2.860010,1.366452,-0.011472,0.226344,0.021389,-2.854757,2.860010,1.366452,-0.011472,0.226344,0.680855,-90.869736,91.036957,43.495529,-0.365158,13.314337,0.680855,-90.869736,91.036957,43.495529,-0.365158,13.314337,1958,1046,3067,2501,2040,2113,,0,,,,1.69,,0.03,0.44,1.66,33.20
36,0,1.2,-28.855,0,0,0.025821,-2.845322,2.903851,1.365611,-0.013042,0.225427,0.021024,-2.854829,2.859924,1.365369,-0.011524,0.227023,0.021024,-2.854829,2.859924,1.365369,-0.011524,0.227023,0.021024,-2.854829,2.859924,1.365369,-0.011524,0.227023,0.669205,-90.872017,91.034195,43.461029,-0.366837,13.354320,0.669205,-90.872017,91.034195,43.461029,-0.366837,13.354320,1958,1046,3067,2500,2039,2114,,0,,,,2.10,,0.03,0.45,1.57,33.16
37,0,1.2333333333333334,-29.304,0,0,0.025821,-2.845322,2.903851,1.365611,-0.013042,0.225427,0.020680,-2.854940,2.859738,1.364530,-0.011562,0.228045,0.020680,-2.854940,2.859738,1.364530,-0.011562,0.228045,0.020680,-2.854940,2.859738,1.364529,-0.011562,0.228045,0.658264,-90.875557,91.028290,43.434326,-0.368019,13.414422,0.658264,-90.875557,91.028290,43.434326,-0.368019,13.414422,1958,1046,3067,2500,2039,2115,,0,,,,1.44,,0.04,0.49,1.76,33.18
38,0,1.2666666666666666,-28.508,0,0,0.025821,-2.845322,2.903851,1.365611,-0.013042,0.225427,0.020481,-2.855150,2.859531,1.364168,-0.011576,0.229165,0.020481,-2.855150,2.859531,1.364168,-0.011576,0.229165,0.020481,-2.855150,2.859531,1.364168,-0.011576,0.229165,0.651917,-90.882248,91.021698,43.422821,-0.368484,13.480311,0.651917,-90.882248,91.021698,43.422821,-0.368484,13.480311,1958,1046,3067,2500,2039,2116,,0,,,,1.70,,0.04,0.62,2.15,33.23
39,0,1.3,-29.264,0,0,0.025821,-2.845322,2.903851,1.365611,-0.013042,0.225427,0.020536,-2.855430,2.859308,1.364269,-0.011562,0.230078,0.020536,-2.855430,2.859308,1.364269,-0.011562,0.230078,0.020536,-2.855430,2.859308,1.364269,-0.011562,0.230078,0.653671,-90.891159,91.014587,43.426025,-0.368034,13.534024,0.653671,-90.891159,91.014587,43.426025,-0.368034,13.534024,1958,1046,3067,2500,2039,2117,,0,,,,1.67,,0.03,0.47,1.56,33.15
40,0,1.3333333333333333,-29.306,0,0,0.025821,-2.845322,2.903851,1.365611,-0.013042,0.225427,0.020853,-2.855642,2.858964,1.364524,-0.011518,0.230555,0.020853,-2.855642,2.858964,1.364524,-0.011518,0.230555,0.020853,-2.855642,2.858964,1.364524,-0.011518,0.230555,0.663757,-90.897911,91.003647,43.434128,-0.366631,13.562030,0.663757,-90.897911,91.003647,43.434128,-0.366631,13.562030,1958,1046,3067,2500,2039,2117,,0,,,,1.51,,0.03,0.44,1.69,33.17
41,0,1.3666666666666667,-29.515,0,0,0.025821,-2.845322,2.903851,1.365611,-0.013042,0.225427,0.021331,-2.855705,2.858462,1.364663,-0.011454,0.230473,0.021331,-2.855705,2.858462,1.364663,-0.011454,0.230473,0.021331,-2.855705,2.858462,1.364663,-0.011454,0.230473,0.678993,-90.899895,90.987656,43.438583,-0.364578,13.557238,0.678993,-90.899895,90.987656,43.438583,-0.364578,13.557238,1958,1046,3066,2500,2040,2117,,0,,,,1.50,,0.03,0.47,1.50,33.16
42,0,1.4,-29.670,0,0,0.025821,-2.845322,2.903851,1.365611,-0.013042,0.225427,0.021748,-2.855636,2.857867,1.364599,-0.011385,0.229818,0.021748,-2.855636,2.857867,1.364599,-0.011385,0.229818,0.021748,-2.855636,2.857867,1.364599,-0.011385,0.229818,0.692261,-90.897720,90.968735,43.436539,-0.362404,13.518718,0.692261,-90.897720,90.968735,43.436539,-0.362404,13.518718,1958,1046,3066,2500,2040,2116,,0,,,,1.38,,0.02,0.41,1.56,33.13
43,0,1.4333333333333333,-29.768,0,0,0.025821,-2.845322,2.903851,1.365611,-0.013042,0.225427,0.021960,-2.855530,2.857328,1.364382,-0.011333,0.228632,0.021960,-2.855530,2.857328,1.364382,-0.011333,0.228632,0.021960,-2.855530,2.857328,1.364382,-0.011333,0.228632,0.699020,-90.894333,90.951569,43.429611,-0.360725,13.448954,0.699020,-90.894333,90.951569,43.429611,-0.360725,13.448954,1958,1046,3066,2500,2040,2115,,0,,,,1.40,,0.03,0.43,1.48,33.21
44,0,1.4666666666666666,-29.689,0,0,0.025821,-2.845322,2.903851,1.365611,-0.013042,0.225427,0.022009,-2.855479,2.856957,1.364062,-0.011307,0.227009,0.022009,-2.855479,2.856957,1.364062,-0.011307,0.227009,0.022009,-2.855479,2.856957,1.364062,-0.011307,0.227009,0.700584,-90.892723,90.939758,43.419434,-0.359901,13.353476,0.700584,-90.892723,90.939758,43.419434,-0.359901,13.353476,1958,1046,3066,2500,2040,2114,,0,,,,1.46,,0.02,0.40,1.50,33.24
45,0,1.5,-29.650,0,0,0.025821,-2.845322,2.903851,1.365611,-0.013042,0.225427,0.022087,-2.855547,2.856806,1.363706,-0.011304,0.225129,0.022087,-2.855547,2.856806,1.363706,-0.011304,0.225129,0.022087,-2.855547,2.856806,1.363706,-0.011304,0.225129,0.703064,-90.894890,90.934952,43.408112,-0.359825,13.242853,0.703064,-90.894890,90.934952,43.408112,-0.359825,13.242853,1958,1046,3066,2500,2040,2112,,0,,,,1.40,,0.02,0.40,1.48,33.13
46,0,1.5333333333333334,-29.432,0,0,0.025821,-2.845322,2.903851,1.365611,-0.013042,0.225427,0.022257,-2.855779,2.856891,1.363417,-0.011321,0.223234,0.022257,-2.855779,2.856891,1.363417,-0.011321,0.223234,0.022257,-2.855779,2.856891,1.363417,-0.011321,0.223234,0.708473,-90.902275,90.937668,43.398911,-0.360367,13.131386,0.708473,-90.902275,90.937668,43.398911,-0.360367,13.131386,1958,1046,3066,2500,2040,2111,,0,,,,1.54,,0.03,0.42,1.54,33.13
47,0,1.5666666666666667,-29.180,0,0,0.025821,-2.845322,2.903851,1.365611,-0.013042,0.225427,0.022437,-2.856204,2.857217,1.363292,-0.011356,0.221549,0.022437,-2.856204,2.857217,1.363292,-0.011356,0.221549,0.022437,-2.856204,2.857217,1.363292,-0.011356,0.221549,0.714180,-90.915779,90.948029,43.394913,-0.361465,13.032290,0.714180,-90.915779,90.948029,43.394913,-0.361465,13.032290,1959,1046,3066,2500,2040,2109,,0,,,,1.53,,0.03,0.41,1.73,33.06
48,0,1.6,-29.166,0,0,0.025821,-2.845322,2.903851,1.365611,-0.013042,0.225427,0.022490,-2.856803,2.857722,1.363343,-0.011407,0.220266,0.022490,-2.856803,2.857722,1.363343,-0.011407,0.220266,0.022490,-2.856803,2.857721,1.363343,-0.011407,0.220266,0.715889,-90.934853,90.964096,43.396561,-0.363091,12.956842,0.715889,-90.934853,90.964096,43.396561,-0.363091,12.956842,1959,1045,3066,2500,2040,2108,,0,,,,1.65,,0.04,0.47,1.65,33.16
49,0,1.6333333333333333,-29.373,0,0,0.025821,-2.845322,2.903851,1.365611,-0.013042,0.225427,0.022308,-2.857465,2.858250,1.363475,-0.011468,0.219468,0.022308,-2.857465,2.858250,1.363475,-0.011468,0.219468,0.022308,-2.857465,2.858251,1.363475,-0.011468,0.219468,0.710083,-90.955917,90.980942,43.400742,-0.365028,12.909892,0.710083,-90.955917,90.980942,43.400742,-0.365028,12.909892,1958,1045,3066,2500,2040,2107,,0,,,,1.59,,0.03,0.43,1.53,33.11
50,0,1.6666666666666667,-29.402,0,0,0.025821,-2.845322,2.903851,1.365611,-0.013042,0.225427,0.021834,-2.858027,2.858642,1.363595,-0.011536,0.219114,0.021834,-2.858027,2.858642,1.363595,-0.011536,0.219114,0.021834,-2.858027,2.858642,1.363595,-0.011536,0.219114,0.694992,-90.973839,90.993408,43.404572,-0.367188,12.889036,0.694992,-90.973839,90.993408,43.404572,-0.367188,12.889036,1958,1045,3067,2500,2039,2107,,0,,,,1.54,,0.03,0.40,1.67,33.15
51,0,1.7,-29.578,0,0,0.025821,-2.845322,2.903851,1.365611,-0.013042,0.225427,0.021154,-2.858329,2.858798,1.363619,-0.011607,0.219135,0.021154,-2.858329,2.858798,1.363619,-0.011607,0.219135,0.021154,-2.858329,2.858798,1.363619,-0.011607,0.219135,0.673340,-90.983421,90.998352,43.405334,-0.369469,12.890321,0.673340,-90.983421,90.998352,43.405334,-0.369469,12.890321,1958,1045,3067,2500,2039,2107,,0,,,,1.42,,0.02,0.40,1.65,33.19
52,0,1.7333333333333334,-29.453,0,0,0.025821,-2.845322,2.903851,1.365611,-0.013042,0.225427,0.020422,-2.858272,2.858728,1.363503,-0.011677,0.219438,0.020422,-2.858272,2.858728,1.363503,-0.011677,0.219438,0.020422,-2.858272,2.858728,1.363503,-0.011677,0.219438,0.650063,-90.981621,90.996140,43.401657,-0.371689,12.908101,0.650063,-90.981621,90.996140,43.401657,-0.371689,12.908101,1958,1045,3067,2500,2039,2107,,0,,,,1.53,,0.03,0.42,1.58,33.17
53,0,1.7666666666666666,-29.684,0,0,0.025821,-2.845322,2.903851,1.365611,-0.013042,0.225427,0.019741,-2.857871,2.858548,1.363274,-0.011741,0.219941,0.019741,-2.857871,2.858548,1.363274,-0.011741,0.219941,0.019741,-2.857871,2.858548,1.363274,-0.011741,0.219941,0.628365,-90.968842,90.990402,43.394363,-0.373718,12.937680,0.628365,-90.968842,90.990402,43.394363,-0.373718,12.937680,1958,1045,3066,2500,2039,2108,,0,,,,1.32,,0.03,0.43,1.55,33.16
54,0,1.8,-29.857,0,0,0.025821,-2.845322,2.903851,1.365611,-0.013042,0.225427,0.019114,-2.857219,2.858393,1.362964,-0.011796,0.220563,0.019114,-2.857219,2.858393,1.362964,-0.011796,0.220563,0.019114,-2.857219,2.858393,1.362964,-0.011796,0.220563,0.608429,-90.948120,90.985474,43.384491,-0.375481,12.974313,0.608429,-90.948120,90.985474,43.384491,-0.375481,12.974313,1958,1045,3066,2500,2039,2108,,0,,,,1.32,,0.03,0.39,1.46,33.21
55,0,1.8333333333333333,-29.283,0,0,0.025821,-2.845322,2.903851,1.365611,-0.013042,0.225427,0.018552,-2.856481,2.858401,1.362643,-0.011840,0.221189,0.018552,-2.856481,2.858401,1.362643,-0.011840,0.221189,0.018552,-2.856481,2.858401,1.362643,-0.011840,0.221189,0.590538,-90.924622,90.985733,43.374283,-0.376877,13.011137,0.590538,-90.924622,90.985733,43.374283,-0.376877,13.011137,1957,1046,3066,2499,2039,2109,,0,,,,1.60,,0.04,0.52,1.57,33.14
56,0,1.8666666666666667,-29.121,0,0,0.025821,-2.845322,2.903851,1.365611,-0.013042,0.225427,0.018131,-2.855809,2.858643,1.362341,-0.011873,0.221683,0.018131,-2.855809,2.858643,1.362341,-0.011873,0.221683,0.018131,-2.855809,2.858643,1.362341,-0.011873,0.221683,0.577141,-90.903221,90.993423,43.364639,-0.377945,13.040179,0.577141,-90.903221,90.993423,43.364639,-0.377945,13.040179,1957,1046,3067,2499,2039,2109,,0,,,,1.65,,0.04,0.51,1.72,33.17
57,0,1.9,-29.158,0,0,0.025821,-2.845322,2.903851,1.365611,-0.013042,0.225427,0.017888,-2.855294,2.859083,1.362005,-0.011903,0.221905,0.017888,-2.855294,2.859083,1.362005,-0.011903,0.221905,0.017888,-2.855294,2.859083,1.362005,-0.011903,0.221905,0.569405,-90.886833,91.007446,43.353958,-0.378883,13.053205,0.569405,-90.886833,91.007446,43.353958,-0.378883,13.053205,1957,1046,3067,2499,2039,2109,,0,,,,1.54,,0.03,0.48,1.77,33.15
58,0,1.9333333333333333,-29.161,0,0,0.025821,-2.845322,2.903851,1.365611,-0.013042,0.225427,0.017776,-2.854927,2.859564,1.361547,-0.011935,0.221815,0.017776,-2.854927,2.859564,1.361547,-0.011935,0.221815,0.017776,-2.854927,2.859564,1.361547,-0.011935,0.221815,0.565826,-90.875137,91.022751,43.339386,-0.379906,13.047957,0.565826,-90.875137,91.022751,43.339386,-0.379906,13.047957,1957,1046,3067,2499,2039,2109,,0,,,,1.59,,0.03,0.54,1.71,33.19
59,0,1.9666666666666666,-29.263,0,0,0.025821,-2.845322,2.903851,1.365611,-0.013042,0.225427,0.017773,-2.854685,2.859948,1.361073,-0.011970,0.221537,0.017773,-2.854685,2.859948,1.361073,-0.011970,0.221537,0.017773,-2.854685,2.859948,1.361073,-0.011970,0.221537,0.565735,-90.867447,91.034973,43.324295,-0.381020,13.031610,0.565735,-90.867447,91.034973,43.324295,-0.381020,13.031610,1957,1046,3067,2499,2039,2109,,0,,,,1.70,,0.03,0.45,1.59,33.19
60,0,2.0,-29.607,0,0,0.025821,-2.845322,2.903851,1.365611,-0.013042,0.225427,0.017932,-2.854516,2.860124,1.360790,-0.012004,0.221230,0.017932,-2.854516,2.860124,1.360790,-0.012004,0.221230,0.017932,-2.854516,2.860124,1.360790,-0.012004,0.221230,0.570786,-90.862061,91.040588,43.315277,-0.382111,13.013515,0.570786,-90.862061,91.040588,43.315277,-0.382111,13.013515,1957,1046,3067,2499,2039,2109,,0,,,,1.48,,0.03,0.42,1.54,33.18
61,0,2.033333333333333,-29.687,0,0,0.025821,-2.845322,2.903851,1.365611,-0.013042,0.225427,0.018271,-2.854304,2.859993,1.360824,-0.012033,0.221057,0.018271,-2.854304,2.859993,1.360824,-0.012033,0.221057,0.018271,-2.854304,2.859993,1.360824,-0.012033,0.221057,0.581589,-90.855309,91.036407,43.316391,-0.383018,13.003373,0.581589,-90.855309,91.036407,43.316391,-0.383018,13.003373,1957,1046,3067,2499,2039,2109,,0,,,,1.52,,0.02,0.39,1.45,33.17
62,0,2.066666666666667,-29.573,0,0,0.025821,-2.845322,2.903851,1.365611,-0.013042,0.225427,0.018710,-2.853894,2.859469,1.361147,-0.012053,0.221111,0.018710,-2.853894,2.859469,1.361147,-0.012053,0.221111,0.018710,-2.853894,2.859469,1.361147,-0.012053,0.221111,0.595558,-90.842270,91.019714,43.326660,-0.383667,13.006502,0.595558,-90.842270,91.019714,43.326660,-0.383667,13.006502,1957,1046,3067,2499,2039,2109,,0,,,,1.53,,0.03,0.43,1.51,33.20
63,0,2.1,-29.633,0,0,0.025821,-2.845322,2.903851,1.365611,-0.013042,0.225427,0.019143,-2.853176,2.858560,1.361659,-0.012062,0.221388,0.019143,-2.853176,2.858560,1.361659,-0.012062,0.221388,0.019143,-2.853176,2.858560,1.361658,-0.012062,0.221388,0.609352,-90.819397,90.990784,43.342941,-0.383949,13.022852,0.609352,-90.819397,90.990784,43.342941,-0.383949,13.022852,1958,1047,3066,2499,2039,2109,,0,,,,1.34,,0.03,0.48,1.54,33.15
64,0,2.1333333333333333,-28.630,0,0,0.025821,-2.845322,2.903851,1.365611,-0.013042,0.225427,0.019510,-2.852089,2.857350,1.362182,-0.012062,0.221840,0.019510,-2.852089,2.857350,1.362182,-0.012062,0.221840,0.019510,-2.852089,2.857350,1.362182,-0.012062,0.221840,0.621010,-90.784813,90.952271,43.359589,-0.383957,13.049406,0.621010,-90.784813,90.952271,43.359589,-0.383957,13.049406,1958,1047,3066,2499,2039,2109,,0,,,,1.64,,0.04,0.62,2.07,33.49
65,0,2.1666666666666665,-28.845,0,0,0.025821,-2.845322,2.903851,1.365611,-0.013042,0.225427,0.019861,-2.850660,2.855971,1.362601,-0.012056,0.222403,0.019861,-2.850660,2.855971,1.362601,-0.012056,0.222403,0.019861,-2.850660,2.855971,1.362601,-0.012056,0.222403,0.632202,-90.739334,90.908356,43.372940,-0.383759,13.082549,0.632202,-90.739334,90.908356,43.372940,-0.383759,13.082549,1958,1048,3066,2499,2039,2110,,0,,,,1.62,,0.04,0.49,1.70,33.54
66,0,2.2,-28.685,0,0,0.025821,-2.845322,2.903851,1.365611,-0.013042,0.225427,0.020213,-2.849003,2.854589,1.362898,-0.012049,0.223020,0.020213,-2.849003,2.854589,1.362898,-0.012049,0.223020,0.020213,-2.849003,2.854589,1.362899,-0.012049,0.223020,0.643394,-90.686577,90.864395,43.382401,-0.383522,13.118834,0.643394,-90.686577,90.864395,43.382401,-0.383522,13.118834,1958,1048,3065,2500,2039,2110,,0,,,,1.51,,0.05,0.56,1.61,32.53
67,0,2.2333333333333334,-29.144,0,0,0.025821,-2.845322,2.903851,1.365611,-0.013042,0.225427,0.020507,-2.847247,2.853337,1.363041,-0.012045,0.223620,0.020507,-2.847247,2.853337,1.363041,-0.012045,0.223620,0.020507,-2.847247,2.853338,1.363041,-0.012045,0.223620,0.652756,-90.630692,90.824539,43.386932,-0.383415,13.154107,0.652756,-90.630692,90.824539,43.386932,-0.383415,13.154107,1958,1049,3065,2500,2039,2111,,0,,,,1.59,,0.03,0.42,1.77,33.17
68,0,2.2666666666666666,-29.442,0,0,0.025821,-2.845322,2.903851,1.365611,-0.013042,0.225427,0.020710,-2.845512,2.852292,1.362997,-0.012048,0.224100,0.020710,-2.845512,2.852292,1.362997,-0.012048,0.224100,0.020710,-2.845512,2.852292,1.362997,-0.012048,0.224100,0.659203,-90.575455,90.791260,43.385559,-0.383499,13.182369,0.659203,-90.575455,90.791260,43.385559,-0.383499,13.182369,1958,1049,3064,2500,2039,2111,,0,,,,1.54,,0.02,0.39,1.65,33.23
69,0,2.3,-29.225,0,0,0.025821,-2.845322,2.903851,1.365611,-0.013042,0.225427,0.020851,-2.843915,2.851514,1.362810,-0.012058,0.224353,0.020851,-2.843915,2.851514,1.362810,-0.012058,0.224353,0.020851,-2.843915,2.851514,1.362810,-0.012058,0.224353,0.663719,-90.524620,90.766495,43.379608,-0.383804,13.197210,0.663719,-90.524620,90.766495,43.379608,-0.383804,13.197210,1958,1050,3064,2499,2039,2112,,0,,,,1.66,,0.03,0.44,1.66,33.16
70,0,2.3333333333333335,-29.251,0,0,0.025821,-2.845322,2.903851,1.365611,-0.013042,0.225427,0.020970,-2.842550,2.851027,1.362574,-0.012073,0.224336,0.020970,-2.842550,2.851027,1.362574,-0.012073,0.224336,0.020970,-2.842550,2.851028,1.362574,-0.012073,0.224336,0.667503,-90.481178,90.751022,43.372086,-0.384293,13.196239,0.667503,-90.481178,90.751022,43.372086,-0.384293,13.196239,1958,1050,3064,2499,2039,2112,,0,,,,1.58,,0.03,0.43,1.65,33.08
71,0,2.3666666666666667,-29.571,0,0,0.025821,-2.845322,2.903851,1.365611,-0.013042,0.225427,0.021039,-2.841447,2.850779,1.362301,-0.012094,0.224108,0.021039,-2.841447,2.850779,1.362301,-0.012094,0.224108,0.021039,-2.841447,2.850779,1.362301,-0.012094,0.224108,0.669708,-90.446075,90.743103,43.363373,-0.384956,13.182807,0.669708,-90.446075,90.743103,43.363373,-0.384956,13.182807,1958,1051,3064,2499,2039,2111,,0,,,,1.50,,0.03,0.49,1.47,33.18
72,0,2.4,-29.636,0,0,0.025821,-2.845322,2.903851,1.365611,-0.013042,0.225427,0.020997,-2.840611,2.850713,1.362000,-0.012119,0.223777,0.020997,-2.840611,2.850713,1.362000,-0.012119,0.223777,0.020997,-2.840611,2.850713,1.362000,-0.012119,0.223777,0.668358,-90.419464,90.740997,43.353806,-0.385765,13.163361,0.668358,-90.419464,90.740997,43.353806,-0.385765,13.163361,1958,1051,3064,2499,2039,2111,,0,,,,1.44,,0.02,0.44,1.51,33.16
73,0,2.433333333333333,-29.569,0,0,0.025821,-2.845322,2.903851,1.365611,-0.013042,0.225427,0.020845,-2.840019,2.850799,1.361717,-0.012146,0.223422,0.020845,-2.840019,2.850799,1.361717,-0.012146,0.223422,0.020845,-2.840019,2.850799,1.361717,-0.012146,0.223422,0.663521,-90.400612,90.743759,43.344803,-0.386604,13.142461,0.663521,-90.400612,90.743759,43.344803,-0.386604,13.142461,1958,1051,3064,2499,2039,2111,,0,,,,1.52,,0.03,0.43,1.52,33.18
74,0,2.466666666666667,-29.007,0,0,0.025821,-2.845322,2.903851,1.365611,-0.013042,0.225427,0.020671,-2.839634,2.851044,1.361468,-0.012167,0.223065,0.020671,-2.839634,2.851044,1.361468,-0.012167,0.223065,0.020671,-2.839634,2.851045,1.361468,-0.012167,0.223065,0.657974,-90.388367,90.751572,43.336868,-0.387291,13.121462,0.657974,-90.388367,90.751572,43.336868,-0.387291,13.121462,1958,1052,3064,2499,2039,2110,,0,,,,1.39,,0.03,0.43,2.10,33.16
75,0,2.5,-29.660,0,0,0.025821,-2.845322,2.903851,1.365611,-0.013042,0.225427,0.020553,-2.839426,2.851470,1.361211,-0.012180,0.222747,0.020553,-2.839426,2.851470,1.361211,-0.012180,0.222747,0.020553,-2.839426,2.851470,1.361211,-0.012180,0.222747,0.654236,-90.381721,90.765121,43.328674,-0.387695,13.102785,0.654236,-90.381721,90.765121,43.328674,-0.387695,13.102785,1958,1052,3064,2499,2039,2110,,0,,,,1.40,,0.02,0.41,1.55,33.15
76,0,2.533333333333333,-28.946,0,0,0.025821,-2.845322,2.903851,1.365611,-0.013042,0.225427,0.020460,-2.839379,2.852117,1.360895,-0.012183,0.222553,0.020460,-2.839379,2.852117,1.360895,-0.012183,0.222553,0.020460,-2.839379,2.852117,1.360895,-0.012183,0.222553,0.651253,-90.380226,90.785706,43.318634,-0.387810,13.091329,0.651253,-90.380226,90.785706,43.318634,-0.387810,13.091329,1958,1052,3064,2499,2039,2110,,0,,,,1.35,,0.03,0.49,2.25,33.19
77,0,2.566666666666667,-29.651,0,0,0.025821,-2.845322,2.903851,1.365611,-0.013042,0.225427,0.020357,-2.839512,2.853051,1.360496,-0.012179,0.222558,0.020357,-2.839512,2.853051,1.360496,-0.012179,0.222558,0.020357,-2.839512,2.853051,1.360496,-0.012179,0.222558,0.647995,-90.384468,90.815445,43.305939,-0.387665,13.091675,0.647995,-90.384468,90.815445,43.305939,-0.387665,13.091675,1958,1052,3065,2499,2039,2110,,0,,,,1.46,,0.02,0.39,1.50,33.15
78,0,2.6,-28.892,0,0,0.025821,-2.845322,2.903851,1.365611,-0.013042,0.225427,0.020304,-2.839887,2.854331,1.359974,-0.012163,0.222777,0.020304,-2.839887,2.854331,1.359974,-0.012163,0.222777,0.020304,-2.839887,2.854331,1.359974,-0.012163,0.222777,0.646301,-90.396416,90.856171,43.289307,-0.387169,13.104537,0.646301,-90.396416,90.856171,43.289307,-0.387169,13.104537,1958,1051,3065,2498,2039,2110,,0,,,,1.72,,0.03,0.46,1.81,33.08
79,0,2.6333333333333333,-29.497,0,0,0.025821,-2.845322,2.903851,1.365611,-0.013042,0.225427,0.020371,-2.840670,2.856026,1.359322,-0.012134,0.223167,0.020371,-2.840670,2.856026,1.359322,-0.012134,0.223167,0.020371,-2.840670,2.856026,1.359322,-0.012134,0.223167,0.648430,-90.421326,90.910126,43.268555,-0.386230,13.127491,0.648430,-90.421326,90.910126,43.268555,-0.386230,13.127491,1958,1051,3066,2498,2039,2111,,0,,,,1.52,,0.03,0.42,1.61,33.22
80,0,2.6666666666666665,-29.086,0,0,0.025821,-2.845322,2.903851,1.365611,-0.013042,0.225427,0.020599,-2.842120,2.858246,1.358617,-0.012093,0.223649,0.020599,-2.842120,2.858246,1.358617,-0.012093,0.223649,0.020599,-2.842120,2.858246,1.358617,-0.012093,0.223649,0.655678,-90.467499,90.980789,43.246124,-0.384941,13.155812,0.655678,-90.467499,90.980789,43.246124,-0.384941,13.155812,1958,1051,3066,2498,2039,2111,,0,,,,1.71,,0.03,0.43,1.63,33.09
81,0,2.7,-29.402,0,0,0.025821,-2.845322,2.903851,1.365611,-0.013042,0.225427,0.020885,-2.844474,2.861063,1.357898,-0.012052,0.224139,0.020885,-2.844474,2.861063,1.357898,-0.012052,0.224139,0.020885,-2.844474,2.861063,1.357898,-0.012052,0.224139,0.664795,-90.542404,91.070450,43.223251,-0.383636,13.184631,0.664795,-90.542404,91.070450,43.223251,-0.383636,13.184631,1958,1050,3067,2498,2039,2111,,0,,,,1.46,,0.03,0.42,1.59,33.11
82,0,2.7333333333333334,-29.595,0,0,0.025821,-2.845322,2.903851,1.365611,-0.013042,0.225427,0.021132,-2.847890,2.864497,1.357193,-0.012022,0.224561,0.021132,-2.847890,2.864497,1.357193,-0.012022,0.224561,0.021132,-2.847890,2.864498,1.357193,-0.012022,0.224561,0.672661,-90.651161,91.179794,43.200790,-0.382668,13.209447,0.672661,-90.651161,91.179794,43.200790,-0.382668,13.209447,1958,1049,3069,2497,2039,2112,,0,,,,1.47,,0.02,0.39,1.51,33.15
83,0,2.7666666666666666,-29.631,0,0,0.025821,-2.845322,2.903851,1.365611,-0.013042,0.225427,0.021331,-2.852468,2.868569,1.356575,-0.012008,0.224897,0.021331,-2.852468,2.868569,1.356575,-0.012008,0.224897,0.021331,-2.852468,2.868569,1.356575,-0.012008,0.224897,0.678978,-90.796890,91.309372,43.181137,-0.382217,13.229227,0.678978,-90.796890,91.309372,43.181137,-0.382217,13.229227,1958,1047,3070,2497,2039,2112,,0,,,,1.51,,0.02,0.40,1.45,33.15
84,0,2.8,-29.359,0,0,0.025821,-2.845322,2.903851,1.365611,-0.013042,0.225427,0.021540,-2.858170,2.873249,1.356109,-0.012014,0.225187,0.021540,-2.858170,2.873249,1.356109,-0.012014,0.225187,0.021540,-2.858170,2.873249,1.356109,-0.012014,0.225187,0.685646,-90.978363,91.458374,43.166306,-0.382416,13.246304,0.685646,-90.978363,91.458374,43.166306,-0.382416,13.246304,1958,1045,3072,2497,2039,2112,,0,,,,1.62,,0.04,0.43,1.58,33.15
85,0,2.8333333333333335,-29.799,0,0,0.025821,-2.845322,2.903851,1.365611,-0.013042,0.225427,0.021775,-2.864739,2.878352,1.355726,-0.012040,0.225479,0.021775,-2.864739,2.878352,1.355726,-0.012040,0.225479,0.021775,-2.864739,2.878352,1.355726,-0.012040,0.225479,0.693108,-91.187485,91.620773,43.154099,-0.383232,13.263491,0.693108,-91.187485,91.620773,43.154099,-0.383232,13.263491,1958,1043,3073,2497,2039,2113,,0,,,,1.32,,0.03,0.44,1.49,33.18
86,0,2.8666666666666667,-29.607,0,0,0.025821,-2.845322,2.903851,1.365611,-0.013042,0.225427,0.022028,-2.871737,2.883537,1.355337,-0.012079,0.225775,0.022028,-2.871737,2.883537,1.355337,-0.012079,0.225775,0.022028,-2.871737,2.883538,1.355337,-0.012079,0.225775,0.701164,-91.410210,91.785843,43.141724,-0.384506,13.280910,0.701164,-91.410210,91.785843,43.141724,-0.384506,13.280910,1958,1040,3075,2497,2039,2113,,0,,,,1.40,,0.02,0.40,1.64,33.20
87,0,2.9,-29.755,0,0,0.025821,-2.845322,2.903851,1.365611,-0.013042,0.225427,0.022334,-2.878533,2.888340,1.355033,-0.012120,0.226018,0.022334,-2.878533,2.888340,1.355033,-0.012120,0.226018,0.022334,-2.878533,2.888340,1.355034,-0.012120,0.226018,0.710907,-91.626541,91.938721,43.132050,-0.385796,13.295156,0.710907,-91.626541,91.938721,43.132050,-0.385796,13.295156,1958,1038,3077,2497,2039,2113,,0,,,,1.36,,0.02,0.40,1.53,33.20
88,0,2.933333333333333,-28.960,0,0,0.025821,-2.845322,2.909511,1.365611,-0.013042,0.225427,0.022725,-2.884211,2.892055,1.354954,-0.012143,0.226139,0.022725,-2.884211,2.892055,1.354954,-0.012143,0.226139,0.022725,-2.884211,2.892055,1.354954,-0.012143,0.226139,0.723358,-91.807289,92.056961,43.129532,-0.386536,13.302305,0.723358,-91.807289,92.056961,43.129532,-0.386536,13.302305,1959,1036,3078,2497,2039,2113,,0,,,,1.61,,0.04,0.54,1.83,33.17
89,0,2.966666666666667,-28.754,0,0,0.025821,-2.845322,2.915171,1.365611,-0.013042,0.225427,0.023170,-2.887577,2.893698,1.355315,-0.012123,0.226149,0.023170,-2.887577,2.893698,1.355315,-0.012123,0.226149,0.023170,-2.887577,2.893698,1.355315,-0.012123,0.226149,0.737511,-91.914436,92.109268,43.141022,-0.385895,13.302910,0.737511,-91.914436,92.109268,43.141022,-0.385895,13.302910,1959,1034,3079,2497,2039,2113,,0,,,,1.78,,0.04,0.71,1.72,33.16
90,1,3.0,-18.501,0,0,0.025821,-2.845322,2.920832,1.365611,-0.013042,0.225427,0.026985,-2.854906,2.918529,1.356393,-0.013043,0.221687,0.026985,-2.854906,2.918529,1.356393,-0.013043,0.221687,0.026985,-2.854906,2.918529,1.356393,-0.013043,0.221687,0.858948,-90.874489,92.899673,43.175323,-0.415184,13.040388,0.858948,-90.874489,92.899673,43.175323,-0.415184,13.040388,1960,1046,3088,2497,2038,2109,,0,207,1789034607.207214,16.8,1.73,7.66,2.54,0.43,1.91,32.92
91,0,3.033333333333333,-29.550,0,0,0.025821,-2.848117,2.923662,1.365611,-0.013042,0.225427,0.027139,-2.857502,2.921902,1.354969,-0.012847,0.220938,0.027139,-2.857502,2.921902,1.354969,-0.012847,0.220938,0.027139,-2.857502,2.921902,1.354969,-0.012847,0.220938,0.863876,-90.957092,93.007034,43.130005,-0.408943,12.996337,0.863876,-90.957092,93.007034,43.130005,-0.408943,12.996337,1960,1045,3089,2497,2039,2109,,0,,,,1.49,,0.02,0.41,1.54,33.11
92,0,3.066666666666667,-29.166,0,0,0.025821,-2.850912,2.932153,1.365611,-0.013042,0.225427,0.027423,-2.858777,2.924018,1.353802,-0.012620,0.220538,0.027423,-2.858777,2.924018,1.353802,-0.012620,0.220538,0.027423,-2.858777,2.924018,1.353802,-0.012620,0.220538,0.872894,-90.997696,93.074387,43.092865,-0.401703,12.972850,0.872894,-90.997696,93.074387,43.092865,-0.401703,12.972850,1960,1045,3090,2496,2039,2108,,0,,,,1.85,,0.03,0.41,1.61,33.24
93,0,3.1,-29.566,0,0,0.022378,-2.848117,2.949135,1.365611,-0.013042,0.225427,0.027697,-2.858219,2.924340,1.353117,-0.012332,0.220652,0.027697,-2.858219,2.924340,1.353117,-0.012332,0.220652,0.027697,-2.858219,2.924340,1.353117,-0.012332,0.220652,0.881638,-90.979919,93.084641,43.071060,-0.392540,12.979526,0.881638,-90.979919,93.084641,43.071060,-0.392540,12.979526,1960,1045,3090,2496,2039,2108,,0,,,,1.51,,0.02,0.42,1.50,33.13
94,0,3.1333333333333333,-29.196,0,0,0.025821,-2.848117,2.957625,1.365611,-0.013042,0.225427,0.027985,-2.855303,2.922325,1.353313,-0.011966,0.221396,0.027985,-2.855303,2.922325,1.353313,-0.011966,0.221396,0.027985,-2.855303,2.922325,1.353312,-0.011966,0.221396,0.890778,-90.887108,93.020493,43.077271,-0.380875,13.023278,0.890778,-90.887108,93.020493,43.077271,-0.380875,13.023278,1960,1046,3089,2496,2039,2109,,0,,,,1.68,,0.03,0.44,1.68,33.20
95,0,3.1666666666666665,-29.599,0,0,0.025821,-2.850912,2.963286,1.365611,-0.013042,0.225427,0.028410,-2.849104,2.917073,1.354631,-0.011498,0.222905,0.028410,-2.849104,2.917073,1.354631,-0.011498,0.222905,0.028410,-2.849104,2.917073,1.354631,-0.011498,0.222905,0.904320,-90.689789,92.853302,43.119232,-0.366005,13.112047,0.904320,-90.689789,92.853302,43.119232,-0.366005,13.112047,1960,1048,3087,2496,2040,2110,,0,,,,1.45,,0.03,0.43,1.54,33.13
96,0,3.2,-28.913,0,0,0.029264,-2.850912,2.963286,1.365611,-0.013042,0.225427,0.028881,-2.838437,2.907465,1.357226,-0.010898,0.225310,0.028881,-2.838437,2.907465,1.357226,-0.010898,0.225310,0.028881,-2.838437,2.907465,1.357226,-0.010898,0.225310,0.919304,-90.350258,92.547485,43.201828,-0.346901,13.253546,0.919304,-90.350258,92.547485,43.201828,-0.346901,13.253546,1960,1052,3084,2497,2040,2112,,0,,,,1.51,,0.03,0.43,2.19,33.27
97,0,3.2333333333333334,-29.060,0,0,0.029264,-2.850912,2.963286,1.365611,-0.013042,0.225427,0.029182,-2.822097,2.892395,1.361273,-0.010132,0.228756,0.029182,-2.822097,2.892395,1.361273,-0.010132,0.228756,0.029182,-2.822097,2.892395,1.361273,-0.010132,0.228756,0.928894,-89.830132,92.067780,43.330643,-0.322517,13.456228,0.928894,-89.830132,92.067780,43.330643,-0.322517,13.456228,1960,1058,3078,2499,2040,2115,,0,,,,1.69,,0.03,0.47,1.76,33.18
98,0,3.2666666666666666,-28.882,0,0,0.029264,-2.850912,2.963286,1.365611,-0.013042,0.225427,0.029328,-2.798863,2.870751,1.366829,-0.009171,0.233407,0.029328,-2.798863,2.870751,1.366829,-0.009171,0.233407,0.029328,-2.798863,2.870751,1.366829,-0.009171,0.233407,0.933540,-89.090569,91.378845,43.507523,-0.291916,13.729811,0.933540,-89.090569,91.378845,43.507523,-0.291916,13.729811,1961,1066,3071,2501,2041,2119,,0,,,,1.59,,0.03,0.51,1.92,33.18
99,0,3.3,-28.718,0,0,0.025821,-2.836936,2.963286,1.365611,-0.013042,0.225427,0.029456,-2.767705,2.841685,1.373921,-0.007978,0.239462,0.029456,-2.767705,2.841685,1.373921,-0.007978,0.239462,0.029456,-2.767705,2.841685,1.373921,-0.007978,0.239462,0.937614,-88.098801,90.453629,43.733261,-0.253952,14.085984,0.937614,-88.098801,90.453629,43.733261,-0.253952,14.085984,1961,1077,3061,2504,2042,2125,,0,,,,1.66,,0.06,0.63,1.99,33.21
100,0,3.3333333333333335,-29.342,0,0,0.025821,-2.820167,2.963286,1.365611,-0.013042,0.225427,0.029710,-2.727979,2.804731,1.382678,-0.006531,0.247096,0.029710,-2.727979,2.804731,1.382678,-0.006531,0.247096,0.029710,-2.727979,2.804731,1.382678,-0.006531,0.247096,0.945702,-86.834282,89.277359,44.012009,-0.207886,14.535040,0.945702,-86.834282,89.277359,44.012009,-0.207886,14.535040,1961,1091,3047,2507,2043,2131,,0,,,,1.52,,0.03,0.48,1.64,33.15
101,0,3.3666666666666667,-29.424,0,0,0.025821,-2.797806,2.963286,1.368356,-0.013042,0.225427,0.029973,-2.679316,2.759691,1.393296,-0.004828,0.256517,0.029973,-2.679316,2.759691,1.393296,-0.004828,0.256517,0.029973,-2.679316,2.759691,1.393296,-0.004828,0.256517,0.954079,-85.285271,87.843704,44.349976,-0.153687,15.089258,0.954079,-85.285271,87.843704,44.349976,-0.153687,15.089258,1961,1109,3032,2511,2044,2139,,0,,,,1.55,,0.03,0.42,1.61,33.17
102,0,3.4,-29.513,0,0,0.025821,-2.769856,2.957625,1.376591,-0.013042,0.230075,0.030150,-2.621500,2.706444,1.405737,-0.002873,0.267929,0.030150,-2.621500,2.706444,1.405737,-0.002873,0.267929,0.030150,-2.621500,2.706444,1.405737,-0.002873,0.267929,0.959709,-83.444946,86.148788,44.745987,-0.091438,15.760517,0.959709,-83.444946,86.148788,44.745987,-0.091438,15.760517,1961,1130,3013,2515,2045,2149,,0,,,,1.54,,0.02,0.40,1.60,33.18
103,0,3.433333333333333,-29.540,0,0,0.025821,-2.733521,2.934983,1.387571,-0.013042,0.239371,0.030206,-2.554566,2.644959,1.419866,-0.000672,0.281388,0.030206,-2.554566,2.644959,1.419866,-0.000672,0.281388,0.030206,-2.554566,2.644959,1.419866,-0.000672,0.281388,0.961479,-81.314354,84.191650,45.195740,-0.021378,16.552263,0.961479,-81.314354,84.191650,45.195740,-0.021378,16.552263,1961,1154,2991,2520,2047,2161,,0,,,,1.55,,0.03,0.39,1.56,33.20
104,0,3.466666666666667,-29.119,0,0,0.025821,-2.691596,2.901020,1.398551,-0.013042,0.249829,0.030180,-2.478664,2.575396,1.435541,0.001776,0.296829,0.030180,-2.478664,2.575396,1.435541,0.001776,0.296829,0.030180,-2.478664,2.575396,1.435541,0.001776,0.296829,0.960670,-78.898323,81.977386,45.694687,0.056541,17.460554,0.960670,-78.898323,81.977386,45.694687,0.056541,17.460554,1961,1181,2966,2526,2048,2174,,0,,,,1.60,,0.03,0.55,1.72,33.17
105,0,3.5,-29.096,0,0,0.022378,-2.638491,2.858567,1.412276,-0.013042,0.261449,0.030167,-2.394213,2.498126,1.452764,0.004462,0.314206,0.030167,-2.394213,2.498126,1.452764,0.004462,0.314206,0.030167,-2.394213,2.498126,1.452764,0.004462,0.314206,0.960228,-76.210159,79.517822,46.242920,0.142036,18.482681,0.960228,-76.210159,79.517822,46.242920,0.142036,18.482681,1961,1211,2939,2532,2050,2189,,0,,,,1.64,,0.03,0.44,1.77,33.16
106,0,3.533333333333333,-29.220,0,0,0.022378,-2.582591,2.807622,1.423255,-0.013042,0.274231,0.030123,-2.301738,2.413627,1.471585,0.007359,0.333466,0.030123,-2.301738,2.413627,1.471585,0.007359,0.333466,0.030123,-2.301738,2.413627,1.471585,0.007359,0.333466,0.958847,-73.266586,76.828140,46.841995,0.234238,19.615671,0.958847,-73.266586,76.828140,46.841995,0.234238,19.615671,1961,1244,2909,2539,2052,2205,,0,,,,1.57,,0.03,0.62,1.60,33.16
107,0,3.566666666666667,-29.654,0,0,0.022378,-2.515510,2.745356,1.439725,-0.011508,0.288175,0.029912,-2.201800,2.322374,1.491914,0.010441,0.354484,0.029912,-2.201800,2.322374,1.491914,0.010441,0.354484,0.029912,-2.201800,2.322374,1.491914,0.010441,0.354484,0.952126,-70.085472,73.923462,47.489090,0.332352,20.852024,0.952126,-70.085472,73.923462,47.489090,0.332352,20.852024,1961,1280,2877,2547,2054,2224,,0,,,,1.41,,0.02,0.43,1.53,33.20
108,0,3.6,-28.966,0,0,0.022378,-2.440045,2.683090,1.453450,-0.005370,0.304443,0.029469,-2.094997,2.224893,1.513585,0.013683,0.377047,0.029469,-2.094997,2.224893,1.513585,0.013683,0.377047,0.029469,-2.094997,2.224893,1.513585,0.013683,0.377047,0.938034,-66.685837,70.820557,48.178909,0.435555,22.179243,0.938034,-66.685837,70.820557,48.178909,0.435555,22.179243,1961,1318,2843,2554,2056,2243,,0,,,,1.35,,0.02,0.40,2.28,33.16
109,0,3.6333333333333333,-28.995,0,0,0.022378,-2.356194,2.609503,1.472665,0.000767,0.321873,0.028827,-1.982005,2.121815,1.536355,0.017066,0.400895,0.028827,-1.982005,2.121815,1.536355,0.017066,0.400895,0.028827,-1.982005,2.121815,1.536355,0.017066,0.400895,0.917587,-63.089169,67.539474,48.903702,0.543236,23.582087,0.917587,-63.089169,67.539474,48.903702,0.543236,23.582087,1960,1358,2806,2563,2058,2264,,0,,,,1.57,,0.03,0.55,1.87,33.16
110,0,3.6666666666666665,-28.836,0,0,0.022378,-2.266754,2.530256,1.491879,0.005370,0.341627,0.028006,-1.863626,2.013947,1.560053,0.020569,0.425765,0.028006,-1.863626,2.013947,1.560053,0.020569,0.425765,0.028006,-1.863626,2.013947,1.560053,0.020569,0.425765,0.891457,-59.321068,64.105927,49.658035,0.654747,25.044998,0.891457,-59.321068,64.105927,49.658035,0.654747,25.044998,1960,1401,2768,2571,2060,2285,,0,,,,1.84,,0.03,0.54,1.63,33.05
111,0,3.7,-29.187,0,0,0.022378,-2.171724,2.442518,1.511094,0.009973,0.362543,0.027078,-1.740764,1.902216,1.584581,0.024173,0.451461,0.027078,-1.740764,1.902216,1.584581,0.024173,0.451461,0.027078,-1.740764,1.902216,1.584581,0.024173,0.451461,0.861908,-55.410240,60.549408,50.438766,0.769440,26.556522,0.861908,-55.410240,60.549408,50.438766,0.769440,26.556522,1960,1445,2729,2580,2063,2307,,0,,,,1.63,,0.04,0.48,1.68,33.19
112,0,3.7333333333333334,-29.292,0,0,0.022378,-2.068308,2.354779,1.533053,0.014577,0.384621,0.026171,-1.614405,1.787588,1.609814,0.027853,0.477800,0.026171,-1.614405,1.787588,1.609814,0.027853,0.477800,0.026171,-1.614405,1.787589,1.609814,0.027853,0.477800,0.833046,-51.388115,56.900711,51.241974,0.886574,28.105873,0.833046,-51.388115,56.900711,51.241974,0.886574,28.105873,1960,1490,2688,2589,2065,2330,,0,,,,1.64,,0.03,0.40,1.62,33.09
113,0,3.7666666666666666,-29.441,0,0,0.022378,-1.959303,2.255720,1.552268,0.017645,0.406699,0.025253,-1.485546,1.670989,1.635535,0.031580,0.504588,0.025253,-1.485546,1.670989,1.635535,0.031580,0.504588,0.025253,-1.485546,1.670989,1.635535,0.031580,0.504588,0.803818,-47.286404,53.189224,52.060715,1.005234,29.681631,0.803818,-47.286404,53.189224,52.060715,1.005234,29.681631,1959,1536,2647,2599,2068,2353,,0,,,,1.61,,0.02,0.41,1.56,33.16
114,0,3.8,-29.516,0,0,0.022378,-1.844707,2.153831,1.574228,0.022248,0.431101,0.024219,-1.355147,1.553272,1.661447,0.035329,0.531664,0.024219,-1.355147,1.553272,1.661447,0.035329,0.531664,0.024219,-1.355147,1.553272,1.661447,0.035329,0.531664,0.770927,-43.135654,49.442169,52.885513,1.124557,31.274342,0.770927,-43.135654,49.442169,52.885513,1.124557,31.274342,1959,1583,2605,2608,2070,2376,,0,,,,1.55,,0.02,0.41,1.54,33.18
115,0,3.8333333333333335,-29.457,0,0,0.022378,-1.730112,2.046281,1.601678,0.026851,0.456664,0.023194,-1.224189,1.435267,1.687325,0.039079,0.558821,0.023194,-1.224189,1.435267,1.687325,0.039079,0.558821,0.023194,-1.224189,1.435267,1.687325,0.039079,0.558821,0.738297,-38.967144,45.685974,53.709213,1.243927,32.871799,0.738297,-38.967144,45.685974,53.709213,1.243927,32.871799,1959,1630,2564,2618,2072,2399,,0,,,,1.59,,0.02,0.41,1.56,33.16
116,0,3.8666666666666667,-29.552,0,0,0.022378,-1.607131,1.935900,1.626382,0.029920,0.481066,0.022272,-1.093761,1.317889,1.713025,0.042801,0.585818,0.022272,-1.093761,1.317889,1.713025,0.042801,0.585818,0.022272,-1.093761,1.317889,1.713025,0.042801,0.585818,0.708939,-34.815506,41.949722,54.527283,1.362404,34.459888,0.708939,-34.815506,41.949722,54.527283,1.362404,34.459888,1958,1676,2522,2627,2075,2423,,0,,,,1.44,,0.03,0.44,1.55,33.13
117,0,3.9,-29.572,0,0,0.022378,-1.478561,1.822690,1.651086,0.032989,0.507792,0.021398,-0.964975,1.202070,1.738351,0.046463,0.612402,0.021398,-0.964975,1.202070,1.738351,0.046463,0.612402,0.021398,-0.964975,1.202070,1.738350,0.046463,0.612402,0.681114,-30.716110,38.263062,55.333405,1.478958,36.023666,0.681114,-30.716110,38.263062,55.333405,1.478958,36.023666,1958,1722,2481,2636,2077,2446,,0,,,,1.42,,0.03,0.43,1.63,33.18
118,0,3.933333333333333,-29.371,0,0,0.022378,-1.347195,1.709479,1.678536,0.037591,0.533356,0.020419,-0.838908,1.088722,1.763019,0.050029,0.638256,0.020419,-0.838908,1.088722,1.763019,0.050029,0.638256,0.020419,-0.838908,1.088722,1.763019,0.050029,0.638256,0.649956,-26.703278,34.655106,56.118637,1.592461,37.544460,0.649956,-26.703278,34.655106,56.118637,1.592461,37.544460,1958,1767,2441,2645,2080,2468,,0,,,,1.41,,0.03,0.40,1.82,33.22
119,0,3.966666666666667,-28.775,0,0,0.022378,-1.215830,1.590608,1.700495,0.040660,0.561244,0.019346,-0.716625,0.978794,1.786761,0.053473,0.663070,0.019346,-0.716625,0.978794,1.786761,0.053473,0.663070,0.019346,-0.716625,0.978794,1.786761,0.053473,0.663070,0.615784,-22.810890,31.155991,56.874359,1.702103,39.004120,0.615784,-22.810890,31.155991,56.874359,1.702103,39.004120,1958,1811,2402,2654,2082,2489,,0,,,,1.61,,0.04,0.71,1.75,33.01
120,0,4.0,-29.485,0,0,0.022378,-1.087259,1.477398,1.725199,0.045263,0.587970,0.018206,-0.599181,0.873231,1.809412,0.056776,0.686643,0.018206,-0.599181,0.873231,1.809412,0.056776,0.686643,0.018206,-0.599181,0.873231,1.809412,0.056776,0.686643,0.579514,-19.072540,27.795815,57.595367,1.807251,40.390747,0.579514,-19.072540,27.795815,57.595367,1.807251,40.390747,1957,1853,2365,2662,2084,2509,,0,,,,1.48,,0.04,0.47,1.59,33.26
121,0,4.033333333333333,-29.052,0,0,0.022378,-0.953099,1.358526,1.749904,0.048332,0.613534,0.017073,-0.487526,0.772883,1.830784,0.059919,0.708819,0.017073,-0.487526,0.772883,1.830784,0.059919,0.708819,0.017073,-0.487526,0.772883,1.830784,0.059919,0.708819,0.543465,-15.518448,24.601639,58.275650,1.907288,41.695248,0.543465,-15.518448,24.601639,58.275650,1.907288,41.695248,1957,1893,2330,2670,2086,2529,,0,,,,1.64,,0.03,0.48,1.72,33.14
122,0,4.066666666666666,-29.357,0,0,0.022378,-0.821733,1.248147,1.771864,0.051401,0.637936,0.016006,-0.382543,0.678534,1.850686,0.062876,0.729448,0.016006,-0.382543,0.678534,1.850686,0.062876,0.729448,0.016006,-0.382543,0.678534,1.850686,0.062876,0.729448,0.509499,-12.176720,21.598412,58.909180,2.001396,42.908707,0.509499,-12.176720,21.598412,58.909180,2.001396,42.908707,1957,1931,2296,2677,2088,2546,,0,,,,1.57,,0.03,0.40,1.53,33.06
123,0,4.1,-29.355,0,0,0.022378,-0.695958,1.134936,1.793823,0.054469,0.663500,0.015079,-0.285053,0.590945,1.868963,0.065625,0.748485,0.015079,-0.285053,0.590945,1.868963,0.065625,0.748485,0.015079,-0.285053,0.590945,1.868963,0.065625,0.748485,0.479980,-9.073517,18.810364,59.490921,2.088905,44.028553,0.479980,-9.073517,18.810364,59.490921,2.088905,44.028553,1956,1966,2265,2684,2090,2563,,0,,,,1.52,,0.03,0.45,1.61,33.12
124,0,4.133333333333334,-29.294,0,0,0.022378,-0.570182,1.030216,1.815783,0.057539,0.685578,0.014307,-0.195803,0.510817,1.885485,0.068152,0.765944,0.014307,-0.195803,0.510817,1.885485,0.068152,0.765944,0.014307,-0.195803,0.510817,1.885485,0.068152,0.765944,0.455406,-6.232613,16.259804,60.016846,2.169334,45.055538,0.455406,-6.232613,16.259804,60.016846,2.169334,45.055538,1956,1997,2237,2690,2091,2578,,0,,,,1.57,,0.03,0.50,1.64,33.20
125,0,4.166666666666667,-29.406,0,0,0.022378,-0.452792,0.928326,1.837743,0.060607,0.707655,0.013675,-0.115380,0.438620,1.900202,0.070448,0.781788,0.013675,-0.115380,0.438620,1.900202,0.070448,0.781788,0.013675,-0.115380,0.438620,1.900202,0.070448,0.781788,0.435303,-3.672668,13.961723,60.485291,2.242432,45.987526,0.435303,-3.672668,13.961723,60.485291,2.242432,45.987526,1956,2026,2211,2695,2093,2591,,0,,,,1.53,,0.02,0.41,1.59,33.09
126,0,4.2,-29.292,0,0,0.022378,-0.340991,0.832098,1.856957,0.063676,0.727409,0.013194,-0.044143,0.374503,1.913230,0.072509,0.795967,0.013194,-0.044143,0.374503,1.913230,0.072509,0.795967,0.013194,-0.044143,0.374503,1.913230,0.072509,0.795967,0.419983,-1.405128,11.920784,60.899994,2.308037,46.821594,0.419983,-1.405128,11.920784,60.899994,2.308037,46.821594,1956,2052,2189,2700,2094,2603,,0,,,,1.58,,0.03,0.44,1.68,33.19
127,0,4.233333333333333,-29.621,0,0,0.022378,-0.231986,0.738699,1.873427,0.066745,0.746001,0.012882,0.017798,0.318347,1.924763,0.074339,0.808472,0.012882,0.017798,0.318347,1.924763,0.074339,0.808472,0.012882,0.017798,0.318347,1.924763,0.074339,0.808472,0.410034,0.566521,10.133316,61.267105,2.366280,47.557163,0.410034,0.566521,10.133316,61.267105,2.366280,47.557163,1956,2074,2169,2704,2095,2614,,0,,,,1.47,,0.03,0.39,1.53,33.19
128,0,4.266666666666667,-29.385,0,0,0.022378,-0.136955,0.659451,1.889897,0.069813,0.763431,0.012700,0.070585,0.269872,1.935008,0.075946,0.819356,0.012700,0.070585,0.269872,1.935008,0.075946,0.819356,0.012700,0.070585,0.269872,1.935008,0.075946,0.819356,0.404251,2.246811,8.590279,61.593216,2.417419,48.197426,0.404251,2.246811,8.590279,61.593216,2.417419,48.197426,1956,2093,2152,2708,2096,2624,,0,,,,1.56,,0.03,0.41,1.61,33.14
129,0,4.3,-29.268,0,0,0.022378,-0.050310,0.583035,1.903621,0.069813,0.778537,0.012613,0.114554,0.228746,1.944202,0.077340,0.828732,0.012613,0.114554,0.228746,1.944202,0.077340,0.828732,0.012613,0.114554,0.228746,1.944202,0.077340,0.828732,0.401482,3.646378,7.281204,61.885880,2.461800,48.748947,0.401482,3.646378,7.281204,61.885880,2.461800,48.748947,1956,2108,2137,2711,2097,2632,,0,,,,1.52,,0.03,0.44,1.78,33.17
130,0,4.333333333333333,-29.034,0,0,0.022378,0.025155,0.517938,1.917346,0.069813,0.792481,0.012597,0.150182,0.194566,1.952520,0.078535,0.836738,0.012597,0.150182,0.194566,1.952520,0.078535,0.836738,0.012597,0.150182,0.194566,1.952520,0.078535,0.836738,0.400986,4.780457,6.193222,62.150650,2.499832,49.219887,0.400986,4.780457,6.193222,62.150650,2.499832,49.219887,1956,2121,2125,2714,2098,2639,,0,,,,1.57,,0.04,0.51,1.91,33.24
131,0,4.366666666666666,-29.076,0,0,0.022378,0.092236,0.461333,1.928326,0.069813,0.805263,0.012599,0.178141,0.166821,1.959988,0.079544,0.843483,0.012599,0.178141,0.166821,1.959988,0.079544,0.843483,0.012599,0.178141,0.166821,1.959988,0.079544,0.843483,0.401054,5.670403,5.310097,62.388351,2.531960,49.616657,0.401054,5.670403,5.310097,62.388351,2.531960,49.616657,1956,2131,2115,2717,2099,2644,,0,,,,1.64,,0.05,0.50,1.68,33.08
132,0,4.4,-29.650,0,0,0.022378,0.148135,0.413218,1.939306,0.069813,0.815721,0.012575,0.199266,0.144935,1.966481,0.080383,0.849058,0.012575,0.199266,0.144935,1.966481,0.080383,0.849058,0.012575,0.199266,0.144935,1.966481,0.080383,0.849058,0.400284,6.342842,4.613426,62.595032,2.558670,49.944595,0.400284,6.342842,4.613426,62.595032,2.558670,49.944595,1956,2139,2108,2719,2099,2649,,0,,,,1.49,,0.02,0.40,1.53,33.19
133,0,4.433333333333334,-29.242,0,0,0.022378,0.190061,0.370764,1.947541,0.069813,0.825017,0.012592,0.214497,0.128352,1.971834,0.081068,0.853558,0.012592,0.214497,0.128352,1.971834,0.081068,0.853558,0.012592,0.214497,0.128352,1.971834,0.081068,0.853558,0.400833,6.827637,4.085564,62.765427,2.580467,50.209312,0.400833,6.827637,4.085564,62.765427,2.580467,50.209312,1956,2144,2102,2721,2100,2653,,0,,,,1.72,,0.03,0.46,1.63,33.20
134,0,4.466666666666667,-29.381,0,0,0.022378,0.218011,0.339632,1.955775,0.069813,0.833151,0.012709,0.224872,0.116503,1.975912,0.081614,0.857043,0.012709,0.224872,0.116503,1.975912,0.081614,0.857043,0.012709,0.224872,0.116503,1.975912,0.081614,0.857043,0.404533,7.157883,3.708412,62.895233,2.597847,50.414288,0.404533,7.157883,3.708412,62.895233,2.597847,50.414288,1956,2148,2098,2723,2100,2656,,0,,,,1.60,,0.03,0.43,1.59,33.15
135,0,4.5,-29.573,0,0,0.022378,0.240371,0.308499,1.964010,0.069813,0.840123,0.012862,0.231508,0.108733,1.978700,0.082037,0.859627,0.012862,0.231508,0.108733,1.978700,0.082037,0.859627,0.012862,0.231508,0.108733,1.978700,0.082037,0.859627,0.409424,7.369141,3.461075,62.983978,2.611313,50.566311,0.409424,7.369141,3.461075,62.983978,2.611313,50.566311,1956,2150,2095,2724,2100,2658,,0,,,,1.51,,0.03,0.42,1.57,33.20
136,0,4.533333333333333,-29.584,0,0,0.022378,0.257141,0.283027,1.969500,0.069813,0.845933,0.012983,0.235568,0.104260,1.980243,0.082362,0.861352,0.012983,0.235568,0.104260,1.980243,0.082362,0.861352,0.012983,0.235568,0.104260,1.980244,0.082362,0.861352,0.413261,7.498375,3.318718,63.033112,2.621666,50.667786,0.413261,7.498375,3.318718,63.033112,2.621666,50.667786,1956,2152,2093,2724,2101,2660,,0,,,,1.51,,0.02,0.39,1.56,33.17
137,0,4.566666666666666,-29.488,0,0,0.022378,0.271116,0.266045,1.972245,0.069813,0.850581,0.013035,0.238213,0.102263,1.980593,0.082618,0.862232,0.013035,0.238213,0.102263,1.980593,0.082618,0.862232,0.013035,0.238213,0.102263,1.980593,0.082618,0.862232,0.414917,7.582542,3.255127,63.044250,2.629829,50.719524,0.414917,7.582542,3.255127,63.044250,2.629829,50.719524,1956,2153,2093,2725,2101,2661,,0,,,,1.55,,0.02,0.46,1.54,33.16
138,0,4.6,-29.721,0,0,0.022378,0.279501,0.251894,1.972245,0.069813,0.854067,0.013043,0.240555,0.101951,1.979843,0.082836,0.862413,0.013043,0.240555,0.101951,1.979843,0.082836,0.862413,0.013043,0.240555,0.101951,1.979843,0.082836,0.862413,0.415184,7.657097,3.245209,63.020370,2.636742,50.730194,0.415184,7.657097,3.245209,63.020370,2.636742,50.730194,1956,2154,2093,2724,2101,2661,,0,,,,1.41,,0.02,0.39,1.54,33.19
139,0,4.633333333333334,-28.152,0,0,0.022378,0.285091,0.243403,1.972245,0.069813,0.856391,0.013080,0.243592,0.102671,1.978121,0.083040,0.862202,0.013080,0.243592,0.102671,1.978121,0.083040,0.862202,0.013080,0.243592,0.102671,1.978121,0.083040,0.862202,0.416359,7.753777,3.268135,62.965530,2.643242,50.717758,0.416359,7.753777,3.268135,62.965530,2.643242,50.717758,1956,2155,2093,2724,2101,2661,,0,,,,1.59,,0.04,1.44,1.83,33.21
140,0,4.666666666666667,-29.506,0,0,0.022378,0.285091,0.240572,1.972245,0.069813,0.858715,0.013188,0.248169,0.103967,1.975376,0.083242,0.861886,0.013188,0.248169,0.103967,1.975376,0.083242,0.861886,0.013188,0.248169,0.103967,1.975376,0.083242,0.861886,0.419792,7.899460,3.309372,62.878174,2.649666,50.699181,0.419792,7.899460,3.309372,62.878174,2.649666,50.699181,1956,2156,2093,2723,2101,2660,,0,,,,1.43,,0.03,0.47,1.61,33.14
141,0,4.7,-28.956,0,0,0.022378,0.285091,0.237742,1.972245,0.069813,0.858715,0.013363,0.254878,0.105643,1.971407,0.083438,0.861707,0.013363,0.254878,0.105643,1.971407,0.083438,0.861707,0.013363,0.254878,0.105643,1.971407,0.083438,0.861707,0.425362,8.113007,3.362701,62.751816,2.655914,50.688637,0.425362,8.113007,3.362701,62.751816,2.655914,50.688637,1956,2159,2094,2721,2101,2660,,0,,,,1.43,,0.03,0.40,2.25,33.20
142,0,4.733333333333333,-29.435,0,0,0.022378,0.285091,0.237742,1.972245,0.069813,0.858715,0.013563,0.264011,0.107725,1.966010,0.083623,0.861821,0.013563,0.264011,0.107725,1.966010,0.083623,0.861821,0.013563,0.264011,0.107725,1.966010,0.083623,0.861821,0.431732,8.403732,3.429008,62.580032,2.661812,50.695347,0.431732,8.403732,3.429008,62.580032,2.661812,50.695347,1956,2162,2095,2719,2102,2660,,0,,,,1.44,,0.02,0.42,1.57,33.03
143,0,4.766666666666667,-29.521,0,0,0.022378,0.287886,0.237742,1.972245,0.069813,0.858715,0.013754,0.275601,0.110404,1.959030,0.083791,0.862230,0.013754,0.275601,0.110404,1.959030,0.083791,0.862230,0.013754,0.275601,0.110404,1.959030,0.083791,0.862230,0.437798,8.772659,3.514267,62.357864,2.667168,50.719418,0.437798,8.772659,3.514267,62.357864,2.667168,50.719418,1956,2166,2096,2717,2102,2661,,0,,,,1.51,,0.03,0.39,1.60,33.14
144,0,4.8,-29.389,0,0,0.022378,0.299066,0.237742,1.972245,0.069813,0.858715,0.013911,0.289521,0.113848,1.950326,0.083939,0.862820,0.013911,0.289521,0.113848,1.950326,0.083939,0.862820,0.013911,0.289521,0.113848,1.950326,0.083939,0.862820,0.442795,9.215736,3.623894,62.080795,2.671852,50.754093,0.442795,9.215736,3.623894,62.080795,2.671852,50.754093,1956,2171,2097,2714,2102,2661,,0,,,,1.47,,0.02,0.43,1.77,33.24
145,0,4.833333333333333,-29.235,0,0,0.022378,0.310246,0.237742,1.972245,0.069813,0.858715,0.014056,0.305532,0.118115,1.939841,0.084065,0.863491,0.014056,0.305532,0.118115,1.939841,0.084065,0.863491,0.014056,0.305532,0.118115,1.939841,0.084065,0.863491,0.447418,9.725395,3.759727,61.747055,2.675865,50.793587,0.447418,9.725395,3.759727,61.747055,2.675865,50.793587,1956,2177,2098,2710,2102,2662,,0,,,,1.62,,0.03,0.48,1.64,33.12
146,0,4.866666666666666,-29.502,0,0,0.022378,0.327017,0.237742,1.972245,0.069813,0.858715,0.014256,0.323240,0.123215,1.927721,0.084173,0.864202,0.014256,0.323240,0.123215,1.927721,0.084173,0.864202,0.014256,0.323240,0.123215,1.927721,0.084173,0.864202,0.453781,10.289047,3.922066,61.361282,2.679298,50.835400,0.453781,10.289047,3.922066,61.361282,2.679298,50.835400,1956,2183,2100,2705,2102,2662,,0,,,,1.55,,0.03,0.41,1.54,33.12
147,0,4.9,-29.552,0,0,0.022378,0.340992,0.237742,1.966755,0.069813,0.858715,0.014566,0.342121,0.129087,1.914288,0.084266,0.864934,0.014566,0.342121,0.129087,1.914288,0.084266,0.864934,0.014566,0.342121,0.129087,1.914288,0.084266,0.864934,0.463638,10.890053,4.108978,60.933685,2.682281,50.878471,0.463638,10.890053,4.108978,60.933685,2.682281,50.878471,1956,2190,2102,2700,2102,2663,,0,,,,1.45,,0.03,0.41,1.62,33.20
148,0,4.933333333333334,-29.538,0,0,0.022378,0.354966,0.237742,1.955775,0.069813,0.858715,0.015022,0.361595,0.135558,1.899975,0.084351,0.865676,0.015022,0.361595,0.135558,1.899975,0.084351,0.865676,0.015022,0.361595,0.135558,1.899975,0.084351,0.865676,0.478172,11.509918,4.314949,60.478073,2.684959,50.922142,0.478172,11.509918,4.314949,60.478073,2.684959,50.922142,1956,2197,2104,2695,2102,2663,,0,,,,1.34,,0.08,0.48,1.62,33.16
149,0,4.966666666666667,-29.485,0,0,0.022378,0.368942,0.237742,1.944795,0.069813,0.858715,0.015632,0.381058,0.142380,1.885340,0.084433,0.866391,0.015632,0.381058,0.142380,1.885340,0.084433,0.866391,0.015632,0.381058,0.142380,1.885340,0.084433,0.866391,0.497589,12.129440,4.532089,60.012238,2.687599,50.964188,0.497589,12.129440,4.532089,60.012238,2.687599,50.964188,1957,2204,2107,2690,2102,2664,,0,,,,1.41,,0.02,0.39,1.75,33.16
150,0,5.0,-29.303,0,0,0.022378,0.380121,0.234912,1.933816,0.069813,0.858715,0.016355,0.399923,0.149286,1.870990,0.084519,0.866969,0.016355,0.399923,0.149286,1.870990,0.084519,0.866969,0.016355,0.399923,0.149286,1.870991,0.084519,0.866969,0.520599,12.729942,4.751923,59.555466,2.690338,50.998150,0.520599,12.729942,4.751923,59.555466,2.690338,50.998150,1957,2211,2109,2685,2102,2665,,0,,,,1.65,,0.03,0.44,1.66,33.25
151,0,5.033333333333333,-28.678,0,0,0.022378,0.394097,0.234912,1.925581,0.069813,0.858715,0.017127,0.417713,0.156019,1.857439,0.084613,0.867359,0.017127,0.417713,0.156019,1.857439,0.084613,0.867359,0.017127,0.417713,0.156019,1.857439,0.084613,0.867359,0.545158,13.296211,4.966232,59.124115,2.693306,51.021133,0.545158,13.296211,4.966232,59.124115,2.693306,51.021133,1957,2217,2112,2680,2102,2665,,0,,,,1.81,,0.04,0.75,1.69,33.13
152,0,5.066666666666666,-28.364,0,0,0.022378,0.405277,0.234912,1.917346,0.069813,0.858715,0.017895,0.434109,0.162333,1.844997,0.084717,0.867572,0.017895,0.434109,0.162333,1.844997,0.084717,0.867572,0.017895,0.434109,0.162333,1.844997,0.084717,0.867572,0.569603,13.818123,5.167236,58.728088,2.696609,51.033627,0.569603,13.818123,5.167236,58.728088,2.696609,51.033627,1957,2223,2114,2675,2102,2665,,0,,,,2.07,,0.03,0.54,1.87,33.04
153,0,5.1,-29.361,0,0,0.022378,0.416457,0.234912,1.909111,0.069813,0.858715,0.018661,0.448893,0.168084,1.833838,0.084832,0.867619,0.018661,0.448893,0.168084,1.833838,0.084832,0.867619,0.018661,0.448893,0.168084,1.833838,0.084832,0.867619,0.593994,14.288696,5.350288,58.372879,2.700279,51.036407,0.593994,14.288696,5.350288,58.372879,2.700279,51.036407,1957,2228,2116,2671,2102,2665,,0,,,,1.61,,0.03,0.46,1.54,33.14
154,0,5.133333333333334,-29.076,0,0,0.022378,0.427637,0.234912,1.898132,0.069813,0.858715,0.019426,0.461909,0.173163,1.824075,0.084958,0.867491,0.019426,0.461909,0.173163,1.824075,0.084958,0.867491,0.019426,0.461909,0.173163,1.824075,0.084958,0.867491,0.618347,14.703026,5.511948,58.062119,2.704285,51.028870,0.618347,14.703026,5.511948,58.062119,2.704285,51.028870,1958,2233,2118,2668,2102,2665,,0,,,,1.62,,0.04,0.58,1.69,33.15
155,0,5.166666666666667,-29.575,0,0,0.022378,0.438817,0.234912,1.892641,0.069813,0.858715,0.020153,0.473073,0.177494,1.815766,0.085089,0.867138,0.020153,0.473073,0.177494,1.815766,0.085089,0.867138,0.020153,0.473073,0.177494,1.815766,0.085089,0.867138,0.641479,15.058388,5.649796,57.797607,2.708458,51.008121,0.641479,15.058388,5.649796,57.797607,2.708458,51.008121,1958,2237,2119,2664,2102,2665,,0,,,,1.50,,0.03,0.41,1.56,33.17
156,0,5.2,-29.492,0,0,0.022378,0.444407,0.232082,1.884407,0.069813,0.858715,0.020797,0.482399,0.181057,1.808873,0.085226,0.866494,0.020797,0.482399,0.181057,1.808873,0.085226,0.866494,0.020797,0.482399,0.181057,1.808873,0.085226,0.866494,0.661980,15.355255,5.763222,57.578232,2.712822,50.970215,0.661980,15.355255,5.763222,57.578232,2.712822,50.970215,1958,2240,2120,2662,2103,2664,,0,,,,1.46,,0.03,0.42,1.65,33.19
157,0,5.233333333333333,-29.118,0,0,0.022378,0.447202,0.232082,1.876172,0.069813,0.858715,0.021343,0.489978,0.183892,1.803313,0.085372,0.865551,0.021343,0.489978,0.183892,1.803313,0.085372,0.865551,0.021343,0.489978,0.183892,1.803313,0.085372,0.865551,0.679352,15.596481,5.853462,57.401245,2.717468,50.914753,0.679352,15.596481,5.853462,57.401245,2.717468,50.914753,1958,2243,2121,2660,2103,2663,,0,,,,1.68,,0.03,0.57,1.64,33.19
158,0,5.266666666666667,-29.446,0,0,0.022378,0.455587,0.232082,1.865192,0.071348,0.858715,0.021785,0.495924,0.186072,1.798956,0.085526,0.864369,0.021785,0.495924,0.186072,1.798956,0.085526,0.864369,0.021785,0.495924,0.186072,1.798956,0.085526,0.864369,0.693443,15.785744,5.922867,57.262543,2.722374,50.845222,0.693443,15.785744,5.922867,57.262543,2.722374,50.845222,1958,2245,2122,2658,2103,2662,,0,,,,1.60,,0.02,0.41,1.56,33.20
159,0,5.3,-29.484,0,0,0.025821,0.463972,0.232082,1.859702,0.075950,0.858715,0.022110,0.500351,0.187706,1.795642,0.085682,0.863074,0.022110,0.500351,0.187706,1.795642,0.085682,0.863074,0.022110,0.500351,0.187706,1.795642,0.085682,0.863074,0.703789,15.926682,5.974869,57.157059,2.727341,50.769077,0.703789,15.926682,5.974869,57.157059,2.727341,50.769077,1958,2247,2123,2657,2103,2661,,0,,,,1.40,,0.02,0.39,1.72,33.17
160,0,5.333333333333333,-28.915,0,0,0.025821,0.469562,0.232082,1.854213,0.079019,0.858715,0.022328,0.503395,0.188910,1.793228,0.085834,0.861849,0.022328,0.503395,0.188910,1.793228,0.085834,0.861849,0.022328,0.503395,0.188910,1.793228,0.085834,0.861849,0.710724,16.023552,6.013199,57.080215,2.732178,50.697029,0.710724,16.023552,6.013199,57.080215,2.732178,50.697029,1958,2248,2123,2656,2103,2660,,0,,,,1.64,,0.03,0.50,1.85,33.13
161,0,5.366666666666666,-28.803,0,0,0.025821,0.472357,0.232082,1.848722,0.082088,0.858715,0.022469,0.505274,0.189790,1.791544,0.085979,0.860857,0.022469,0.505274,0.189790,1.791544,0.085979,0.860857,0.022469,0.505274,0.189790,1.791544,0.085979,0.860857,0.715210,16.083382,6.041191,57.026596,2.736786,50.638664,0.715210,16.083382,6.041191,57.026596,2.736786,50.638664,1959,2248,2124,2656,2103,2659,,0,,,,1.69,,0.04,0.46,1.81,33.02
162,0,5.4,-28.958,0,0,0.025821,0.475152,0.232082,1.843232,0.082088,0.858715,0.022546,0.506327,0.190459,1.790334,0.086113,0.860219,0.022546,0.506327,0.190459,1.790334,0.086113,0.860219,0.022546,0.506327,0.190459,1.790334,0.086113,0.860219,0.717651,16.116882,6.062485,56.988098,2.741051,50.601101,0.717651,16.116882,6.062485,56.988098,2.741051,50.601101,1959,2249,2124,2655,2103,2659,,0,,,,1.72,,0.04,0.52,1.68,33.13
163,0,5.433333333333334,-28.573,0,0,0.025821,0.475152,0.232082,1.843232,0.082088,0.858715,0.022513,0.506971,0.191052,1.789293,0.086233,0.860006,0.022513,0.506971,0.191052,1.789293,0.086233,0.860006,0.022513,0.506971,0.191052,1.789293,0.086233,0.860006,0.716606,16.137398,6.081367,56.954971,2.744881,50.588573,0.716606,16.137398,6.081367,56.954971,2.744881,50.588573,1959,2249,2124,2655,2103,2659,,0,,,,1.83,,0.04,0.56,1.89,33.10
164,0,5.466666666666667,-29.422,0,0,0.025821,0.475152,0.232082,1.843232,0.082088,0.858715,0.022353,0.507671,0.191698,1.788114,0.086335,0.860221,0.022353,0.507671,0.191698,1.788114,0.086335,0.860221,0.022353,0.507671,0.191698,1.788114,0.086335,0.860221,0.711525,16.159676,6.101944,56.917435,2.748131,50.601257,0.711525,16.159676,6.101944,56.917435,2.748131,50.601257,1958,2249,2124,2654,2103,2659,,0,,,,1.57,,0.03,0.41,1.58,33.17
165,0,5.5,-29.603,0,0,0.025821,0.475152,0.232082,1.843232,0.082088,0.858715,0.022110,0.508908,0.192485,1.786471,0.086418,0.860803,0.022110,0.508908,0.192485,1.786471,0.086418,0.860803,0.022110,0.508908,0.192485,1.786470,0.086418,0.860803,0.703789,16.199051,6.126999,56.865112,2.750763,50.635452,0.703789,16.199051,6.126999,56.865112,2.750763,50.635452,1958,2250,2125,2654,2103,2659,,0,,,,1.47,,0.02,0.40,1.53,33.13
166,0,5.533333333333333,-29.643,0,0,0.025821,0.475152,0.232082,1.843232,0.082088,0.858715,0.021818,0.511109,0.193449,1.784060,0.086480,0.861587,0.021818,0.511109,0.193449,1.784060,0.086480,0.861587,0.021818,0.511109,0.193449,1.784060,0.086480,0.861587,0.694504,16.269112,6.157661,56.788391,2.752754,50.681580,0.694504,16.269112,6.157661,56.788391,2.752754,50.681580,1958,2250,2125,2653,2103,2660,,0,,,,1.46,,0.03,0.40,1.56,33.19
167,0,5.566666666666666,-29.478,0,0,0.025821,0.475152,0.232082,1.843232,0.082088,0.858715,0.021469,0.514597,0.194618,1.780644,0.086525,0.862362,0.021469,0.514597,0.194618,1.780644,0.086525,0.862362,0.021469,0.514597,0.194618,1.780645,0.086525,0.862362,0.683365,16.380142,6.194901,56.679672,2.754173,50.727188,0.683365,16.380142,6.194901,56.679672,2.754173,50.727188,1958,2252,2125,2652,2103,2661,,0,,,,1.55,,0.02,0.40,1.60,33.24
168,0,5.6,-29.537,0,0,0.025821,0.475152,0.232082,1.843232,0.082088,0.858715,0.021080,0.519550,0.196007,1.776113,0.086555,0.862939,0.021080,0.519550,0.196007,1.776113,0.086555,0.862939,0.021080,0.519550,0.196007,1.776113,0.086555,0.862939,0.671005,16.537788,6.239082,56.535431,2.755127,50.761116,0.671005,16.537788,6.239082,56.535431,2.755127,50.761116,1958,2253,2126,2650,2103,2661,,0,,,,1.49,,0.03,0.41,1.53,33.12
169,0,5.633333333333334,-29.215,0,0,0.025821,0.475152,0.232082,1.843232,0.082088,0.858715,0.020671,0.525970,0.197603,1.770518,0.086571,0.863258,0.020671,0.525970,0.197603,1.770518,0.086571,0.863258,0.020671,0.525970,0.197603,1.770518,0.086571,0.863258,0.657974,16.742157,6.289886,56.357330,2.755653,50.779869,0.657974,16.742157,6.289886,56.357330,2.755653,50.779869,1958,2256,2126,2648,2103,2661,,0,,,,1.59,,0.03,0.43,1.73,33.16
170,0,5.666666666666667,-28.172,0,0,0.025821,0.477947,0.232082,1.840488,0.082088,0.858715,0.020221,0.533717,0.199377,1.764001,0.086575,0.863378,0.020221,0.533717,0.199377,1.764001,0.086575,0.863378,0.020221,0.533717,0.199377,1.764001,0.086575,0.863378,0.643646,16.988754,6.346367,56.149887,2.755775,50.786964,0.643646,16.988754,6.346367,56.149887,2.755775,50.786964,1958,2258,2127,2646,2103,2662,,0,,,,2.34,,0.03,0.52,1.97,33.19
171,0,5.7,-29.101,0,0,0.025821,0.483537,0.232082,1.832253,0.082088,0.858715,0.019727,0.542556,0.201277,1.756740,0.086564,0.863405,0.019727,0.542556,0.201277,1.756740,0.086564,0.863405,0.019727,0.542556,0.201277,1.756740,0.086564,0.863405,0.627914,17.270073,6.406853,55.918762,2.755424,50.788509,0.627914,17.270073,6.406853,55.918762,2.755424,50.788509,1958,2262,2128,2643,2103,2662,,0,,,,1.85,,0.03,0.49,1.56,33.18
172,0,5.733333333333333,-28.445,0,0,0.025821,0.486332,0.232082,1.824018,0.082088,0.858715,0.019254,0.552207,0.203212,1.748919,0.086544,0.863420,0.019254,0.552207,0.203212,1.748919,0.086544,0.863420,0.019254,0.552207,0.203212,1.748919,0.086544,0.863420,0.612892,17.577293,6.468430,55.669830,2.754768,50.789429,0.612892,17.577293,6.468430,55.669830,2.754768,50.789429,1958,2265,2128,2640,2103,2662,,0,,,,1.53,,0.03,1.32,1.68,33.14
173,0,5.766666666666667,-29.548,0,0,0.025821,0.491922,0.232082,1.815783,0.082088,0.858715,0.018804,0.562372,0.205094,1.740762,0.086520,0.863462,0.018804,0.562372,0.205094,1.740762,0.086520,0.863462,0.018804,0.562372,0.205094,1.740762,0.086520,0.863462,0.598564,17.900871,6.528351,55.410187,2.754021,50.791878,0.598564,17.900871,6.528351,55.410187,2.754021,50.791878,1957,2269,2129,2637,2103,2662,,0,,,,1.49,,0.02,0.40,1.58,33.14
174,0,5.8,-29.477,0,0,0.025821,0.497512,0.232082,1.807548,0.082088,0.858715,0.018372,0.572766,0.206893,1.732484,0.086501,0.863527,0.018372,0.572766,0.206893,1.732484,0.086501,0.863527,0.018372,0.572766,0.206893,1.732484,0.086501,0.863527,0.584808,18.231705,6.585602,55.146667,2.753426,50.795685,0.584808,18.231705,6.585602,55.146667,2.753426,50.795685,1957,2272,2130,2634,2103,2662,,0,,,,1.54,,0.03,0.46,1.52,33.20
175,0,5.833333333333333,-29.589,0,0,0.025821,0.503102,0.229251,1.799313,0.082088,0.858715,0.017991,0.583141,0.208582,1.724261,0.086491,0.863606,0.017991,0.583141,0.208582,1.724261,0.086491,0.863606,0.017991,0.583141,0.208582,1.724261,0.086491,0.863606,0.572655,18.561951,6.639389,54.884918,2.753082,50.800335,0.572655,18.561951,6.639389,54.884918,2.753082,50.800335,1957,2276,2130,2631,2103,2662,,0,,,,1.55,,0.03,0.41,1.47,33.20
176,0,5.866666666666666,-29.352,0,0,0.025821,0.505897,0.229251,1.791078,0.082088,0.858715,0.017731,0.593297,0.210107,1.716255,0.086492,0.863698,0.017731,0.593297,0.210107,1.716255,0.086492,0.863698,0.017731,0.593297,0.210107,1.716255,0.086492,0.863698,0.564400,18.885231,6.687927,54.630096,2.753113,50.805748,0.564400,18.885231,6.687927,54.630096,2.753113,50.805748,1957,2280,2131,2628,2103,2662,,0,,,,1.52,,0.03,0.44,1.64,33.13
177,0,5.9,-29.561,0,0,0.025821,0.514282,0.229251,1.782843,0.082088,0.858715,0.017606,0.603050,0.211405,1.708660,0.086508,0.863830,0.017606,0.603050,0.211405,1.708660,0.086508,0.863830,0.017606,0.603050,0.211405,1.708660,0.086508,0.863830,0.560417,19.195663,6.729218,54.388336,2.753639,50.813545,0.560417,19.195663,6.729218,54.388336,2.753639,50.813545,1957,2283,2131,2625,2103,2662,,0,,,,1.48,,0.03,0.42,1.53,33.18
178,0,5.933333333333334,-29.567,0,0,0.029264,0.519872,0.229251,1.774609,0.082088,0.858715,0.017559,0.612199,0.212444,1.701701,0.086542,0.864044,0.017559,0.612199,0.212444,1.701701,0.086542,0.864044,0.017559,0.612199,0.212444,1.701701,0.086542,0.864044,0.558914,19.486893,6.762314,54.166840,2.754715,50.826107,0.558914,19.486893,6.762314,54.166840,2.754715,50.826107,1957,2287,2132,2623,2103,2662,,0,,,,1.49,,0.03,0.42,1.55,33.15
179,0,5.966666666666667,-28.978,0,0,0.029264,0.525462,0.229251,1.766374,0.082088,0.858715,0.017553,0.620584,0.213228,1.695527,0.086593,0.864365,0.017553,0.620584,0.213228,1.695527,0.086593,0.864365,0.017553,0.620584,0.213228,1.695527,0.086593,0.864365,0.558731,19.753799,6.787254,53.970291,2.756332,50.845028,0.558731,19.753799,6.787254,53.970291,2.756332,50.845028,1957,2290,2132,2621,2103,2662,,0,,,,1.70,,0.04,0.51,1.74,33.25
180,1,6.0,-18.056,0,0,0.029264,0.531052,0.229251,1.760884,0.082088,0.858715,0.026105,0.554282,0.234433,1.720041,0.081804,0.854595,0.026105,0.554282,0.234433,1.720041,0.081804,0.854595,0.026105,0.554282,0.234433,1.720041,0.081804,0.854595,0.830963,17.643356,7.462242,54.750580,2.603897,50.270302,0.830963,17.643356,7.462242,54.750580,2.603897,50.270302,1960,2266,2139,2630,2100,2654,,0,286,1789034611.811761,30.2,1.35,7.91,3.27,0.48,1.89,33.14
181,0,6.033333333333333,-29.470,0,0,0.029264,0.533847,0.226421,1.752650,0.082088,0.858715,0.026160,0.566358,0.238971,1.707938,0.081730,0.855322,0.026160,0.566358,0.238971,1.707938,0.081730,0.855322,0.026160,0.566358,0.238971,1.707938,0.081730,0.855322,0.832710,18.027733,7.606682,54.365356,2.601540,50.313038,0.832710,18.027733,7.606682,54.365356,2.601540,50.313038,1960,2270,2141,2625,2100,2655,,0,,,,1.42,,0.03,0.43,1.66,33.14
182,0,6.066666666666666,-29.356,0,0,0.029264,0.533847,0.223591,1.752650,0.082088,0.858715,0.026277,0.577473,0.243222,1.696396,0.081706,0.855266,0.026277,0.577473,0.243222,1.696396,0.081706,0.855266,0.026277,0.577473,0.243222,1.696396,0.081706,0.855266,0.836418,18.381523,7.741989,53.997971,2.600769,50.309765,0.836418,18.381523,7.741989,53.997971,2.600769,50.309765,1960,2274,2142,2621,2100,2655,,0,,,,1.63,,0.03,0.48,1.55,33.19
183,0,6.1,-29.407,0,0,0.029264,0.531052,0.223591,1.752650,0.082088,0.858715,0.026373,0.586990,0.247016,1.686037,0.081685,0.854564,0.026373,0.586990,0.247016,1.686037,0.081685,0.854564,0.026373,0.586990,0.247016,1.686037,0.081685,0.854564,0.839470,18.684456,7.862770,53.668213,2.600113,50.268452,0.839470,18.684456,7.862770,53.668213,2.600113,50.268452,1960,2278,2144,2617,2100,2654,,0,,,,1.66,,0.03,0.40,1.51,33.14
184,0,6.133333333333334,-28.948,0,0,0.029264,0.531052,0.229251,1.744414,0.082088,0.858715,0.026225,0.594534,0.250328,1.677514,0.081666,0.853498,0.026225,0.594534,0.250328,1.677514,0.081666,0.853498,0.026225,0.594534,0.250328,1.677514,0.081666,0.853498,0.834778,18.924622,7.968185,53.396942,2.599525,50.205769,0.834778,18.924622,7.968185,53.396942,2.599525,50.205769,1960,2280,2145,2614,2100,2653,,0,,,,1.72,,0.04,0.64,1.66,33.12
185,0,6.166666666666667,-28.983,0,0,0.029264,0.531052,0.232082,1.736180,0.082088,0.858715,0.025847,0.599924,0.253076,1.671014,0.081645,0.852337,0.025847,0.599924,0.253076,1.671014,0.081645,0.852337,0.025847,0.599924,0.253076,1.671014,0.081645,0.852337,0.822723,19.096161,8.055664,53.190018,2.598831,50.137486,0.822723,19.096161,8.055664,53.190018,2.598831,50.137486,1960,2282,2146,2612,2100,2652,,0,,,,1.84,,0.04,0.44,1.68,33.13
186,0,6.2,-29.480,0,0,0.029264,0.531052,0.237742,1.727945,0.082088,0.858715,0.025390,0.603213,0.255145,1.666376,0.081589,0.851301,0.025390,0.603213,0.255145,1.666376,0.081589,0.851301,0.025390,0.603213,0.255145,1.666376,0.081589,0.851301,0.808205,19.200859,8.121513,53.042389,2.597069,50.076519,0.808205,19.200859,8.121513,53.042389,2.597069,50.076519,1959,2283,2147,2610,2100,2651,,0,,,,1.50,,0.03,0.46,1.59,33.16
187,0,6.233333333333333,-29.408,0,0,0.029264,0.531052,0.240572,1.719710,0.082088,0.858715,0.024999,0.604584,0.256490,1.663350,0.081542,0.850648,0.024999,0.604584,0.256490,1.663350,0.081542,0.850648,0.024999,0.604584,0.256490,1.663350,0.081542,0.850648,0.795731,19.244507,8.164345,52.946075,2.595558,50.038086,0.795731,19.244507,8.164345,52.946075,2.595558,50.038086,1959,2284,2147,2609,2100,2651,,0,,,,1.62,,0.03,0.44,1.57,33.18
188,0,6.266666666666667,-29.425,0,0,0.029264,0.531052,0.243403,1.714220,0.082088,0.858715,0.024764,0.604318,0.257179,1.661671,0.081498,0.850521,0.024764,0.604318,0.257179,1.661671,0.081498,0.850521,0.024764,0.604318,0.257179,1.661671,0.081498,0.850521,0.788269,19.236031,8.186256,52.892639,2.594170,50.030636,0.788269,19.236031,8.186256,52.892639,2.594170,50.030636,1959,2284,2147,2608,2100,2650,,0,,,,1.47,,0.02,0.41,1.77,33.19
189,0,6.3,-29.323,0,0,0.029264,0.531052,0.246233,1.708730,0.082088,0.858715,0.024729,0.602614,0.257425,1.661274,0.081464,0.850860,0.024729,0.602614,0.257425,1.661274,0.081464,0.850860,0.024729,0.602614,0.257425,1.661274,0.081464,0.850860,0.787140,19.181801,8.194099,52.879990,2.593086,50.050587,0.787140,19.181801,8.194099,52.879990,2.593086,50.050587,1959,2283,2147,2608,2100,2651,,0,,,,1.67,,0.03,0.42,1.60,33.20
190,0,6.333333333333333,-28.870,0,0,0.029264,0.531052,0.246233,1.705985,0.082088,0.858715,0.024857,0.599651,0.257495,1.662216,0.081432,0.851559,0.024857,0.599651,0.257495,1.662216,0.081432,0.851559,0.024857,0.599651,0.257495,1.662216,0.081432,0.851559,0.791229,19.087479,8.196327,52.909973,2.592072,50.091724,0.791229,19.087479,8.196327,52.909973,2.592072,50.091724,1959,2282,2147,2609,2100,2651,,0,,,,1.56,,0.02,0.40,2.14,33.18
191,0,6.366666666666666,-29.290,0,0,0.029264,0.531052,0.246233,1.703241,0.082088,0.858715,0.025048,0.595702,0.257610,1.664454,0.081388,0.852557,0.025048,0.595702,0.257610,1.664454,0.081388,0.852557,0.025048,0.595702,0.257610,1.664454,0.081388,0.852557,0.797318,18.961784,8.199966,52.981216,2.590668,50.150417,0.797318,18.961784,8.199966,52.981216,2.590668,50.150417,1959,2281,2148,2609,2100,2652,,0,,,,1.47,,0.03,0.62,1.64,33.21
192,0,6.4,-29.205,0,0,0.029264,0.531052,0.246233,1.703241,0.082088,0.858715,0.025206,0.591326,0.257851,1.667457,0.081323,0.853761,0.025206,0.591326,0.257851,1.667457,0.081323,0.853761,0.025206,0.591326,0.257851,1.667457,0.081323,0.853761,0.802338,18.822495,8.207657,53.076797,2.588608,50.221264,0.802338,18.822495,8.207657,53.076797,2.588608,50.221264,1959,2279,2148,2610,2100,2653,,0,,,,1.60,,0.03,0.45,1.68,33.22
193,0,6.433333333333334,-29.323,0,0,0.029264,0.531052,0.246233,1.703241,0.082088,0.858715,0.025245,0.587163,0.258188,1.670350,0.081245,0.855074,0.025245,0.587163,0.258188,1.670350,0.081245,0.855074,0.025245,0.587163,0.258188,1.670350,0.081245,0.855074,0.803566,18.689987,8.218384,53.168900,2.586105,50.298439,0.803566,18.689987,8.218384,53.168900,2.586105,50.298439,1959,2278,2148,2612,2100,2654,,0,,,,1.57,,0.03,0.43,1.56,33.05
194,0,6.466666666666667,-29.164,0,0,0.029264,0.531052,0.246233,1.703241,0.082088,0.858715,0.025124,0.583799,0.258549,1.672323,0.081151,0.856456,0.025124,0.583799,0.258549,1.672323,0.081151,0.856456,0.025124,0.583799,0.258549,1.672323,0.081151,0.856456,0.799728,18.582901,8.229889,53.231689,2.583122,50.379742,0.799728,18.582901,8.229889,53.231689,2.583122,50.379742,1959,2276,2148,2612,2100,2656,,0,,,,1.64,,0.03,0.44,1.73,33.13
195,0,6.5,-29.350,0,0,0.029264,0.531052,0.246233,1.703241,0.082088,0.858715,0.024885,0.581574,0.258951,1.673059,0.081065,0.857881,0.024885,0.581574,0.258951,1.673059,0.081065,0.857881,0.024885,0.581574,0.258951,1.673059,0.081065,0.857881,0.792122,18.512070,8.242676,53.255112,2.580368,50.463615,0.792122,18.512070,8.242676,53.255112,2.580368,50.463615,1959,2276,2148,2613,2100,2657,,0,,,,1.47,,0.03,0.43,1.61,33.19
196,0,6.533333333333333,-29.690,0,0,0.029264,0.531052,0.246233,1.703241,0.082088,0.858715,0.024583,0.580610,0.259512,1.672684,0.080993,0.859209,0.024583,0.580610,0.259512,1.672684,0.080993,0.859209,0.024583,0.580610,0.259512,1.672684,0.080993,0.859209,0.782486,18.481400,8.260536,53.243179,2.578079,50.541710,0.782486,18.481400,8.260536,53.243179,2.578079,50.541710,1959,2275,2148,2612,2100,2658,,0,,,,1.42,,0.03,0.41,1.51,33.15
197,0,6.566666666666666,-29.491,0,0,0.029264,0.531052,0.246233,1.703241,0.082088,0.858715,0.024274,0.580965,0.260316,1.671416,0.080946,0.860168,0.024274,0.580965,0.260316,1.671416,0.080946,0.860168,0.024274,0.580965,0.260316,1.671416,0.080946,0.860168,0.772667,18.492676,8.286133,53.202805,2.576591,50.598103,0.772667,18.492676,8.286133,53.202805,2.576591,50.598103,1959,2275,2148,2612,2100,2659,,0,,,,1.49,,0.02,0.40,1.64,33.21
198,0,6.6,-29.616,0,0,0.029264,0.531052,0.246233,1.703241,0.082088,0.858715,0.024061,0.582569,0.261358,1.669377,0.080934,0.860545,0.024061,0.582569,0.261358,1.669377,0.080934,0.860545,0.024061,0.582569,0.261358,1.669377,0.080934,0.860545,0.765884,18.543747,8.319283,53.137924,2.576210,50.620293,0.765884,18.543747,8.319283,53.137924,2.576210,50.620293,1959,2276,2149,2611,2100,2659,,0,,,,1.47,,0.02,0.40,1.52,33.13
199,0,6.633333333333334,-29.728,0,0,0.029264,0.531052,0.246233,1.703241,0.082088,0.858715,0.023998,0.585306,0.262564,1.666585,0.080955,0.860374,0.023998,0.585306,0.262564,1.666585,0.080955,0.860374,0.023998,0.585306,0.262564,1.666585,0.080955,0.860374,0.763870,18.630875,8.357666,53.049057,2.576889,50.610226,0.763870,18.630875,8.357666,53.049057,2.576889,50.610226,1959,2277,2149,2610,2100,2659,,0,,,,1.51,,0.02,0.39,1.44,33.18
200,0,6.666666666666667,-29.456,0,0,0.029264,0.531052,0.246233,1.703241,0.082088,0.858715,0.024005,0.588898,0.263851,1.663053,0.080998,0.859933,0.024005,0.588898,0.263851,1.663053,0.080998,0.859933,0.024005,0.588898,0.263851,1.663053,0.080998,0.859933,0.764122,18.745193,8.398643,52.936630,2.578232,50.584293,0.764122,18.745193,8.398643,52.936630,2.578232,50.584293,1959,2278,2150,2609,2100,2659,,0,,,,1.52,,0.03,0.48,1.60,33.23
201,0,6.7,-28.805,0,0,0.029264,0.531052,0.246233,1.703241,0.082088,0.858715,0.023963,0.592966,0.265156,1.658941,0.081036,0.859511,0.023963,0.592966,0.265156,1.658941,0.081036,0.859511,0.023963,0.592966,0.265156,1.658941,0.081036,0.859511,0.762772,18.874702,8.440186,52.805725,2.579453,50.559448,0.762772,18.874702,8.440186,52.805725,2.579453,50.559448,1959,2280,2150,2607,2100,2658,,0,,,,1.62,,0.04,0.66,1.83,33.11
202,0,6.733333333333333,-28.788,0,0,0.029264,0.531052,0.246233,1.703241,0.082088,0.858715,0.023822,0.597133,0.266375,1.654541,0.081052,0.859163,0.023822,0.597133,0.266375,1.654541,0.081052,0.859163,0.023822,0.597133,0.266375,1.654541,0.081052,0.859163,0.758293,19.007339,8.478989,52.665665,2.579964,50.538982,0.758293,19.007339,8.478989,52.665665,2.579964,50.538982,1959,2281,2151,2606,2100,2658,,0,,,,1.67,,0.03,0.43,2.08,33.20
203,0,6.766666666666667,-28.927,0,0,0.029264,0.531052,0.246233,1.703241,0.082088,0.858715,0.023548,0.601148,0.267333,1.650149,0.081037,0.858750,0.023548,0.601148,0.267333,1.650149,0.081037,0.858750,0.023548,0.601148,0.267333,1.650149,0.081037,0.858750,0.749550,19.135132,8.509468,52.525864,2.579483,50.514679,0.749550,19.135132,8.509468,52.525864,2.579483,50.514679,1959,2283,2151,2604,2100,2658,,0,,,,1.83,,0.03,0.44,1.76,33.14
204,0,6.8,-28.864,0,0,0.029264,0.531052,0.246233,1.703241,0.082088,0.858715,0.023175,0.604882,0.267861,1.645941,0.080993,0.858163,0.023175,0.604882,0.267861,1.645941,0.080993,0.858163,0.023175,0.604882,0.267861,1.645941,0.080993,0.858163,0.737679,19.253983,8.526276,52.391922,2.578079,50.480167,0.737679,19.253983,8.526276,52.391922,2.578079,50.480167,1959,2284,2151,2603,2100,2657,,0,,,,2.05,,0.03,0.43,1.67,33.18
205,0,6.833333333333333,-28.493,0,0,0.029264,0.531052,0.246233,1.703241,0.082088,0.858715,0.022835,0.608254,0.267913,1.642039,0.080928,0.857503,0.022835,0.608254,0.267913,1.642039,0.080928,0.857503,0.022835,0.608254,0.267913,1.642039,0.080928,0.857503,0.726845,19.361320,8.527924,52.267731,2.576027,50.441360,0.726845,19.361320,8.527924,52.267731,2.576027,50.441360,1959,2285,2151,2601,2100,2656,,0,,,,1.53,,0.03,1.17,1.79,33.19
206,0,6.866666666666666,-29.465,0,0,0.029264,0.531052,0.246233,1.697750,0.082088,0.858715,0.022564,0.611196,0.267574,1.638513,0.080850,0.856920,0.022564,0.611196,0.267574,1.638513,0.080850,0.856920,0.022564,0.611196,0.267574,1.638513,0.080850,0.856920,0.718224,19.454971,8.517136,52.155487,2.573547,50.407051,0.718224,19.454971,8.517136,52.155487,2.573547,50.407051,1959,2286,2151,2600,2100,2656,,0,,,,1.53,,0.03,0.42,1.56,33.12
207,0,6.9,-29.495,0,0,0.029264,0.531052,0.246233,1.689515,0.082088,0.858715,0.022366,0.613643,0.267038,1.635403,0.080771,0.856503,0.022366,0.613643,0.267038,1.635403,0.080771,0.856503,0.022366,0.613643,0.267038,1.635403,0.080771,0.856503,0.711929,19.532867,8.500076,52.056503,2.571022,50.382538,0.711929,19.532867,8.500076,52.056503,2.571022,50.382538,1958,2287,2151,2599,2100,2656,,0,,,,1.60,,0.04,0.43,1.52,33.20
208,0,6.933333333333334,-29.489,0,0,0.029264,0.531052,0.246233,1.684025,0.082088,0.858715,0.022291,0.615533,0.266550,1.632768,0.080710,0.856308,0.022291,0.615533,0.266550,1.632768,0.080710,0.856308,0.022291,0.615533,0.266550,1.632768,0.080710,0.856308,0.709557,19.593033,8.484558,51.972610,2.569077,50.371040,0.709557,19.593033,8.484558,51.972610,2.569077,50.371040,1958,2288,2151,2598,2100,2655,,0,,,,1.53,,0.03,0.46,1.57,33.20
209,0,6.966666666666667,-29.582,0,0,0.029264,0.531052,0.246233,1.678536,0.082088,0.858715,0.022502,0.616771,0.266339,1.630766,0.080710,0.856427,0.022502,0.616771,0.266339,1.630766,0.080710,0.856427,0.022502,0.616771,0.266339,1.630767,0.080710,0.856427,0.716270,19.632408,8.477829,51.908905,2.569069,50.378059,0.716270,19.632408,8.477829,51.908905,2.569069,50.378059,1959,2288,2151,2597,2100,2656,,0,,,,1.54,,0.02,0.41,1.48,33.13
210,0,7.0,-29.578,0,0,0.029264,0.533847,0.246233,1.675791,0.082088,0.858715,0.023058,0.617275,0.266532,1.629575,0.080810,0.856920,0.023058,0.617275,0.266532,1.629575,0.080810,0.856920,0.023058,0.617275,0.266532,1.629575,0.080810,0.856920,0.733963,19.648483,8.483971,51.870972,2.572273,50.407082,0.733963,19.648483,8.483971,51.870972,2.572273,50.407082,1959,2288,2151,2597,2100,2656,,0,,,,1.48,,0.03,0.39,1.60,33.19
211,0,7.033333333333333,-28.682,0,0,0.029264,0.536642,0.249063,1.675791,0.082088,0.858715,0.024052,0.617034,0.267128,1.629255,0.081049,0.857755,0.024052,0.617034,0.267128,1.629255,0.081049,0.857755,0.024052,0.617034,0.267128,1.629254,0.081049,0.857755,0.765610,19.640816,8.502945,51.860779,2.579880,50.456196,0.765610,19.640816,8.502945,51.860779,2.579880,50.456196,1959,2288,2151,2597,2100,2657,,0,,,,1.79,,0.04,0.86,1.70,33.21
212,0,7.066666666666666,-29.351,0,0,0.032707,0.536642,0.249063,1.670301,0.082088,0.858715,0.025670,0.616127,0.268061,1.629722,0.081467,0.858855,0.025670,0.616127,0.268061,1.629722,0.081467,0.858855,0.025670,0.616127,0.268061,1.629722,0.081467,0.858855,0.817108,19.611916,8.532646,51.875656,2.593185,50.520897,0.817108,19.611916,8.532646,51.875656,2.593185,50.520897,1959,2288,2151,2597,2100,2658,,0,,,,1.57,,0.03,0.48,1.59,33.15
213,0,7.1,-29.647,0,0,0.032707,0.539437,0.249063,1.670301,0.082088,0.858715,0.028144,0.614658,0.269271,1.630856,0.082083,0.860089,0.028144,0.614658,0.269271,1.630856,0.082083,0.860089,0.028144,0.614658,0.269271,1.630856,0.082083,0.860089,0.895859,19.565178,8.571175,51.911774,2.612793,50.593441,0.895859,19.565178,8.571175,51.911774,2.612793,50.593441,1960,2287,2152,2597,2100,2659,,0,,,,1.46,,0.03,0.41,1.51,33.16
214,0,7.133333333333334,-29.634,0,0,0.032707,0.539437,0.249063,1.670301,0.082088,0.858715,0.031501,0.612743,0.270730,1.632478,0.082893,0.861210,0.031501,0.612743,0.270730,1.632478,0.082893,0.861210,0.031501,0.612743,0.270730,1.632478,0.082893,0.861210,1.002693,19.504204,8.617615,51.963394,2.638565,50.659435,1.002693,19.504204,8.617615,51.963394,2.638565,50.659435,1961,2287,2152,2598,2101,2660,,0,,,,1.51,,0.03,0.41,1.48,33.22
215,0,7.166666666666667,-29.504,0,0,0.032707,0.539437,0.249063,1.670301,0.082088,0.858715,0.035562,0.610521,0.272376,1.634301,0.083880,0.861959,0.035562,0.610521,0.272376,1.634301,0.083880,0.861959,0.035562,0.610521,0.272376,1.634301,0.083880,0.861959,1.131966,19.433487,8.670006,52.021408,2.669975,50.703495,1.131966,19.433487,8.670006,52.021408,2.669975,50.703495,1962,2286,2153,2598,2102,2660,,0,,,,1.49,,0.03,0.42,1.51,33.09
216,0,7.2,-29.171,0,0,0.032707,0.539437,0.249063,1.670301,0.082088,0.858715,0.040140,0.608131,0.274133,1.636040,0.085005,0.862201,0.040140,0.608131,0.274133,1.636040,0.085005,0.862201,0.040140,0.608131,0.274133,1.636040,0.085005,0.862201,1.277710,19.357407,8.725945,52.076767,2.705803,50.717705,1.277710,19.357407,8.725945,52.076767,2.705803,50.717705,1964,2285,2153,2599,2102,2661,,0,,,,1.66,,0.03,0.46,1.61,33.12
217,0,7.233333333333333,-29.216,0,0,0.032707,0.539437,0.249063,1.670301,0.082088,0.858715,0.045047,0.605695,0.275927,1.637507,0.086218,0.861982,0.045047,0.605695,0.275927,1.637507,0.086218,0.861982,0.045047,0.605695,0.275927,1.637507,0.086218,0.861982,1.433899,19.279884,8.783043,52.123474,2.744400,50.704807,1.433899,19.279884,8.783043,52.123474,2.744400,50.704807,1965,2284,2154,2600,2103,2660,,0,,,,1.58,,0.03,0.54,1.61,33.11
218,0,7.266666666666667,-29.076,0,0,0.032707,0.539437,0.249063,1.670301,0.082088,0.858715,0.049971,0.603245,0.277707,1.638754,0.087457,0.861428,0.049971,0.603245,0.277707,1.638754,0.087457,0.861428,0.049971,0.603245,0.277707,1.638754,0.087457,0.861428,1.590637,19.201897,8.839691,52.163162,2.783836,50.672253,1.590637,19.201897,8.839691,52.163162,2.783836,50.672253,1967,2283,2155,2600,2104,2660,,0,,,,1.71,,0.03,0.58,1.62,33.11
219,0,7.3,-29.448,0,0,0.032707,0.539437,0.249063,1.670301,0.082088,0.858715,0.054574,0.600792,0.279435,1.639923,0.088661,0.860534,0.054574,0.600792,0.279435,1.639923,0.088661,0.860534,0.054574,0.600792,0.279435,1.639923,0.088661,0.860534,1.737144,19.123795,8.894691,52.200363,2.822174,50.619675,1.737144,19.123795,8.894691,52.200363,2.822174,50.619675,1968,2282,2155,2600,2105,2659,,0,,,,1.56,,0.03,0.42,1.60,33.19
220,0,7.333333333333333,-29.215,0,0,0.032707,0.539437,0.249063,1.670301,0.082088,0.858715,0.058619,0.598481,0.281017,1.640957,0.089781,0.859066,0.058619,0.598481,0.281017,1.640957,0.089781,0.859066,0.058619,0.598481,0.281017,1.640957,0.089781,0.859066,1.865891,19.050232,8.945061,52.233292,2.857819,50.533264,1.865891,19.050232,8.945061,52.233292,2.857819,50.533264,1969,2282,2156,2601,2106,2658,,0,,,,1.74,,0.10,0.40,1.63,33.22
221,0,7.366666666666666,-28.948,0,0,0.032707,0.539437,0.249063,1.670301,0.082088,0.858715,0.061967,0.596575,0.282315,1.641565,0.090781,0.856797,0.061967,0.596575,0.282315,1.641565,0.090781,0.856797,0.061967,0.596575,0.282315,1.641565,0.090781,0.856797,1.972473,18.989578,8.986351,52.252625,2.889656,50.399826,1.972473,18.989578,8.986351,52.252625,2.889656,50.399826,1970,2281,2156,2601,2106,2656,,0,,,,1.82,,0.03,0.43,1.74,33.20
222,0,7.4,-29.380,0,0,0.032707,0.539437,0.249063,1.670301,0.082088,0.858715,0.064520,0.595288,0.283216,1.641516,0.091640,0.853918,0.064520,0.595288,0.283216,1.641516,0.091640,0.853918,0.064520,0.595288,0.283216,1.641516,0.091640,0.853918,2.053749,18.948616,9.015045,52.251083,2.917007,50.230484,2.053749,18.948616,9.015045,52.251083,2.917007,50.230484,1971,2280,2157,2601,2107,2653,,0,,,,1.56,,0.03,0.44,1.59,33.13
223,0,7.433333333333334,-29.347,0,0,0.032707,0.539437,0.249063,1.670301,0.082088,0.858715,0.066265,0.594664,0.283686,1.640816,0.092347,0.851018,0.066265,0.594664,0.283686,1.640816,0.092347,0.851018,0.066265,0.594664,0.283686,1.640816,0.092347,0.851018,2.109268,18.928757,9.030006,52.228806,2.939499,50.059910,2.109268,18.928757,9.030006,52.228806,2.939499,50.059910,1971,2280,2157,2601,2107,2651,,0,,,,1.58,,0.03,0.40,1.66,33.13
224,0,7.466666666666667,-29.611,0,0,0.032707,0.539437,0.249063,1.670301,0.082088,0.858715,0.067254,0.594573,0.283735,1.639657,0.092894,0.848750,0.067254,0.594573,0.283735,1.639657,0.092894,0.848750,0.067254,0.594573,0.283735,1.639657,0.092894,0.848750,2.140770,18.925858,9.031570,52.191910,2.956902,49.926445,2.140770,18.925858,9.031570,52.191910,2.956902,49.926445,1972,2280,2157,2600,2108,2649,,0,,,,1.48,,0.03,0.40,1.55,33.17
225,0,7.5,-29.353,0,0,0.032707,0.539437,0.249063,1.670301,0.082088,0.858715,0.067584,0.594737,0.283435,1.638298,0.093280,0.847467,0.067584,0.594737,0.283435,1.638298,0.093280,0.847467,0.067584,0.594737,0.283435,1.638298,0.093280,0.847467,2.151276,18.931068,9.022018,52.148636,2.969193,49.850975,2.151276,18.931068,9.022018,52.148636,2.969193,49.850975,1972,2280,2157,2600,2108,2648,,0,,,,1.56,,0.03,0.45,1.66,33.24
226,0,7.533333333333333,-29.173,0,0,0.032707,0.539437,0.249063,1.670301,0.082088,0.858715,0.067412,0.594857,0.282978,1.636968,0.093522,0.847068,0.067412,0.594857,0.282978,1.636968,0.093522,0.847068,0.067412,0.594857,0.282978,1.636968,0.093522,0.847068,2.145782,18.934891,9.007477,52.106308,2.976898,49.827549,2.145782,18.934891,9.007477,52.106308,2.976898,49.827549,1972,2280,2156,2599,2108,2647,,0,,,,1.60,,0.03,0.50,1.66,33.17
227,0,7.566666666666666,-29.016,0,0,0.032707,0.539437,0.249063,1.670301,0.082088,0.858715,0.066947,0.594783,0.282659,1.635757,0.093654,0.847149,0.066947,0.594783,0.282659,1.635757,0.093654,0.847149,0.066947,0.594783,0.282659,1.635756,0.093654,0.847149,2.130997,18.932533,8.997322,52.067749,2.981094,49.832268,2.130997,18.932533,8.997322,52.067749,2.981094,49.832268,1971,2280,2156,2599,2108,2648,,0,,,,1.58,,0.03,0.48,1.67,32.95
228,0,7.6,-29.655,0,0,0.032707,0.539437,0.249063,1.670301,0.082088,0.854067,0.066428,0.594520,0.282793,1.634619,0.093712,0.847210,0.066428,0.594520,0.282793,1.634619,0.093712,0.847210,0.066428,0.594520,0.282793,1.634619,0.093712,0.847210,2.114471,18.924156,9.001564,52.031525,2.982948,49.835865,2.114471,18.924156,9.001564,52.031525,2.982948,49.835865,1971,2280,2156,2599,2108,2648,,0,,,,1.45,,0.02,0.40,1.56,33.19
229,0,7.633333333333334,-29.565,0,0,0.032707,0.539437,0.249063,1.670301,0.082088,0.852905,0.066135,0.594129,0.283556,1.633456,0.093734,0.846711,0.066135,0.594129,0.283556,1.633456,0.093734,0.846711,0.066135,0.594129,0.283556,1.633456,0.093734,0.846711,2.105125,18.911720,9.025887,51.994507,2.983650,49.806519,2.105125,18.911720,9.025887,51.994507,2.983650,49.806519,1971,2280,2157,2598,2108,2647,,0,,,,1.52,,0.03,0.41,1.56,33.18
230,0,7.666666666666667,-29.433,0,0,0.032707,0.539437,0.249063,1.670301,0.082088,0.850581,0.066253,0.593668,0.284858,1.632186,0.093745,0.845100,0.066253,0.593668,0.284858,1.632186,0.093745,0.845100,0.066253,0.593668,0.284858,1.632185,0.093745,0.845100,2.108894,18.897018,9.067299,51.954071,2.984001,49.711784,2.108894,18.897018,9.067299,51.954071,2.984001,49.711784,1971,2280,2157,2598,2108,2646,,0,,,,1.44,,0.03,0.40,1.79,33.26
231,0,7.7,-29.423,0,0,0.032707,0.539437,0.249063,1.670301,0.082088,0.848257,0.066813,0.593162,0.286439,1.630884,0.093757,0.841725,0.066813,0.593162,0.286439,1.630884,0.093757,0.841725,0.066813,0.593162,0.286439,1.630884,0.093757,0.841725,2.126709,18.880928,9.117630,51.912659,2.984383,49.513252,2.126709,18.880928,9.117630,51.912659,2.984383,49.513252,1971,2280,2158,2597,2108,2643,,0,,,,1.45,,0.03,0.48,1.63,33.14
232,0,7.733333333333333,-28.575,0,0,0.032707,0.539437,0.249063,1.670301,0.082088,0.848257,0.067656,0.592634,0.288026,1.629786,0.093770,0.835932,0.067656,0.592634,0.288026,1.629786,0.093770,0.835932,0.067656,0.592634,0.288026,1.629786,0.093770,0.835932,2.153564,18.864128,9.168152,51.877701,2.984772,49.172455,2.153564,18.864128,9.168152,51.877701,2.984772,49.172455,1972,2280,2158,2597,2108,2638,,0,,,,1.76,,0.03,0.45,1.62,32.66
233,0,7.766666666666667,-29.286,0,0,0.032707,0.539437,0.249063,1.670301,0.082088,0.848257,0.068610,0.592143,0.289362,1.629126,0.093784,0.827175,0.068610,0.592143,0.289362,1.629126,0.093784,0.827175,0.068610,0.592143,0.289362,1.629126,0.093784,0.827175,2.183914,18.848488,9.210693,51.856689,2.985237,48.657364,2.183914,18.848488,9.210693,51.856689,2.985237,48.657364,1972,2279,2159,2596,2108,2630,,0,,,,1.50,,0.03,0.45,1.66,33.53
234,0,7.8,-28.599,0,0,0.032707,0.539437,0.254724,1.670301,0.082088,0.844771,0.069579,0.591825,0.290199,1.628928,0.093804,0.815108,0.069579,0.591825,0.290199,1.628928,0.093804,0.815108,0.069579,0.591825,0.290199,1.628928,0.093804,0.815108,2.214767,18.838379,9.237312,51.850388,2.985886,47.947502,2.214767,18.838379,9.237312,51.850388,2.985886,47.947502,1972,2279,2159,2596,2108,2620,,0,,,,1.57,,0.06,0.53,1.81,32.71
235,0,7.833333333333333,-29.221,0,0,0.032707,0.539437,0.257554,1.667556,0.082088,0.837799,0.070570,0.591815,0.290407,1.629127,0.093828,0.799595,0.070570,0.591815,0.290407,1.629127,0.093828,0.799595,0.070570,0.591815,0.290407,1.629127,0.093828,0.799595,2.246300,18.838058,9.243950,51.856720,2.986633,47.035015,2.246300,18.838058,9.243950,51.856720,2.986633,47.035015,1972,2279,2159,2597,2108,2607,,0,,,,1.51,,0.03,0.41,1.78,33.13
236,0,7.866666666666666,-29.253,0,0,0.032707,0.539437,0.260384,1.664811,0.082088,0.828503,0.071584,0.592136,0.290015,1.629694,0.093846,0.780711,0.071584,0.592136,0.290015,1.629694,0.093846,0.780711,0.071584,0.592136,0.290015,1.629694,0.093846,0.780711,2.278603,18.848267,9.231461,51.874786,2.987221,45.924168,2.278603,18.848267,9.231461,51.874786,2.987221,45.924168,1973,2279,2159,2597,2108,2590,,0,,,,1.65,,0.03,0.42,1.68,43.87
237,0,7.9,-6.117,0,0,0.032707,0.539437,0.260384,1.664811,0.082088,0.811073,0.072542,0.592717,0.289129,1.630594,0.093852,0.758707,0.072542,0.592717,0.289129,1.630594,0.093852,0.758707,0.072542,0.592717,0.289129,1.630594,0.093852,0.758707,2.309082,18.866768,9.203270,51.903442,2.987381,44.629803,2.309082,18.866768,9.203270,51.903442,2.987381,44.629803,1973,2280,2159,2597,2108,2571,,0,,,,8.40,,0.03,0.49,7.24,22.48
238,0,7.933333333333334,-24.136,0,0,0.032707,0.539437,0.260384,1.662066,0.082088,0.804101,0.073355,0.593460,0.287887,1.631702,0.093841,0.733908,0.073355,0.593460,0.287887,1.631702,0.093841,0.733908,0.073355,0.593460,0.287887,1.631702,0.093841,0.733908,2.334976,18.890419,9.163727,51.938690,2.987038,43.171059,2.334976,18.890419,9.163727,51.938690,2.987038,43.171059,1973,2280,2158,2597,2108,2550,,0,,,,5.68,,0.03,0.56,2.63,33.24
239,0,7.966666666666667,-29.395,0,0,0.032707,0.539437,0.260384,1.659321,0.082088,0.793643,0.074043,0.594248,0.286496,1.632901,0.093817,0.706709,0.074043,0.594248,0.286496,1.632901,0.093817,0.706709,0.074043,0.594248,0.286496,1.632901,0.093817,0.706709,2.356850,18.915489,9.119461,51.976852,2.986290,41.571140,2.356850,18.915489,9.119461,51.976852,2.986290,41.571140,1974,2280,2158,2598,2108,2527,,0,,,,1.49,,0.03,0.43,1.59,33.10
240,0,8.0,-29.111,0,0,0.032707,0.539437,0.260384,1.659321,0.082088,0.775051,0.074634,0.594997,0.285146,1.634102,0.093787,0.677572,0.074634,0.594997,0.285146,1.634102,0.093787,0.677572,0.074634,0.594997,0.285146,1.634102,0.093787,0.677572,2.375664,18.939354,9.076477,52.015091,2.985336,39.857204,2.375664,18.939354,9.076477,52.015091,2.985336,39.857204,1974,2280,2157,2598,2108,2502,,0,,,,1.63,,0.03,0.46,1.73,33.16
241,0,8.033333333333333,-29.546,0,0,0.032707,0.539437,0.260384,1.659321,0.082088,0.750649,0.075125,0.595681,0.283952,1.635226,0.093757,0.646900,0.075125,0.595681,0.283952,1.635226,0.093757,0.646900,0.075125,0.595681,0.283952,1.635226,0.093757,0.646900,2.391289,18.961121,9.038483,52.050873,2.984367,38.052917,2.391289,18.961121,9.038483,52.050873,2.984367,38.052917,1974,2281,2157,2599,2108,2475,,0,,,,1.47,,0.03,0.39,1.66,33.23
242,0,8.066666666666666,-28.520,0,0,0.032707,0.539437,0.260384,1.659321,0.082088,0.723924,0.075499,0.596334,0.282946,1.636196,0.093735,0.614897,0.075499,0.596334,0.282946,1.636196,0.093735,0.614897,0.075499,0.596334,0.282946,1.636196,0.093735,0.614897,2.403214,18.981895,9.006454,52.081757,2.983665,36.170395,2.403214,18.981895,9.006454,52.081757,2.983665,36.170395,1974,2281,2156,2599,2108,2448,,0,,,,2.16,,0.04,0.60,1.67,33.20
243,0,8.1,-29.000,0,0,0.032707,0.539437,0.260384,1.659321,0.082088,0.697198,0.075759,0.596982,0.282127,1.637018,0.093730,0.581558,0.075759,0.596982,0.282127,1.637018,0.093730,0.581558,0.075759,0.596982,0.282127,1.637018,0.093730,0.581558,2.411484,19.002548,8.980392,52.107895,2.983536,34.209316,2.411484,19.002548,8.980392,52.107895,2.983536,34.209316,1974,2281,2156,2599,2108,2419,,0,,,,1.63,,0.04,0.51,1.77,33.16
244,0,8.133333333333333,-29.128,0,0,0.032707,0.539437,0.260384,1.659321,0.082088,0.669310,0.075934,0.597673,0.281469,1.637672,0.093749,0.546824,0.075934,0.597673,0.281469,1.637672,0.093749,0.546824,0.075934,0.597673,0.281469,1.637672,0.093749,0.546824,2.417061,19.024529,8.959450,52.128708,2.984108,32.166142,2.417061,19.024529,8.959450,52.128708,2.984108,32.166142,1974,2281,2156,2600,2108,2389,,0,,,,1.52,,0.03,0.46,1.78,33.12
245,0,8.166666666666666,-29.522,0,0,0.032707,0.539437,0.260384,1.659321,0.082088,0.637936,0.076111,0.598456,0.280952,1.638117,0.093789,0.510741,0.076111,0.598456,0.280952,1.638117,0.093789,0.510741,0.076111,0.598456,0.280952,1.638117,0.093789,0.510741,2.422676,19.049438,8.942986,52.142883,2.985405,30.043564,2.422676,19.049438,8.942986,52.142883,2.985405,30.043564,1974,2282,2156,2600,2108,2358,,0,,,,1.43,,0.03,0.41,1.53,33.06
246,0,8.2,-29.131,0,0,0.032707,0.539437,0.260384,1.659321,0.082088,0.607724,0.076297,0.599371,0.280557,1.638327,0.093853,0.473590,0.076297,0.599371,0.280557,1.638327,0.093853,0.473590,0.076297,0.599371,0.280557,1.638326,0.093853,0.473590,2.428604,19.078590,8.930420,52.149551,2.987434,27.858257,2.428604,19.078590,8.930420,52.149551,2.987434,27.858257,1974,2282,2156,2600,2108,2326,,0,,,,1.48,,0.04,0.46,1.88,33.18
247,0,8.233333333333333,-28.539,0,0,0.032707,0.539437,0.260384,1.659321,0.082088,0.574026,0.076446,0.600403,0.280241,1.638319,0.093940,0.435892,0.076446,0.600403,0.280241,1.638319,0.093940,0.435892,0.076446,0.600403,0.280241,1.638319,0.093940,0.435892,2.433357,19.111420,8.920357,52.149323,2.990219,25.640684,2.433357,19.111420,8.920357,52.149323,2.990219,25.640684,1974,2282,2156,2600,2108,2294,,0,,,,1.78,,0.05,0.50,2.05,33.22
248,0,8.266666666666667,-29.229,0,0,0.032707,0.539437,0.260384,1.659321,0.082088,0.540328,0.076529,0.601474,0.279943,1.638162,0.094051,0.398270,0.076529,0.601474,0.279943,1.638162,0.094051,0.398270,0.076529,0.601474,0.279943,1.638162,0.094051,0.398270,2.435997,19.145500,8.910843,52.144318,2.993752,23.427654,2.435997,19.145500,8.910843,52.144318,2.993752,23.427654,1974,2283,2155,2600,2108,2261,,0,,,,1.60,,0.03,0.41,1.62,33.02
249,0,8.3,-29.310,0,0,0.032707,0.539437,0.260384,1.659321,0.082088,0.505468,0.076569,0.602471,0.279625,1.637963,0.094182,0.361344,0.076569,0.602471,0.279625,1.637963,0.094182,0.361344,0.076569,0.602471,0.279625,1.637963,0.094182,0.361344,2.437271,19.177261,8.900742,52.137970,2.997902,21.255556,2.437271,19.177261,8.900742,52.137970,2.997902,21.255556,1974,2283,2155,2600,2108,2229,,0,,,,1.49,,0.03,0.44,1.76,33.25
250,0,8.333333333333334,-28.913,0,0,0.039593,0.539437,0.260384,1.659321,0.082088,0.469446,0.076548,0.603304,0.279303,1.637802,0.094323,0.325733,0.076548,0.603304,0.279303,1.637802,0.094323,0.325733,0.076548,0.603304,0.279303,1.637802,0.094323,0.325733,2.436592,19.203758,8.890472,52.132858,3.002403,19.160753,2.436592,19.203758,8.890472,52.132858,3.002403,19.160753,1974,2283,2155,2600,2108,2199,,0,,,,1.60,,0.03,0.42,1.97,33.19
251,0,8.366666666666667,-29.330,0,0,0.043036,0.539437,0.260384,1.659321,0.082088,0.433425,0.076444,0.603962,0.279032,1.637663,0.094469,0.292105,0.076444,0.603962,0.279032,1.637663,0.094469,0.292105,0.076444,0.603962,0.279032,1.637663,0.094469,0.292105,2.433304,19.224716,8.881851,52.128433,3.007034,17.182621,2.433304,19.224716,8.881851,52.128433,3.007034,17.182621,1974,2284,2155,2600,2109,2170,,0,,,,1.48,,0.02,0.40,1.71,33.12
252,0,8.4,-29.132,0,0,0.043036,0.539437,0.260384,1.659321,0.082088,0.396241,0.076229,0.604461,0.278885,1.637499,0.094609,0.261140,0.076229,0.604461,0.278885,1.637499,0.094609,0.261140,0.076229,0.604461,0.278885,1.637499,0.094609,0.261140,2.426437,19.240593,8.877167,52.123199,3.011497,15.361155,2.426437,19.240593,8.877167,52.123199,3.011497,15.361155,1974,2284,2155,2600,2109,2143,,0,,,,1.66,,0.04,0.52,1.67,33.21
253,0,8.433333333333334,-28.765,0,0,0.043036,0.539437,0.260384,1.659321,0.082088,0.362543,0.075885,0.604756,0.278897,1.637332,0.094736,0.233403,0.075885,0.604756,0.278897,1.637332,0.094736,0.233403,0.075885,0.604756,0.278897,1.637332,0.094736,0.233403,2.415504,19.249985,8.877563,52.117889,3.015541,13.729614,2.415504,19.249985,8.877563,52.117889,3.015541,13.729614,1974,2284,2155,2599,2109,2119,,0,,,,1.52,,0.03,0.44,2.21,33.12
254,0,8.466666666666667,-29.349,0,0,0.043036,0.539437,0.260384,1.659321,0.086691,0.330007,0.075424,0.604734,0.279049,1.637256,0.094841,0.209300,0.075424,0.604734,0.279049,1.637256,0.094841,0.209300,0.075424,0.604734,0.279049,1.637256,0.094841,0.209300,2.400826,19.249275,8.882401,52.115494,3.018883,12.311742,2.400826,19.249275,8.882401,52.115494,3.018883,12.311742,1974,2284,2155,2599,2109,2099,,0,,,,1.63,,0.04,0.45,1.58,33.19
255,0,8.5,-29.653,0,0,0.043036,0.539437,0.260384,1.659321,0.089760,0.299795,0.074871,0.604294,0.279310,1.637371,0.094918,0.189076,0.074871,0.604294,0.279310,1.637371,0.094918,0.189076,0.074871,0.604294,0.279310,1.637371,0.094918,0.189076,2.383209,19.235275,8.890701,52.119141,3.021332,11.122110,2.383209,19.235275,8.890701,52.119141,3.021332,11.122110,1974,2284,2155,2600,2109,2081,,0,,,,1.41,,0.03,0.41,1.51,33.58
256,0,8.533333333333333,-28.890,0,0,0.046479,0.539437,0.260384,1.659321,0.091294,0.270745,0.074230,0.603444,0.279661,1.637686,0.094967,0.172871,0.074230,0.603444,0.279661,1.637686,0.094967,0.172871,0.074230,0.603444,0.279661,1.637686,0.094967,0.172871,2.362808,19.208229,8.901886,52.129181,3.022888,10.168901,2.362808,19.208229,8.901886,52.129181,3.022888,10.168901,1974,2283,2155,2600,2109,2067,,0,,,,1.56,,0.04,0.47,1.64,32.85
257,0,8.566666666666666,-28.299,0,0,0.049922,0.539437,0.260384,1.656576,0.091294,0.246343,0.073513,0.602292,0.280078,1.638094,0.094989,0.160721,0.073513,0.602292,0.280078,1.638094,0.094989,0.160721,0.073513,0.602292,0.280078,1.638094,0.094989,0.160721,2.339996,19.171547,8.915176,52.142151,3.023598,9.454161,2.339996,19.171547,8.915176,52.142151,3.023598,9.454161,1973,2283,2155,2600,2109,2057,,0,,,,1.49,,0.03,0.55,1.91,32.42
258,0,8.6,-29.325,0,0,0.060250,0.539437,0.260384,1.656576,0.091294,0.225427,0.072783,0.601016,0.280498,1.638407,0.094994,0.152467,0.072783,0.601016,0.280498,1.638407,0.094994,0.152467,0.072783,0.601016,0.280498,1.638407,0.094994,0.152467,2.316734,19.130936,8.928528,52.152130,3.023743,8.968618,2.316734,19.130936,8.928528,52.152130,3.023743,8.968618,1973,2283,2156,2600,2109,2050,,0,,,,1.48,,0.03,0.44,1.74,33.16
259,0,8.633333333333333,-29.453,0,0,0.074021,0.539437,0.260384,1.653831,0.091294,0.206835,0.072102,0.599824,0.280835,1.638478,0.094990,0.147668,0.072102,0.599824,0.280835,1.638478,0.094990,0.147668,0.072102,0.599824,0.280835,1.638478,0.094990,0.147668,2.295074,19.093002,8.939255,52.154373,3.023636,8.686352,2.295074,19.093002,8.939255,52.154373,3.023636,8.686352,1973,2282,2156,2600,2109,2046,,0,,,,1.50,,0.03,0.43,1.68,33.19
260,0,8.666666666666666,-29.622,0,0,0.084349,0.539437,0.260384,1.648341,0.091294,0.191729,0.071542,0.598907,0.281047,1.638272,0.094985,0.145560,0.071542,0.598907,0.281047,1.638272,0.094985,0.145560,0.071542,0.598907,0.281047,1.638272,0.094985,0.145560,2.277252,19.063797,8.945999,52.147812,3.023460,8.562329,2.277252,19.063797,8.945999,52.147812,3.023460,8.562329,1973,2282,2156,2600,2109,2044,,0,,,,1.50,,0.03,0.41,1.48,33.18
261,0,8.7,-29.402,0,0,0.087792,0.539437,0.257554,1.645596,0.091294,0.180109,0.071062,0.598444,0.281099,1.637800,0.094979,0.145187,0.071062,0.598444,0.281099,1.637800,0.094979,0.145187,0.071062,0.598444,0.281099,1.637800,0.094979,0.145187,2.261986,19.049072,8.947647,52.132782,3.023270,8.540421,2.261986,19.049072,8.947647,52.132782,3.023270,8.540421,1973,2282,2156,2600,2109,2043,,0,,,,1.47,,0.02,0.40,1.72,33.14
262,0,8.733333333333333,-29.162,0,0,0.087792,0.539437,0.257554,1.645596,0.091294,0.171975,0.070632,0.598581,0.280954,1.637095,0.094976,0.145522,0.070632,0.598581,0.280954,1.637095,0.094976,0.145522,0.070632,0.598581,0.280954,1.637095,0.094976,0.145522,2.248291,19.053421,8.943054,52.110367,3.023186,8.560127,2.248291,19.053421,8.943054,52.110367,3.023186,8.560127,1973,2282,2156,2599,2109,2044,,0,,,,1.63,,0.03,0.50,1.71,33.19
263,0,8.766666666666667,-29.382,0,0,0.087792,0.539437,0.257554,1.645596,0.091294,0.167327,0.070235,0.599380,0.280614,1.636254,0.094981,0.145645,0.070235,0.599380,0.280614,1.636254,0.094981,0.145645,0.070235,0.599380,0.280614,1.636254,0.094981,0.145645,2.235664,19.078873,8.932220,52.083588,3.023354,8.567363,2.235664,19.078873,8.932220,52.083588,3.023354,8.567363,1972,2282,2156,2599,2109,2044,,0,,,,1.55,,0.03,0.41,1.56,33.04
264,0,8.8,-29.575,0,0,0.087792,0.539437,0.257554,1.642851,0.091294,0.163841,0.069904,0.600840,0.280072,1.635398,0.094996,0.144907,0.069904,0.600840,0.280072,1.635398,0.094996,0.144907,0.069904,0.600840,0.280072,1.635398,0.094996,0.144907,2.225098,19.125343,8.914986,52.056335,3.023827,8.523950,2.225098,19.125343,8.914986,52.056335,3.023827,8.523950,1972,2282,2155,2599,2109,2043,,0,,,,1.52,,0.02,0.41,1.53,33.22
265,0,8.833333333333334,-29.407,0,0,0.091235,0.539437,0.257554,1.642851,0.091294,0.161517,0.069635,0.602949,0.279229,1.634571,0.095021,0.142926,0.069635,0.602949,0.279229,1.634571,0.095021,0.142926,0.069635,0.602949,0.279229,1.634571,0.095021,0.142926,2.216545,19.192467,8.888123,52.030014,3.024605,8.407391,2.216545,19.192467,8.888123,52.030014,3.024605,8.407391,1972,2283,2155,2598,2109,2042,,0,,,,1.60,,0.03,0.42,1.56,33.12
266,0,8.866666666666667,-28.817,0,0,0.091235,0.539437,0.257554,1.642851,0.091294,0.159193,0.069432,0.605696,0.277925,1.633777,0.095053,0.139510,0.069432,0.605696,0.277925,1.633777,0.095053,0.139510,0.069432,0.605696,0.277925,1.633777,0.095053,0.139510,2.210106,19.279907,8.846642,52.004745,3.025642,8.206474,2.210106,19.279907,8.846642,52.004745,3.025642,8.206474,1972,2284,2155,2598,2109,2039,,0,,,,1.52,,0.05,0.43,2.20,33.19
267,0,8.9,-29.534,0,0,0.091235,0.539437,0.257554,1.642851,0.091294,0.156869,0.069320,0.609009,0.276089,1.633149,0.095096,0.134632,0.069320,0.609009,0.276089,1.633149,0.095096,0.134632,0.069320,0.609009,0.276089,1.633149,0.095096,0.134632,2.206512,19.385353,8.788193,51.984741,3.026985,7.919541,2.206512,19.385353,8.788193,51.984741,3.026985,7.919541,1972,2285,2154,2598,2109,2034,,0,,,,1.43,,0.03,0.42,1.60,33.21
268,0,8.933333333333334,-29.414,0,0,0.091235,0.539437,0.257554,1.642851,0.091294,0.154545,0.069334,0.612802,0.273685,1.632838,0.095151,0.128423,0.069334,0.612802,0.273685,1.632838,0.095151,0.128423,0.069334,0.612802,0.273685,1.632838,0.095151,0.128423,2.206955,19.506096,8.711670,51.974838,3.028740,7.554275,2.206955,19.506096,8.711670,51.974838,3.028740,7.554275,1972,2287,2153,2598,2109,2029,,0,,,,1.52,,0.03,0.41,1.59,33.11
269,0,8.966666666666667,-29.345,0,0,0.091235,0.539437,0.257554,1.642851,0.091294,0.149897,0.069495,0.616992,0.270667,1.632951,0.095222,0.121069,0.069495,0.616992,0.270667,1.632951,0.095222,0.121069,0.069495,0.616992,0.270667,1.632951,0.095222,0.121069,2.212082,19.639458,8.615585,51.978439,3.030991,7.121709,2.212082,19.639458,8.615585,51.978439,3.030991,7.121709,1972,2288,2152,2598,2109,2023,,0,,,,1.52,,0.04,0.42,1.71,33.16
270,1,9.0,-20.515,0,0,0.091235,0.539437,0.257554,1.642851,0.091294,0.145249,0.085499,0.512361,0.239514,1.628652,0.089616,0.161052,0.085499,0.512361,0.239514,1.628652,0.089616,0.161052,0.085499,0.512361,0.239514,1.628652,0.089616,0.161052,2.721512,16.308952,7.623962,51.841599,2.852562,9.473634,2.721512,16.308952,7.623962,51.841599,2.852562,9.473634,1977,2251,2141,2596,2105,2057,,0,368,1789034614.828025,14.1,1.53,7.13,1.59,0.58,1.69,33.18
271,0,9.033333333333333,-29.497,0,0,0.091235,0.539437,0.257554,1.642851,0.091294,0.140602,0.085287,0.520323,0.245300,1.620091,0.089589,0.155881,0.085287,0.520323,0.245300,1.620091,0.089589,0.155881,0.085287,0.520323,0.245300,1.620091,0.089589,0.155881,2.714767,16.562378,7.808128,51.569107,2.851715,9.169477,2.714767,16.562378,7.808128,51.569107,2.851715,9.169477,1977,2254,2143,2593,2105,2053,,0,,,,1.50,,0.03,0.41,1.58,33.13
272,0,9.066666666666666,-29.344,0,0,0.091235,0.539437,0.251894,1.642851,0.091294,0.139440,0.085230,0.530668,0.252535,1.610491,0.089725,0.145218,0.085230,0.530668,0.252535,1.610491,0.089725,0.145218,0.085230,0.530668,0.252535,1.610491,0.089725,0.145218,2.712952,16.891685,8.038437,51.263504,2.856026,8.542222,2.712952,16.891685,8.038437,51.263504,2.856026,8.542222,1977,2257,2146,2590,2105,2043,,0,,,,1.63,,0.03,0.43,1.63,33.20
273,0,9.1,-29.381,0,0,0.091235,0.525462,0.249063,1.642851,0.091294,0.146411,0.085482,0.542694,0.259913,1.599950,0.089960,0.129739,0.085482,0.542694,0.259913,1.599950,0.089960,0.129739,0.085482,0.542694,0.259913,1.599950,0.089960,0.129739,2.720978,17.274498,8.273293,50.927994,2.863525,7.631731,2.720978,17.274498,8.273293,50.927994,2.863525,7.631731,1977,2262,2148,2586,2106,2030,,0,,,,1.62,,0.03,0.42,1.58,33.15
274,0,9.133333333333333,-29.484,0,0,0.091235,0.519872,0.249063,1.640106,0.091294,0.146411,0.086035,0.555990,0.266546,1.588384,0.090350,0.110194,0.086035,0.555990,0.266546,1.588384,0.090350,0.110194,0.086035,0.555990,0.266546,1.588384,0.090350,0.110194,2.738586,17.697693,8.484421,50.559830,2.875923,6.482014,2.738586,17.697693,8.484421,50.559830,2.875923,6.482014,1977,2266,2151,2582,2106,2013,,0,,,,1.50,,0.03,0.40,1.65,33.16
275,0,9.166666666666666,-29.203,0,0,0.091235,0.519872,0.257554,1.626382,0.091294,0.141764,0.086925,0.570093,0.272128,1.575718,0.090719,0.087928,0.086925,0.570093,0.272128,1.575718,0.090719,0.087928,0.086925,0.570093,0.272128,1.575718,0.090719,0.087928,2.766922,18.146606,8.662117,50.156662,2.887688,5.172223,2.766922,18.146606,8.662117,50.156662,2.887688,5.172223,1977,2271,2153,2577,2106,1994,,0,,,,1.73,,0.03,0.43,1.65,33.19
276,0,9.2,-13.553,0,0,0.091235,0.519872,0.263214,1.618146,0.091294,0.131306,0.088009,0.584123,0.276944,1.562640,0.091189,0.064618,0.088009,0.584123,0.276944,1.562640,0.091189,0.064618,0.088009,0.584123,0.276944,1.562640,0.091189,0.064618,2.801407,18.593216,8.815407,49.740372,2.902626,3.801039,2.801407,18.593216,8.815407,49.740372,2.902626,3.801039,1978,2276,2154,2572,2106,1974,,0,,,,17.43,,0.03,0.50,1.58,33.22
277,0,9.233333333333333,-29.621,0,0,0.091235,0.519872,0.266045,1.609912,0.091294,0.122010,0.089201,0.597017,0.281378,1.550333,0.091797,0.041255,0.089201,0.597017,0.281378,1.550333,0.091797,0.041255,0.089201,0.597017,0.281378,1.550333,0.091797,0.041255,2.839348,19.003632,8.956551,49.348633,2.921989,2.426753,2.839348,19.003632,8.956551,49.348633,2.921989,2.426753,1978,2281,2156,2568,2107,1954,,0,,,,1.31,,0.04,0.45,1.64,33.17
278,0,9.266666666666667,-29.253,0,0,0.091235,0.522667,0.266045,1.598932,0.091294,0.115038,0.090184,0.607801,0.285647,1.539942,0.092434,0.018890,0.090184,0.607801,0.285647,1.539942,0.092434,0.018890,0.090184,0.607801,0.285647,1.539942,0.092434,0.018890,2.870651,19.346909,9.092415,49.017868,2.942253,1.111165,2.870651,19.346909,9.092415,49.017868,2.942253,1.111165,1978,2285,2157,2564,2107,1935,,0,,,,1.59,,0.03,0.46,1.63,33.09
279,0,9.3,-29.142,0,0,0.091235,0.528257,0.266045,1.590698,0.091294,0.105742,0.090840,0.615701,0.289863,1.532623,0.092950,0.000472,0.090840,0.615701,0.289863,1.532623,0.092950,0.000472,0.090840,0.615701,0.289863,1.532623,0.092950,0.000472,2.891518,19.598389,9.226631,48.784897,2.958702,0.027761,2.891518,19.598389,9.226631,48.784897,2.958702,0.027761,1978,2288,2159,2561,2108,1919,,0,,,,1.66,,0.03,0.50,1.66,33.15
280,0,9.333333333333334,-29.106,0,0,0.091235,0.533847,0.266045,1.582462,0.091294,0.098770,0.091375,0.620257,0.294063,1.529159,0.093434,0.000472,0.091375,0.620257,0.294063,1.529159,0.093434,0.000472,0.091375,0.620257,0.294063,1.529159,0.093434,0.000472,2.908562,19.743385,9.360313,48.674652,2.974091,0.027761,2.908562,19.743385,9.360313,48.674652,2.974091,0.027761,1979,2289,2160,2560,2108,1919,,0,,,,1.73,,0.04,0.54,1.63,33.16
281,0,9.366666666666667,-28.883,0,0,0.091235,0.536642,0.266045,1.576973,0.091294,0.096446,0.091999,0.621347,0.297909,1.529353,0.093882,0.000472,0.091999,0.621347,0.297909,1.529353,0.093882,0.000472,0.091999,0.621347,0.297909,1.529353,0.093882,0.000472,2.928413,19.778084,9.482750,48.680817,2.988365,0.027761,2.928413,19.778084,9.482750,48.680817,2.988365,0.027761,1979,2290,2162,2560,2108,1919,,0,,,,1.74,,0.03,0.46,1.92,33.16
282,0,9.4,-29.475,0,0,0.091235,0.536642,0.266045,1.571483,0.091294,0.096446,0.092857,0.619813,0.300550,1.532040,0.094366,0.000472,0.092857,0.619813,0.300550,1.532040,0.094366,0.000472,0.092857,0.619813,0.300550,1.532040,0.094366,0.000472,2.955734,19.729271,9.566795,48.766357,3.003761,0.027761,2.955734,19.729271,9.566795,48.766357,3.003761,0.027761,1979,2289,2163,2561,2109,1919,,0,,,,1.48,,0.03,0.51,1.59,33.20
283,0,9.433333333333334,-29.335,0,0,0.091235,0.536642,0.268875,1.565993,0.091294,0.096446,0.094225,0.616052,0.301282,1.536037,0.094870,0.000472,0.094225,0.616052,0.301282,1.536037,0.094870,0.000472,0.094225,0.616052,0.301282,1.536037,0.094870,0.000472,2.999268,19.609558,9.590103,48.893570,3.019806,0.027761,2.999268,19.609558,9.590103,48.893570,3.019806,0.027761,1979,2288,2163,2563,2109,1919,,0,,,,1.58,,0.03,0.41,1.63,33.30
284,0,9.466666666666667,-29.488,0,0,0.091235,0.536642,0.277366,1.563248,0.091294,0.096446,0.096350,0.610828,0.299849,1.540601,0.095433,0.000472,0.096350,0.610828,0.299849,1.540601,0.095433,0.000472,0.096350,0.610828,0.299849,1.540601,0.095433,0.000472,3.066925,19.443253,9.544479,49.038834,3.037727,0.027761,3.066925,19.443253,9.544479,49.038834,3.037727,0.027761,1980,2286,2162,2564,2109,1919,,0,,,,1.47,,0.02,0.40,1.49,33.04
285,0,9.5,-29.520,0,0,0.091235,0.536642,0.280196,1.563248,0.091294,0.096446,0.099118,0.604820,0.296351,1.545275,0.096040,0.000472,0.099118,0.604820,0.296351,1.545275,0.096040,0.000472,0.099118,0.604820,0.296351,1.545275,0.096040,0.000472,3.155006,19.251999,9.433136,49.187653,3.057060,0.027761,3.155006,19.251999,9.433136,49.187653,3.057060,0.027761,1981,2284,2161,2566,2110,1919,,0,,,,1.46,,0.02,0.42,1.61,33.13
286,0,9.533333333333333,-29.608,0,0,0.091235,0.536642,0.280196,1.563248,0.091294,0.096446,0.102236,0.598350,0.291062,1.549611,0.096647,0.000472,0.102236,0.598350,0.291062,1.549611,0.096647,0.000472,0.102236,0.598350,0.291062,1.549611,0.096647,0.000472,3.254280,19.046059,9.264778,49.325653,3.076363,0.027761,3.254280,19.046059,9.264778,49.325653,3.076363,0.027761,1982,2282,2159,2568,2110,1919,,0,,,,1.54,,0.03,0.41,1.48,33.17
287,0,9.566666666666666,-29.749,0,0,0.091235,0.536642,0.280196,1.563248,0.091294,0.096446,0.105482,0.591735,0.284551,1.553327,0.097233,0.000472,0.105482,0.591735,0.284551,1.553327,0.097233,0.000472,0.105482,0.591735,0.284551,1.553327,0.097233,0.000472,3.357605,18.835510,9.057549,49.443924,3.095032,0.027761,3.357605,18.835510,9.057549,49.443924,3.095032,0.027761,1983,2279,2157,2569,2110,1919,,0,,,,1.36,,0.03,0.46,1.49,33.19
288,0,9.6,-29.438,0,0,0.091235,0.536642,0.280196,1.560503,0.091294,0.096446,0.108714,0.585153,0.277731,1.556432,0.097768,0.000472,0.108714,0.585153,0.277731,1.556432,0.097768,0.000472,0.108714,0.585153,0.277731,1.556432,0.097768,0.000472,3.460464,18.626007,8.840469,49.542770,3.112053,0.027761,3.460464,18.626007,8.840469,49.542770,3.112053,0.027761,1984,2277,2155,2570,2111,1919,,0,,,,1.46,,0.03,0.42,1.71,33.22
289,0,9.633333333333333,-21.542,0,0,0.091235,0.536642,0.280196,1.560503,0.091294,0.096446,0.111966,0.578723,0.271638,1.559301,0.098234,0.000472,0.111966,0.578723,0.271638,1.559301,0.098234,0.000472,0.111966,0.578723,0.271638,1.559301,0.098234,0.000472,3.563980,18.421341,8.646515,49.634094,3.126892,0.027761,3.563980,18.421341,8.646515,49.634094,3.126892,0.027761,1985,2275,2152,2571,2111,1919,,0,,,,1.53,,0.03,0.45,9.50,33.21
290,0,9.666666666666666,-29.214,0,0,0.091235,0.536642,0.280196,1.560503,0.091294,0.096446,0.115435,0.572268,0.267208,1.562440,0.098626,0.000472,0.115435,0.572268,0.267208,1.562440,0.098626,0.000472,0.115435,0.572268,0.267208,1.562440,0.098626,0.000472,3.674400,18.215858,8.505486,49.733994,3.139351,0.027761,3.674400,18.215858,8.505486,49.733994,3.139351,0.027761,1986,2272,2151,2572,2111,1919,,0,,,,1.69,,0.05,0.48,1.64,33.73
291,0,9.7,-28.632,0,0,0.091235,0.536642,0.280196,1.560503,0.091294,0.096446,0.119246,0.565613,0.264986,1.566445,0.098935,0.000472,0.119246,0.565613,0.264986,1.566445,0.098935,0.000472,0.119246,0.565613,0.264986,1.566445,0.098935,0.000472,3.795708,18.004021,8.434769,49.861481,3.149200,0.027761,3.795708,18.004021,8.434769,49.861481,3.149200,0.027761,1987,2270,2150,2574,2111,1919,,0,,,,1.57,,0.04,0.53,1.76,32.70
292,0,9.733333333333333,-29.129,0,0,0.091235,0.536642,0.277366,1.560503,0.091294,0.096446,0.123244,0.558627,0.265142,1.571745,0.099159,0.000472,0.123244,0.558627,0.265142,1.571745,0.099159,0.000472,0.123244,0.558627,0.265142,1.571745,0.099159,0.000472,3.922974,17.781639,8.439728,50.030197,3.156326,0.027761,3.922974,17.781639,8.439728,50.030197,3.156326,0.027761,1988,2267,2150,2576,2112,1919,,0,,,,1.54,,0.03,0.54,1.73,33.10
293,0,9.766666666666667,-29.120,0,0,0.091235,0.536642,0.274536,1.560503,0.091294,0.096446,0.126840,0.551442,0.267446,1.578147,0.099297,0.000472,0.126840,0.551442,0.267446,1.578147,0.099297,0.000472,0.126840,0.551442,0.267446,1.578147,0.099297,0.000472,4.037430,17.552948,8.513084,50.233978,3.160728,0.027761,4.037430,17.552948,8.513084,50.233978,3.160728,0.027761,1989,2265,2151,2578,2112,1919,,0,,,,1.68,,0.03,0.49,1.69,33.18
294,0,9.8,-29.524,0,0,0.091235,0.536642,0.271705,1.563248,0.091294,0.096446,0.129392,0.544357,0.271351,1.585076,0.099344,0.000472,0.129392,0.544357,0.271351,1.585076,0.099344,0.000472,0.129392,0.544357,0.271351,1.585076,0.099344,0.000472,4.118683,17.327408,8.637360,50.454529,3.162216,0.027761,4.118683,17.327408,8.637360,50.454529,3.162216,0.027761,1990,2262,2152,2580,2112,1919,,0,,,,1.50,,0.03,0.41,1.59,33.24
295,0,9.833333333333334,-29.073,0,0,0.094678,0.536642,0.268875,1.568737,0.091294,0.096446,0.130405,0.537748,0.276016,1.591877,0.099295,0.000472,0.130405,0.537748,0.276016,1.591877,0.099295,0.000472,0.130405,0.537748,0.276016,1.591877,0.099295,0.000472,4.150925,17.117035,8.785866,50.671005,3.160667,0.027761,4.150925,17.117035,8.785866,50.671005,3.160667,0.027761,1990,2260,2154,2583,2112,1919,,0,,,,1.76,,0.03,0.45,1.64,33.14
296,0,9.866666666666667,-29.347,0,0,0.098121,0.536642,0.266045,1.574228,0.091294,0.096446,0.129517,0.532148,0.280392,1.597862,0.099148,0.000472,0.129517,0.532148,0.280392,1.597862,0.099148,0.000472,0.129517,0.532148,0.280392,1.597862,0.099148,0.000472,4.122665,16.938782,8.925163,50.861526,3.155983,0.027761,4.122665,16.938782,8.925163,50.861526,3.155983,0.027761,1990,2258,2156,2585,2112,1919,,0,,,,1.58,,0.03,0.41,1.58,33.12
297,0,9.9,-29.394,0,0,0.098121,0.533847,0.266045,1.576973,0.091294,0.096446,0.126568,0.527923,0.283762,1.602695,0.098908,0.000472,0.126568,0.527923,0.283762,1.602695,0.098908,0.000472,0.126568,0.527923,0.283762,1.602695,0.098908,0.000472,4.028793,16.804298,9.032425,51.015381,3.148331,0.027761,4.028793,16.804298,9.032425,51.015381,3.148331,0.027761,1989,2256,2157,2587,2111,1919,,0,,,,1.39,,0.03,0.46,1.68,33.09
298,0,9.933333333333334,-29.121,0,0,0.098121,0.531052,0.266045,1.576973,0.091294,0.096446,0.121902,0.524971,0.286363,1.606635,0.098584,0.000472,0.121902,0.524971,0.286363,1.606635,0.098584,0.000472,0.121902,0.524971,0.286363,1.606635,0.098584,0.000472,3.880272,16.710350,9.115204,51.140778,3.138016,0.027761,3.880272,16.710350,9.115204,51.140778,3.138016,0.027761,1987,2255,2158,2588,2111,1919,,0,,,,1.39,,0.03,0.43,2.05,33.20
299,0,9.966666666666667,-28.824,0,0,0.101564,0.525462,0.266045,1.582462,0.091294,0.096446,0.116486,0.523010,0.288838,1.609985,0.098206,0.000472,0.116486,0.523010,0.288838,1.609985,0.098206,0.000472,0.116486,0.523010,0.288838,1.609985,0.098206,0.000472,3.707870,16.647911,9.193993,51.247421,3.125999,0.027761,3.707870,16.647911,9.193993,51.247421,3.125999,0.027761,1986,2255,2159,2590,2111,1919,,0,,,,1.41,,0.02,0.38,2.34,33.21
300,0,10.0,-29.034,0,0,0.105007,0.522667,0.266045,1.587952,0.091294,0.096446,0.111296,0.522051,0.291400,1.612530,0.097824,0.000472,0.111296,0.522051,0.291400,1.612530,0.097824,0.000472,0.111296,0.522051,0.291400,1.612530,0.097824,0.000472,3.542664,16.617409,9.275543,51.328415,3.113831,0.027761,3.542664,16.617409,9.275543,51.328415,3.113831,0.027761,1984,2254,2159,2590,2111,1919,,0,,,,1.43,,0.03,0.41,2.16,33.24
301,0,10.033333333333333,-29.444,0,0,0.105007,0.522667,0.266045,1.593442,0.091294,0.096446,0.106702,0.522056,0.293940,1.614014,0.097452,0.000472,0.106702,0.522056,0.293940,1.614014,0.097452,0.000472,0.106702,0.522056,0.293940,1.614014,0.097452,0.000472,3.396439,16.617546,9.356392,51.375656,3.101990,0.027761,3.396439,16.617546,9.356392,51.375656,3.101990,0.027761,1983,2254,2160,2591,2111,1919,,0,,,,1.54,,0.03,0.40,1.56,33.21
302,0,10.066666666666666,-29.287,0,0,0.105007,0.522667,0.266045,1.596187,0.091294,0.096446,0.102688,0.522767,0.296511,1.614332,0.097084,0.000472,0.102688,0.522767,0.296511,1.614332,0.097084,0.000472,0.102688,0.522767,0.296511,1.614332,0.097084,0.000472,3.268661,16.640175,9.438255,51.385788,3.090286,0.027761,3.268661,16.640175,9.438255,51.385788,3.090286,0.027761,1982,2255,2161,2591,2110,1919,,0,,,,1.46,,0.02,0.41,1.73,33.09
303,0,10.1,-29.162,0,0,0.105007,0.522667,0.266045,1.598932,0.091294,0.096446,0.099233,0.523928,0.299312,1.613418,0.096685,0.000472,0.099233,0.523928,0.299312,1.613418,0.096685,0.000472,0.099233,0.523928,0.299312,1.613418,0.096685,0.000472,3.158691,16.677155,9.527397,51.356689,3.077568,0.027761,3.158691,16.677155,9.527397,51.356689,3.077568,0.027761,1981,2255,2162,2591,2110,1919,,0,,,,1.60,,0.03,0.52,1.65,33.10
304,0,10.133333333333333,-29.524,0,0,0.105007,0.522667,0.266045,1.598932,0.091294,0.096446,0.096328,0.525484,0.302438,1.611076,0.096218,0.000472,0.096328,0.525484,0.302438,1.611076,0.096218,0.000472,0.096328,0.525484,0.302438,1.611077,0.096218,0.000472,3.066208,16.726662,9.626915,51.282150,3.062698,0.027761,3.066208,16.726662,9.626915,51.282150,3.062698,0.027761,1980,2256,2163,2590,2110,1919,,0,,,,1.54,,0.03,0.41,1.56,33.26
305,0,10.166666666666666,-29.200,0,0,0.105007,0.522667,0.268875,1.598932,0.091294,0.096446,0.093884,0.527485,0.305807,1.607145,0.095680,0.000472,0.093884,0.527485,0.305807,1.607145,0.095680,0.000472,0.093884,0.527485,0.305807,1.607145,0.095680,0.000472,2.988411,16.790352,9.734154,51.156998,3.045609,0.027761,2.988411,16.790352,9.734154,51.156998,3.045609,0.027761,1979,2256,2165,2588,2109,1919,,0,,,,1.56,,0.03,0.41,1.66,33.00
306,0,10.2,-29.645,0,0,0.105007,0.522667,0.274536,1.598932,0.091294,0.096446,0.091948,0.529837,0.309129,1.601840,0.095083,0.000472,0.091948,0.529837,0.309129,1.601840,0.095083,0.000472,0.091948,0.529837,0.309129,1.601840,0.095083,0.000472,2.926788,16.865242,9.839867,50.988144,3.026604,0.027761,2.926788,16.865242,9.839867,50.988144,3.026604,0.027761,1979,2257,2166,2587,2109,1919,,0,,,,1.46,,0.02,0.39,1.54,33.22
307,0,10.233333333333333,-29.380,0,0,0.105007,0.522667,0.277366,1.598932,0.091294,0.096446,0.090854,0.532162,0.312207,1.596111,0.094450,0.000472,0.090854,0.532162,0.312207,1.596111,0.094450,0.000472,0.090854,0.532162,0.312207,1.596111,0.094450,0.000472,2.891968,16.939255,9.937874,50.805771,3.006432,0.027761,2.891968,16.939255,9.937874,50.805771,3.006432,0.027761,1978,2258,2167,2584,2109,1919,,0,,,,1.62,,0.03,0.43,1.56,33.16
308,0,10.266666666666667,-29.529,0,0,0.105007,0.522667,0.280196,1.598932,0.091294,0.096446,0.091170,0.534102,0.315227,1.591125,0.093821,0.000472,0.091170,0.534102,0.315227,1.591125,0.093821,0.000472,0.091170,0.534102,0.315227,1.591125,0.093821,0.000472,2.902046,17.001007,10.033989,50.647095,2.986404,0.027761,2.902046,17.001007,10.033989,50.647095,2.986404,0.027761,1978,2259,2168,2583,2108,1919,,0,,,,1.37,,0.03,0.47,1.63,33.17
309,0,10.3,-29.768,0,0,0.105007,0.522667,0.280196,1.598932,0.091294,0.096446,0.093462,0.535166,0.318475,1.588123,0.093236,0.000472,0.093462,0.535166,0.318475,1.588123,0.093236,0.000472,0.093462,0.535166,0.318475,1.588123,0.093236,0.000472,2.974976,17.034866,10.137383,50.551529,2.967789,0.027761,2.974976,17.034866,10.137383,50.551529,2.967789,0.027761,1979,2259,2169,2582,2108,1919,,0,,,,1.38,,0.02,0.40,1.48,33.17
310,0,10.333333333333334,-29.395,0,0,0.105007,0.522667,0.280196,1.598932,0.091294,0.096446,0.097946,0.534790,0.322000,1.588139,0.092726,0.000472,0.097946,0.534790,0.322000,1.588139,0.092726,0.000472,0.097946,0.534790,0.322000,1.588139,0.092726,0.000472,3.117706,17.022896,10.249580,50.552017,2.951576,0.027761,3.117706,17.022896,10.249580,50.552017,2.951576,0.027761,1980,2259,2170,2582,2107,1919,,0,,,,1.55,,0.03,0.46,1.60,33.20
311,0,10.366666666666667,-29.116,0,0,0.105007,0.522667,0.280196,1.598932,0.091294,0.096446,0.104409,0.532789,0.325532,1.591277,0.092311,0.000472,0.104409,0.532789,0.325532,1.591277,0.092311,0.000472,0.104409,0.532789,0.325532,1.591277,0.092311,0.000472,3.323456,16.959213,10.362015,50.651932,2.938370,0.027761,3.323456,16.959213,10.362015,50.651932,2.938370,0.027761,1982,2258,2172,2583,2107,1919,,0,,,,1.67,,0.03,0.55,1.61,33.11
312,0,10.4,-28.606,0,0,0.105007,0.522667,0.280196,1.598932,0.091294,0.096446,0.112237,0.529615,0.328495,1.596460,0.092001,0.000472,0.112237,0.529615,0.328495,1.596460,0.092001,0.000472,0.112237,0.529615,0.328495,1.596460,0.092001,0.000472,3.572609,16.858185,10.456322,50.816910,2.928497,0.027761,3.572609,16.858185,10.456322,50.816910,2.928497,0.027761,1985,2257,2173,2585,2107,1919,,0,,,,1.73,,0.04,0.46,2.17,33.18
313,0,10.433333333333334,-28.930,0,0,0.105007,0.522667,0.280196,1.598932,0.091294,0.096446,0.120512,0.525822,0.330464,1.602653,0.091778,0.000472,0.120512,0.525822,0.330464,1.602653,0.091778,0.000472,0.120512,0.525822,0.330464,1.602653,0.091778,0.000472,3.836021,16.737427,10.519005,51.014038,2.921379,0.027761,3.836021,16.737427,10.519005,51.014038,2.921379,0.027761,1987,2256,2173,2587,2107,1919,,0,,,,1.73,,0.03,0.57,1.75,33.18
314,0,10.466666666666667,-29.413,0,0,0.105007,0.522667,0.280196,1.598932,0.091294,0.096446,0.128468,0.521465,0.331378,1.609895,0.091609,0.000472,0.128468,0.521465,0.331378,1.609895,0.091609,0.000472,0.128468,0.521465,0.331378,1.609895,0.091609,0.000472,4.089264,16.598747,10.548103,51.244568,2.916000,0.027761,4.089264,16.598747,10.548103,51.244568,2.916000,0.027761,1989,2254,2174,2589,2107,1919,,0,,,,1.54,,0.03,0.40,1.63,33.13
315,0,10.5,-29.374,0,0,0.105007,0.522667,0.280196,1.598932,0.091294,0.096446,0.135826,0.516295,0.331322,1.618691,0.091480,0.000472,0.135826,0.516295,0.331322,1.618691,0.091480,0.000472,0.135826,0.516295,0.331322,1.618691,0.091480,0.000472,4.323471,16.434181,10.546303,51.524536,2.911911,0.027761,4.323471,16.434181,10.546303,51.524536,2.911911,0.027761,1991,2252,2174,2593,2107,1919,,0,,,,1.57,,0.03,0.45,1.61,33.21
316,0,10.533333333333333,-29.375,0,0,0.105007,0.522667,0.280196,1.598932,0.091294,0.096446,0.142241,0.510617,0.329902,1.628218,0.091403,0.000472,0.142241,0.510617,0.329902,1.628218,0.091403,0.000472,0.142241,0.510617,0.329902,1.628218,0.091403,0.000472,4.527679,16.253456,10.501114,51.827805,2.909447,0.027761,4.527679,16.253456,10.501114,51.827805,2.909447,0.027761,1993,2250,2173,2596,2107,1919,,0,,,,1.60,,0.03,0.42,1.59,33.20
317,0,10.566666666666666,-29.324,0,0,0.105007,0.522667,0.280196,1.598932,0.091294,0.096446,0.146903,0.505350,0.326481,1.636327,0.091386,0.000472,0.146903,0.505350,0.326481,1.636327,0.091386,0.000472,0.146903,0.505350,0.326481,1.636327,0.091386,0.000472,4.676079,16.085793,10.392212,52.085907,2.908913,0.027761,4.676079,16.085793,10.392212,52.085907,2.908913,0.027761,1995,2248,2172,2599,2107,1919,,0,,,,1.53,,0.03,0.46,1.62,33.15
318,0,10.6,-29.609,0,0,0.105007,0.517077,0.280196,1.598932,0.091294,0.096446,0.149282,0.500856,0.321170,1.642091,0.091434,0.000472,0.149282,0.500856,0.321170,1.642091,0.091434,0.000472,0.149282,0.500856,0.321170,1.642091,0.091434,0.000472,4.751793,15.942749,10.223152,52.269363,2.910439,0.027761,4.751793,15.942749,10.223152,52.269363,2.910439,0.027761,1995,2247,2170,2601,2107,1919,,0,,,,1.45,,0.03,0.40,1.57,33.18
319,0,10.633333333333333,-29.536,0,0,0.105007,0.511487,0.280196,1.601678,0.091294,0.096446,0.149706,0.496408,0.314852,1.646834,0.091557,0.000472,0.149706,0.496408,0.314852,1.646834,0.091557,0.000472,0.149706,0.496408,0.314852,1.646834,0.091557,0.000472,4.765297,15.801170,10.022041,52.420349,2.914337,0.027761,4.765297,15.801170,10.022041,52.420349,2.914337,0.027761,1995,2245,2168,2603,2107,1919,,0,,,,1.44,,0.02,0.39,1.52,33.03
320,0,10.666666666666666,-29.700,0,0,0.105007,0.505897,0.280196,1.607167,0.091294,0.096446,0.148643,0.491011,0.308075,1.652274,0.091762,0.000472,0.148643,0.491011,0.308075,1.652274,0.091762,0.000472,0.148643,0.491011,0.308075,1.652275,0.091762,0.000472,4.731461,15.629372,9.806351,52.593536,2.920868,0.027761,4.731461,15.629372,9.806351,52.593536,2.920868,0.027761,1995,2243,2165,2605,2107,1919,,0,,,,1.38,,0.02,0.41,1.53,33.18
321,0,10.7,-29.190,0,0,0.105007,0.503102,0.280196,1.612657,0.091294,0.096446,0.145796,0.484478,0.300325,1.658312,0.092042,0.000472,0.145796,0.484478,0.300325,1.658312,0.092042,0.000472,0.145796,0.484478,0.300325,1.658312,0.092042,0.000472,4.640816,15.421417,9.559647,52.785706,2.929779,0.027761,4.640816,15.421417,9.559647,52.785706,2.929779,0.027761,1994,2241,2163,2607,2107,1919,,0,,,,1.70,,0.04,0.46,1.65,33.17
322,0,10.733333333333333,-29.021,0,0,0.105007,0.503102,0.280196,1.615402,0.091294,0.096446,0.140572,0.476769,0.291258,1.664711,0.092386,0.000472,0.140572,0.476769,0.291258,1.664711,0.092386,0.000472,0.140572,0.476769,0.291258,1.664710,0.092386,0.000472,4.474533,15.176033,9.271034,52.989380,2.940750,0.027761,4.474533,15.176033,9.271034,52.989380,2.940750,0.027761,1993,2238,2159,2609,2107,1919,,0,,,,1.61,,0.03,0.46,1.89,33.22
323,0,10.766666666666667,-28.463,0,0,0.105007,0.497512,0.280196,1.618146,0.091294,0.096446,0.133325,0.467445,0.281358,1.672194,0.092819,0.000472,0.133325,0.467445,0.281358,1.672194,0.092819,0.000472,0.133325,0.467445,0.281358,1.672194,0.092819,0.000472,4.243866,14.879242,8.955894,53.227585,2.954529,0.027761,4.243866,14.879242,8.955894,53.227585,2.954529,0.027761,1991,2235,2156,2612,2107,1919,,0,,,,1.72,,0.04,0.48,2.19,33.10
324,0,10.8,-29.188,0,0,0.105007,0.491922,0.280196,1.618146,0.091294,0.096446,0.125182,0.455986,0.271506,1.681743,0.093379,0.000472,0.125182,0.455986,0.271506,1.681743,0.093379,0.000472,0.125182,0.455986,0.271506,1.681743,0.093379,0.000472,3.984680,14.514473,8.642319,53.531555,2.972351,0.027761,3.984680,14.514473,8.642319,53.531555,2.972351,0.027761,1988,2231,2152,2616,2108,1919,,0,,,,1.61,,0.04,0.51,1.63,33.14
325,0,10.833333333333334,-29.401,0,0,0.105007,0.486332,0.280196,1.623636,0.091294,0.096446,0.117057,0.442419,0.262382,1.693551,0.094079,0.000472,0.117057,0.442419,0.262382,1.693551,0.094079,0.000472,0.117057,0.442419,0.262382,1.693551,0.094079,0.000472,3.726044,14.082649,8.351875,53.907394,2.994621,0.027761,3.726044,14.082649,8.351875,53.907394,2.994621,0.027761,1986,2226,2149,2620,2108,1919,,0,,,,1.48,,0.05,0.54,1.57,33.15
326,0,10.866666666666667,-29.431,0,0,0.105007,0.477947,0.277366,1.631871,0.091294,0.096446,0.109247,0.427408,0.254434,1.706912,0.094881,0.000472,0.109247,0.427408,0.254434,1.706912,0.094881,0.000472,0.109247,0.427408,0.254434,1.706912,0.094881,0.000472,3.477440,13.604828,8.098877,54.332687,3.020142,0.027761,3.477440,13.604828,8.098877,54.332687,3.020142,0.027761,1984,2220,2146,2625,2109,1919,,0,,,,1.60,,0.02,0.39,1.64,33.25
327,0,10.9,-29.503,0,0,0.105007,0.472357,0.271705,1.642851,0.091294,0.096446,0.101712,0.412111,0.247823,1.720403,0.095721,0.000472,0.101712,0.412111,0.247823,1.720403,0.095721,0.000472,0.101712,0.412111,0.247823,1.720403,0.095721,0.000472,3.237602,13.117897,7.888458,54.762131,3.046906,0.027761,3.237602,13.117897,7.888458,54.762131,3.046906,0.027761,1982,2215,2144,2630,2109,1919,,0,,,,1.51,,0.03,0.41,1.53,33.09
328,0,10.933333333333334,-29.297,0,0,0.105007,0.463972,0.266045,1.653831,0.091294,0.096446,0.094184,0.397678,0.242692,1.732769,0.096530,0.000472,0.094184,0.397678,0.242692,1.732769,0.096530,0.000472,0.094184,0.397678,0.242692,1.732769,0.096530,0.000472,2.997971,12.658478,7.725143,55.155746,3.072647,0.027761,2.997971,12.658478,7.725143,55.155746,3.072647,0.027761,1979,2210,2142,2634,2110,1919,,0,,,,1.59,,0.03,0.52,1.63,33.20
329,0,10.966666666666667,-29.510,0,0,0.105007,0.458382,0.266045,1.664811,0.091294,0.096446,0.086649,0.384775,0.239412,1.743759,0.097248,0.000472,0.086649,0.384775,0.239412,1.743759,0.097248,0.000472,0.086649,0.384775,0.239412,1.743759,0.097248,0.000472,2.758133,12.247765,7.620705,55.505585,3.095505,0.027761,2.758133,12.247765,7.620705,55.505585,3.095505,0.027761,1977,2205,2141,2638,2110,1919,,0,,,,1.43,,0.03,0.43,1.60,33.12
330,0,11.0,-29.337,0,0,0.105007,0.452792,0.263214,1.678536,0.091294,0.096446,0.079432,0.373852,0.237999,1.753262,0.097837,0.000472,0.079432,0.373852,0.237999,1.753262,0.097837,0.000472,0.079432,0.373852,0.237999,1.753263,0.097837,0.000472,2.528419,11.900093,7.575752,55.808075,3.114258,0.027761,2.528419,11.900093,7.575752,55.808075,3.114258,0.027761,1975,2201,2141,2642,2111,1919,,0,,,,1.48,,0.03,0.56,1.64,33.18
331,0,11.033333333333333,-29.319,0,0,0.105007,0.444407,0.257554,1.689515,0.091294,0.096446,0.072722,0.365502,0.237649,1.760179,0.098279,0.000472,0.072722,0.365502,0.237649,1.760179,0.098279,0.000472,0.072722,0.365502,0.237649,1.760179,0.098279,0.000472,2.314819,11.634277,7.564590,56.028244,3.128326,0.027761,2.314819,11.634277,7.564590,56.028244,3.128326,0.027761,1973,2198,2140,2644,2111,1919,,0,,,,1.37,,0.07,0.42,1.85,33.18
332,0,11.066666666666666,-28.925,0,0,0.105007,0.438817,0.257554,1.703241,0.091294,0.096446,0.066267,0.359874,0.237510,1.763753,0.098556,0.000472,0.066267,0.359874,0.237510,1.763753,0.098556,0.000472,0.066267,0.359874,0.237510,1.763753,0.098556,0.000472,2.109337,11.455154,7.560181,56.142014,3.137123,0.027761,2.109337,11.455154,7.560181,56.142014,3.137123,0.027761,1971,2196,2140,2646,2111,1919,,0,,,,1.43,,0.03,0.40,2.19,33.20
333,0,11.1,-28.986,0,0,0.105007,0.433227,0.257554,1.714220,0.091294,0.096446,0.059876,0.356300,0.237344,1.764759,0.098650,0.000472,0.059876,0.356300,0.237344,1.764759,0.098650,0.000472,0.059876,0.356300,0.237344,1.764759,0.098650,0.000472,1.905914,11.341385,7.554878,56.174011,3.140137,0.027761,1.905914,11.341385,7.554878,56.174011,3.140137,0.027761,1969,2195,2140,2646,2111,1919,,0,,,,1.74,,0.04,0.45,1.81,33.18
334,0,11.133333333333333,-29.130,0,0,0.105007,0.433227,0.257554,1.722455,0.091294,0.096446,0.053718,0.353806,0.237124,1.764610,0.098560,0.000472,0.053718,0.353806,0.237124,1.764610,0.098560,0.000472,0.053718,0.353806,0.237124,1.764610,0.098560,0.000472,1.709892,11.262009,7.547890,56.169281,3.137268,0.027761,1.709892,11.262009,7.547890,56.169281,3.137268,0.027761,1968,2194,2140,2646,2111,1919,,0,,,,1.87,,0.03,0.45,1.59,33.19
335,0,11.166666666666666,-29.300,0,0,0.105007,0.433227,0.257554,1.727945,0.091294,0.096446,0.048216,0.351788,0.236612,1.764014,0.098301,0.000472,0.048216,0.351788,0.236612,1.764014,0.098301,0.000472,0.048216,0.351788,0.236612,1.764014,0.098301,0.000472,1.534775,11.197754,7.531593,56.150299,3.129028,0.027761,1.534775,11.197754,7.531593,56.150299,3.129028,0.027761,1966,2193,2140,2646,2111,1919,,0,,,,1.71,,0.03,0.43,1.49,33.06
336,0,11.2,-29.643,0,0,0.094678,0.430432,0.257554,1.730690,0.091294,0.096446,0.043557,0.349969,0.235647,1.763049,0.097895,0.000472,0.043557,0.349969,0.235647,1.763049,0.097895,0.000472,0.043557,0.349969,0.235647,1.763049,0.097895,0.000472,1.386452,11.139854,7.500877,56.119583,3.116104,0.027761,1.386452,11.139854,7.500877,56.119583,3.116104,0.027761,1965,2193,2140,2645,2111,1919,,0,,,,1.47,,0.03,0.41,1.54,33.19
337,0,11.233333333333333,-29.560,0,0,0.084349,0.430432,0.257554,1.730690,0.091294,0.096446,0.039693,0.348226,0.234283,1.761464,0.097360,0.000472,0.039693,0.348226,0.234283,1.761464,0.097360,0.000472,0.039693,0.348226,0.234283,1.761464,0.097360,0.000472,1.263474,11.084366,7.457474,56.069138,3.099075,0.027761,1.263474,11.084366,7.457474,56.069138,3.099075,0.027761,1964,2192,2139,2645,2110,1919,,0,,,,1.54,,0.02,0.40,1.54,33.17
338,0,11.266666666666667,-29.651,0,0,0.080907,0.430432,0.257554,1.730690,0.091294,0.096446,0.036703,0.346495,0.232698,1.758853,0.096720,0.000472,0.036703,0.346495,0.232698,1.758853,0.096720,0.000472,0.036703,0.346495,0.232698,1.758853,0.096720,0.000472,1.168297,11.029266,7.406998,55.986023,3.078712,0.027761,1.168297,11.029266,7.406998,55.986023,3.078712,0.027761,1963,2191,2139,2644,2110,1919,,0,,,,1.46,,0.02,0.41,1.52,33.17
339,0,11.3,-29.448,0,0,0.080907,0.430432,0.257554,1.730690,0.091294,0.096446,0.034732,0.344625,0.231162,1.755010,0.096002,0.000472,0.034732,0.344625,0.231162,1.755010,0.096002,0.000472,0.034732,0.344625,0.231162,1.755010,0.096002,0.000472,1.105545,10.969749,7.358109,55.863708,3.055847,0.027761,1.105545,10.969749,7.358109,55.863708,3.055847,0.027761,1962,2191,2138,2642,2110,1919,,0,,,,1.53,,0.03,0.41,1.66,33.19
340,0,11.333333333333334,-29.569,0,0,0.077464,0.430432,0.257554,1.730690,0.091294,0.096446,0.033839,0.342343,0.229956,1.750110,0.095233,0.000472,0.033839,0.342343,0.229956,1.750110,0.095233,0.000472,0.033839,0.342343,0.229956,1.750110,0.095233,0.000472,1.077141,10.897110,7.319710,55.707733,3.031349,0.027761,1.077141,10.897110,7.319710,55.707733,3.031349,0.027761,1962,2190,2138,2641,2109,1919,,0,,,,1.38,,0.06,0.41,1.64,33.18
341,0,11.366666666666667,-29.698,0,0,0.077464,0.424842,0.257554,1.730690,0.091294,0.096446,0.033922,0.339341,0.229198,1.744577,0.094432,0.000472,0.033922,0.339341,0.229198,1.744577,0.094432,0.000472,0.033922,0.339341,0.229198,1.744577,0.094432,0.000472,1.079788,10.801567,7.295593,55.531601,3.005859,0.027761,1.079788,10.801567,7.295593,55.531601,3.005859,0.027761,1962,2189,2137,2639,2109,1919,,0,,,,1.37,,0.02,0.39,1.59,33.17
342,0,11.4,-29.421,0,0,0.077464,0.419252,0.257554,1.730690,0.091294,0.096446,0.034747,0.335359,0.228874,1.738925,0.093607,0.000472,0.034747,0.335359,0.228874,1.738925,0.093607,0.000472,0.034747,0.335359,0.228874,1.738925,0.093607,0.000472,1.106033,10.674812,7.285286,55.351685,2.979614,0.027761,1.106033,10.674812,7.285286,55.351685,2.979614,0.027761,1962,2187,2137,2637,2108,1919,,0,,,,1.43,,0.03,0.50,1.68,33.24
343,0,11.433333333333334,-29.046,0,0,0.077464,0.419252,0.257554,1.730690,0.091294,0.096446,0.036102,0.330238,0.228992,1.733672,0.092753,0.000472,0.036102,0.330238,0.228992,1.733672,0.092753,0.000472,0.036102,0.330238,0.228992,1.733672,0.092753,0.000472,1.149162,10.511795,7.289055,55.184479,2.952431,0.027761,1.149162,10.511795,7.289055,55.184479,2.952431,0.027761,1962,2186,2137,2635,2107,1919,,0,,,,1.54,,0.03,0.49,1.86,33.17
344,0,11.466666666666667,-28.632,0,0,0.077464,0.419252,0.257554,1.730690,0.091294,0.096446,0.037987,0.323965,0.229628,1.729199,0.091862,0.000472,0.037987,0.323965,0.229628,1.729199,0.091862,0.000472,0.037987,0.323965,0.229628,1.729199,0.091862,0.000472,1.209175,10.312126,7.309273,55.042114,2.924072,0.027761,1.209175,10.312126,7.309273,55.042114,2.924072,0.027761,1963,2183,2138,2633,2107,1919,,0,,,,1.86,,0.04,0.62,1.82,33.16
345,0,11.5,-29.185,0,0,0.074021,0.419252,0.257554,1.730690,0.091294,0.096446,0.040538,0.316631,0.230905,1.725793,0.090931,0.000472,0.040538,0.316631,0.230905,1.725793,0.090931,0.000472,0.040538,0.316631,0.230905,1.725793,0.090931,0.000472,1.290367,10.078682,7.349945,54.933685,2.894440,0.027761,1.290367,10.078682,7.349945,54.933685,2.894440,0.027761,1964,2181,2138,2632,2106,1919,,0,,,,1.71,,0.03,0.47,1.57,33.09
346,0,11.533333333333333,-29.289,0,0,0.074021,0.419252,0.257554,1.730690,0.091294,0.096446,0.043776,0.308426,0.232928,1.723607,0.089967,0.000472,0.043776,0.308426,0.232928,1.723607,0.089967,0.000472,0.043776,0.308426,0.232928,1.723607,0.089967,0.000472,1.393425,9.817490,7.414330,54.864105,2.863754,0.027761,1.393425,9.817490,7.414330,54.864105,2.863754,0.027761,1965,2178,2139,2631,2106,1919,,0,,,,1.70,,0.03,0.41,1.62,33.15
347,0,11.566666666666666,-29.496,0,0,0.074021,0.419252,0.257554,1.730690,0.091294,0.096446,0.047683,0.299673,0.235798,1.722593,0.088997,0.000472,0.047683,0.299673,0.235798,1.722593,0.088997,0.000472,0.047683,0.299673,0.235798,1.722593,0.088997,0.000472,1.517799,9.538887,7.505692,54.831833,2.832863,0.027761,1.517799,9.538887,7.505692,54.831833,2.832863,0.027761,1966,2175,2140,2631,2105,1919,,0,,,,1.64,,0.02,0.40,1.51,33.17
348,0,11.6,-29.406,0,0,0.074021,0.419252,0.257554,1.730690,0.091294,0.096446,0.052289,0.290855,0.239580,1.722414,0.088071,0.000472,0.052289,0.290855,0.239580,1.722414,0.088071,0.000472,0.052289,0.290855,0.239580,1.722414,0.088071,0.000472,1.664398,9.258209,7.626068,54.826126,2.803375,0.027761,1.664398,9.258209,7.626068,54.826126,2.803375,0.027761,1967,2172,2141,2630,2104,1919,,0,,,,1.50,,0.03,0.42,1.69,33.22
349,0,11.633333333333333,-28.952,0,0,0.074021,0.413662,0.257554,1.730690,0.091294,0.096446,0.057556,0.282424,0.244299,1.722564,0.087245,0.000472,0.057556,0.282424,0.244299,1.722564,0.087245,0.000472,0.057556,0.282424,0.244299,1.722564,0.087245,0.000472,1.832054,8.989838,7.776283,54.830933,2.777100,0.027761,1.832054,8.989838,7.776283,54.830933,2.777100,0.027761,1969,2169,2143,2631,2104,1919,,0,,,,1.63,,0.04,0.49,1.88,33.16
350,0,11.666666666666666,-28.645,0,0,0.074021,0.405277,0.260384,1.730690,0.091294,0.096446,0.063344,0.274625,0.249916,1.722587,0.086568,0.000472,0.063344,0.274625,0.249916,1.722587,0.086568,0.000472,0.063344,0.274625,0.249916,1.722587,0.086568,0.000472,2.016296,8.741570,7.955078,54.831665,2.755547,0.027761,2.016296,8.741570,7.955078,54.831665,2.755547,0.027761,1970,2166,2145,2631,2103,1919,,0,,,,1.70,,0.04,0.62,1.92,33.06
351,0,11.7,-29.766,0,0,0.074021,0.396892,0.260384,1.730690,0.091294,0.096446,0.069383,0.267493,0.256226,1.722156,0.086063,0.000472,0.069383,0.267493,0.256226,1.722156,0.086063,0.000472,0.069383,0.267493,0.256226,1.722156,0.086063,0.000472,2.208542,8.514572,8.155914,54.817917,2.739479,0.027761,2.208542,8.514572,8.155914,54.817917,2.739479,0.027761,1972,2163,2147,2630,2103,1919,,0,,,,1.33,,0.02,0.41,1.50,33.13
352,0,11.733333333333333,-29.351,0,0,0.074021,0.391301,0.263214,1.730690,0.091294,0.096446,0.075434,0.260789,0.262900,1.721391,0.085742,0.000472,0.075434,0.260789,0.262900,1.721391,0.085742,0.000472,0.075434,0.260789,0.262900,1.721391,0.085742,0.000472,2.401138,8.301186,8.368370,54.793579,2.729248,0.027761,2.401138,8.301186,8.368370,54.793579,2.729248,0.027761,1974,2161,2149,2630,2103,1919,,0,,,,1.54,,0.03,0.42,1.68,33.18
353,0,11.766666666666667,-29.426,0,0,0.074021,0.391301,0.263214,1.730690,0.091294,0.096446,0.081384,0.253957,0.269547,1.721006,0.085599,0.002956,0.081384,0.253957,0.269547,1.721006,0.085599,0.002956,0.081384,0.253957,0.269547,1.721006,0.085599,0.002956,2.590546,8.083687,8.579933,54.781311,2.724709,0.173885,2.590546,8.083687,8.579933,54.781311,2.724709,0.173885,1976,2158,2152,2630,2103,1921,,0,,,,1.48,,0.02,0.43,1.66,33.15
354,0,11.8,-28.806,0,0,0.074021,0.391301,0.268875,1.730690,0.091294,0.096446,0.087195,0.246250,0.275744,1.722100,0.085621,0.044223,0.087195,0.246250,0.275744,1.722100,0.085621,0.044223,0.087195,0.246250,0.275744,1.722100,0.085621,0.044223,2.775513,7.838371,8.777199,54.816132,2.725410,2.601358,2.775513,7.838371,8.777199,54.816132,2.725410,2.601358,1977,2156,2154,2630,2103,1957,,0,,,,1.69,,0.05,0.56,1.93,33.23
355,0,11.833333333333334,-29.139,0,0,0.074021,0.388506,0.274536,1.730690,0.091294,0.096446,0.092767,0.237036,0.281051,1.725648,0.085786,0.094146,0.092767,0.237036,0.281051,1.725648,0.085786,0.094146,0.092767,0.237036,0.281051,1.725648,0.085786,0.094146,2.952873,7.545074,8.946136,54.929062,2.730652,5.538020,2.952873,7.545074,8.946136,54.929062,2.730652,5.538020,1979,2152,2156,2632,2103,2000,,0,,,,1.65,,0.03,0.46,1.74,33.17
356,0,11.866666666666667,-29.216,0,0,0.074021,0.377326,0.280196,1.730690,0.091294,0.096446,0.098007,0.226021,0.285237,1.732182,0.086076,0.148347,0.098007,0.226021,0.285237,1.732182,0.086076,0.148347,0.098007,0.226021,0.285237,1.732182,0.086076,0.148347,3.119644,7.194473,9.079384,55.137070,2.739891,8.726299,3.119644,7.194473,9.079384,55.137070,2.739891,8.726299,1980,2148,2157,2634,2103,2046,,0,,,,1.65,,0.04,0.47,1.63,33.13
357,0,11.9,-29.663,0,0,0.074021,0.368942,0.288687,1.733434,0.091294,0.102256,0.102823,0.213269,0.288538,1.741729,0.086472,0.201586,0.102823,0.213269,0.288538,1.741729,0.086472,0.201586,0.102823,0.213269,0.288538,1.741729,0.086472,0.201586,3.272964,6.788567,9.184471,55.440948,2.752495,11.857992,3.272964,6.788567,9.184471,55.440948,2.752495,11.857992,1982,2144,2158,2638,2103,2092,,0,,,,1.44,,0.03,0.39,1.55,33.18
358,0,11.933333333333334,-29.193,0,0,0.074021,0.357761,0.297178,1.733434,0.091294,0.119686,0.107208,0.199172,0.291518,1.753656,0.086953,0.248859,0.107208,0.199172,0.291518,1.753656,0.086953,0.248859,0.107208,0.199172,0.291518,1.753656,0.086953,0.248859,3.412521,6.339851,9.279320,55.820602,2.767815,14.638755,3.412521,6.339851,9.279320,55.820602,2.767815,14.638755,1983,2139,2160,2642,2104,2133,,0,,,,1.61,,0.04,0.58,1.61,33.20
359,0,11.966666666666667,-29.571,0,0,0.074021,0.352171,0.300008,1.741669,0.091294,0.140602,0.111127,0.184351,0.294817,1.766855,0.087500,0.286503,0.111127,0.184351,0.294817,1.766855,0.087500,0.286503,0.111127,0.184351,0.294817,1.766855,0.087500,0.286503,3.537300,5.868065,9.384308,56.240753,2.785217,16.853109,3.537300,5.868065,9.384308,56.240753,2.785217,16.853109,1984,2133,2161,2647,2104,2165,,0,,,,1.47,,0.02,0.39,1.57,33.13
360,1,12.0,-20.292,0,0,0.070578,0.343787,0.302838,1.749904,0.091294,0.168489,0.095857,0.322236,0.272104,1.717531,0.096877,0.000472,0.095857,0.322236,0.272104,1.717531,0.096877,0.000472,0.095857,0.322236,0.272104,1.717531,0.096877,0.000472,3.051224,10.257088,8.661339,54.670700,3.083694,0.027761,3.051224,10.257088,8.661339,54.670700,3.083694,0.027761,1980,2183,2153,2629,2110,1919,,0,448,1789034617.814533,27.6,1.54,6.43,1.55,0.48,2.69,33.26
361,0,12.033333333333333,-29.271,0,0,0.056807,0.335401,0.311329,1.752650,0.091294,0.205673,0.100353,0.325404,0.268897,1.708539,0.097315,0.000472,0.100353,0.325404,0.268897,1.708539,0.097315,0.000472,0.100353,0.325404,0.268897,1.708539,0.097315,0.000472,3.194336,10.357925,8.559250,54.384491,3.097618,0.027761,3.194336,10.357925,8.559250,54.384491,3.097618,0.027761,1981,2184,2152,2625,2110,1919,,0,,,,1.48,,0.03,0.50,1.59,32.97
362,0,12.066666666666666,-28.568,0,0,0.053364,0.332607,0.311329,1.749904,0.091294,0.233561,0.104058,0.327643,0.265924,1.700817,0.097697,0.000472,0.104058,0.327643,0.265924,1.700817,0.097697,0.000472,0.104058,0.327643,0.265924,1.700817,0.097697,0.000472,3.312263,10.429214,8.464622,54.138687,3.109802,0.027761,3.312263,10.429214,8.464622,54.138687,3.109802,0.027761,1982,2185,2150,2623,2111,1919,,0,,,,2.04,,0.03,0.42,1.99,33.19
363,0,12.1,-28.220,0,0,0.056807,0.346581,0.311329,1.733434,0.091294,0.240533,0.106249,0.329570,0.263952,1.694884,0.098072,0.000472,0.106249,0.329570,0.263952,1.694884,0.098072,0.000472,0.106249,0.329570,0.263952,1.694884,0.098072,0.000472,3.382004,10.490547,8.401871,53.949829,3.121735,0.027761,3.382004,10.490547,8.401871,53.949829,3.121735,0.027761,1983,2185,2150,2620,2111,1919,,0,,,,1.50,,0.03,1.36,1.90,33.18
364,0,12.133333333333333,-28.136,0,0,0.063692,0.357761,0.308499,1.725199,0.091294,0.230075,0.106107,0.330344,0.264006,1.692652,0.098411,0.000472,0.106107,0.330344,0.264006,1.692652,0.098411,0.000472,0.106107,0.330344,0.264006,1.692652,0.098411,0.000472,3.377472,10.515190,8.403587,53.878784,3.132523,0.027761,3.377472,10.515190,8.403587,53.878784,3.132523,0.027761,1983,2186,2150,2620,2111,1919,,0,,,,1.49,,0.03,1.37,1.97,33.19
365,0,12.166666666666666,-29.211,0,0,0.070578,0.360556,0.308499,1.714220,0.091294,0.189405,0.103209,0.329364,0.266255,1.695014,0.098624,0.000472,0.103209,0.329364,0.266255,1.695014,0.098624,0.000472,0.103209,0.329364,0.266255,1.695014,0.098624,0.000472,3.285233,10.483994,8.475151,53.953979,3.139282,0.027761,3.285233,10.483994,8.475151,53.953979,3.139282,0.027761,1982,2185,2151,2621,2111,1919,,0,,,,1.52,,0.03,0.44,1.74,33.14
366,0,12.2,-29.335,0,0,0.091235,0.363351,0.308499,1.708730,0.091294,0.141764,0.097507,0.327011,0.269859,1.700585,0.098776,0.000472,0.097507,0.327011,0.269859,1.700585,0.098776,0.000472,0.097507,0.327011,0.269859,1.700584,0.098776,0.000472,3.103729,10.409073,8.589867,54.131287,3.144135,0.027761,3.103729,10.409073,8.589867,54.131287,3.144135,0.027761,1980,2184,2152,2623,2111,1919,,0,,,,1.52,,0.03,0.43,1.63,33.10
367,0,12.233333333333333,-29.244,0,0,0.098121,0.363351,0.308499,1.705985,0.091294,0.112714,0.089331,0.323866,0.273709,1.707257,0.098844,0.000472,0.089331,0.323866,0.273709,1.707257,0.098844,0.000472,0.089331,0.323866,0.273709,1.707257,0.098844,0.000472,2.843498,10.308983,8.712410,54.343674,3.146317,0.027761,2.843498,10.308983,8.712410,54.343674,3.146317,0.027761,1978,2183,2153,2625,2111,1919,,0,,,,1.62,,0.04,0.46,1.68,33.20
368,0,12.266666666666667,-29.599,0,0,0.094678,0.363351,0.308499,1.705985,0.091294,0.108066,0.079680,0.320111,0.277375,1.714439,0.098998,0.000472,0.079680,0.320111,0.277375,1.714439,0.098998,0.000472,0.079680,0.320111,0.277375,1.714438,0.098998,0.000472,2.536308,10.189453,8.829132,54.572266,3.151199,0.027761,2.536308,10.189453,8.829132,54.572266,3.151199,0.027761,1975,2182,2155,2628,2112,1919,,0,,,,1.50,,0.03,0.40,1.51,33.16
369,0,12.3,-29.468,0,0,0.091235,0.363351,0.308499,1.705985,0.091294,0.108066,0.069402,0.315808,0.281018,1.722577,0.099190,0.000472,0.069402,0.315808,0.281018,1.722577,0.099190,0.000472,0.069402,0.315808,0.281018,1.722578,0.099190,0.000472,2.209137,10.052490,8.945068,54.831345,3.157303,0.027761,2.209137,10.052490,8.945068,54.831345,3.157303,0.027761,1972,2180,2156,2631,2112,1919,,0,,,,1.52,,0.03,0.43,1.55,33.17
370,0,12.333333333333334,-29.673,0,0,0.094678,0.363351,0.308499,1.705985,0.091294,0.108066,0.059153,0.311099,0.284743,1.731556,0.099453,0.000472,0.059153,0.311099,0.284743,1.731556,0.099453,0.000472,0.059153,0.311099,0.284743,1.731556,0.099453,0.000472,1.882896,9.902596,9.063660,55.117126,3.165695,0.027761,1.882896,9.902596,9.063660,55.117126,3.165695,0.027761,1969,2179,2157,2634,2112,1919,,0,,,,1.45,,0.03,0.39,1.51,33.14
371,0,12.366666666666667,-29.317,0,0,0.094678,0.363351,0.308499,1.705985,0.091294,0.108066,0.049395,0.306613,0.288299,1.740384,0.099777,0.000472,0.049395,0.306613,0.288299,1.740384,0.099777,0.000472,0.049395,0.306613,0.288299,1.740384,0.099777,0.000472,1.572289,9.759796,9.176849,55.398148,3.175995,0.027761,1.572289,9.759796,9.176849,55.398148,3.175995,0.027761,1966,2177,2158,2637,2112,1919,,0,,,,1.55,,0.03,0.52,1.66,33.21
372,0,12.4,-29.697,0,0,0.087792,0.363351,0.308499,1.705985,0.091294,0.108066,0.040657,0.303190,0.291213,1.747687,0.100203,0.000472,0.040657,0.303190,0.291213,1.747687,0.100203,0.000472,0.040657,0.303190,0.291213,1.747687,0.100203,0.000472,1.294136,9.650841,9.269592,55.630615,3.189552,0.027761,1.294136,9.650841,9.269592,55.630615,3.189552,0.027761,1964,2176,2159,2640,2112,1919,,0,,,,1.37,,0.03,0.41,1.52,33.15
373,0,12.433333333333334,-29.564,0,0,0.080907,0.363351,0.308499,1.711475,0.091294,0.108066,0.033093,0.301487,0.293084,1.752539,0.100725,0.000472,0.033093,0.301487,0.293084,1.752539,0.100725,0.000472,0.033093,0.301487,0.293084,1.752539,0.100725,0.000472,1.053383,9.596649,9.329163,55.785049,3.206184,0.027761,1.053383,9.596649,9.329163,55.785049,3.206184,0.027761,1962,2175,2160,2641,2113,1919,,0,,,,1.38,,0.07,0.42,1.65,33.19
374,0,12.466666666666667,-29.074,0,0,0.074021,0.363351,0.308499,1.722455,0.091294,0.108066,0.026996,0.301806,0.293869,1.754897,0.101297,0.000472,0.026996,0.301806,0.293869,1.754897,0.101297,0.000472,0.026996,0.301806,0.293869,1.754897,0.101297,0.000472,0.859306,9.606789,9.354141,55.860107,3.224396,0.027761,0.859306,9.606789,9.354141,55.860107,3.224396,0.027761,1960,2175,2160,2642,2113,1919,,0,,,,1.64,,0.03,0.44,1.83,33.30
375,0,12.5,-28.954,0,0,0.070578,0.363351,0.308499,1.727945,0.091294,0.108066,0.022270,0.304198,0.293883,1.755049,0.101948,0.000472,0.022270,0.304198,0.293883,1.755049,0.101948,0.000472,0.022270,0.304198,0.293883,1.755049,0.101948,0.000472,0.708893,9.682930,9.354591,55.864929,3.245102,0.027761,0.708893,9.682930,9.354591,55.864929,3.245102,0.027761,1958,2176,2160,2642,2113,1919,,0,,,,1.73,,0.03,0.45,1.70,33.04
376,0,12.533333333333333,-28.886,0,0,0.067135,0.363351,0.308499,1.733434,0.091294,0.108066,0.018327,0.308683,0.293490,1.752892,0.102604,0.000472,0.018327,0.308683,0.293490,1.752892,0.102604,0.000472,0.018327,0.308683,0.293490,1.752892,0.102604,0.000472,0.583351,9.825691,9.342072,55.796295,3.265999,0.027761,0.583351,9.825691,9.342072,55.796295,3.265999,0.027761,1957,2178,2160,2642,2114,1919,,0,,,,1.75,,0.03,0.64,1.63,33.12
377,0,12.566666666666666,-29.067,0,0,0.067135,0.363351,0.308499,1.733434,0.091294,0.108066,0.014524,0.315305,0.292963,1.747927,0.103201,0.000472,0.014524,0.315305,0.292963,1.747927,0.103201,0.000472,0.014524,0.315305,0.292963,1.747927,0.103201,0.000472,0.462318,10.036453,9.325302,55.638245,3.284981,0.027761,0.462318,10.036453,9.325302,55.638245,3.284981,0.027761,1956,2180,2160,2640,2114,1919,,0,,,,1.67,,0.03,0.47,1.71,33.19
378,0,12.6,-29.479,0,0,0.067135,0.363351,0.308499,1.733434,0.091294,0.108066,0.010263,0.324126,0.292346,1.739557,0.103698,0.000472,0.010263,0.324126,0.292346,1.739557,0.103698,0.000472,0.010263,0.324126,0.292346,1.739557,0.103698,0.000472,0.326683,10.317253,9.305679,55.371811,3.300819,0.027761,0.326683,10.317253,9.305679,55.371811,3.300819,0.027761,1955,2183,2160,2637,2115,1919,,0,,,,1.50,,0.03,0.41,1.56,33.08
379,0,12.633333333333333,-29.535,0,0,0.067135,0.363351,0.308499,1.733434,0.091294,0.108066,0.005249,0.335002,0.291737,1.727616,0.104074,0.000472,0.005249,0.335002,0.291737,1.727616,0.104074,0.000472,0.005249,0.335002,0.291737,1.727617,0.104074,0.000472,0.167084,10.663437,9.286263,54.991730,3.312790,0.027761,0.167084,10.663437,9.286263,54.991730,3.312790,0.027761,1954,2187,2160,2632,2115,1919,,0,,,,1.54,,0.02,0.40,1.55,33.14
380,0,12.666666666666666,-29.348,0,0,0.067135,0.363351,0.308499,1.733434,0.091294,0.108066,-0.000391,0.347510,0.291696,1.712815,0.104317,0.000472,-0.000391,0.347510,0.291696,1.712815,0.104317,0.000472,-0.000391,0.347510,0.291696,1.712815,0.104317,0.000472,-0.012436,11.061569,9.284973,54.520584,3.320503,0.027761,-0.012436,11.061569,9.284973,54.520584,3.320503,0.027761,1952,2192,2160,2627,2115,1919,,0,,,,1.70,,0.03,0.43,1.54,33.21
381,0,12.7,-29.134,0,0,0.067135,0.363351,0.308499,1.733434,0.092829,0.108066,-0.006027,0.361098,0.292862,1.696201,0.104441,0.000472,-0.006027,0.361098,0.292862,1.696201,0.104441,0.000472,-0.006027,0.361098,0.292862,1.696201,0.104441,0.000472,-0.191849,11.494102,9.322083,53.991730,3.324448,0.027761,-0.191849,11.494102,9.322083,53.991730,3.324448,0.027761,1950,2197,2160,2621,2115,1919,,0,,,,1.59,,0.03,0.44,1.77,33.24
382,0,12.733333333333333,-28.527,0,0,0.060250,0.366147,0.308499,1.730690,0.094363,0.108066,-0.011171,0.375467,0.295484,1.678413,0.104464,0.000472,-0.011171,0.375467,0.295484,1.678413,0.104464,0.000472,-0.011171,0.375467,0.295484,1.678413,0.104464,0.000472,-0.355576,11.951492,9.405556,53.425537,3.325180,0.027761,-0.355576,11.951492,9.405556,53.425537,3.325180,0.027761,1949,2202,2161,2614,2115,1919,,0,,,,1.78,,0.05,0.63,1.75,33.16
383,0,12.766666666666667,-28.428,0,0,0.053364,0.374531,0.305669,1.730690,0.098966,0.108066,-0.015669,0.390455,0.299384,1.659710,0.104399,0.000472,-0.015669,0.390455,0.299384,1.659710,0.104399,0.000472,-0.015669,0.390455,0.299384,1.659710,0.104399,0.000472,-0.498772,12.428574,9.529701,52.830215,3.323112,0.027761,-0.498772,12.428574,9.529701,52.830215,3.323112,0.027761,1947,2207,2162,2608,2115,1919,,0,,,,1.70,,0.03,0.49,2.11,33.07
384,0,12.8,-25.302,0,0,0.049922,0.385711,0.305669,1.711475,0.100500,0.108066,-0.019578,0.406040,0.304032,1.640271,0.104272,0.000472,-0.019578,0.406040,0.304032,1.640271,0.104272,0.000472,-0.019578,0.406040,0.304032,1.640271,0.104272,0.000472,-0.623199,12.924667,9.677650,52.211441,3.319084,0.027761,-0.623199,12.924667,9.677650,52.211441,3.319084,0.027761,1946,2213,2164,2601,2115,1919,,0,,,,4.33,,0.05,0.77,2.35,33.03
385,0,12.833333333333334,-27.502,0,0,0.043036,0.391301,0.305669,1.700495,0.100500,0.108066,-0.022893,0.422104,0.308912,1.620718,0.104114,0.000472,-0.022893,0.422104,0.308912,1.620718,0.104114,0.000472,-0.022893,0.422104,0.308912,1.620718,0.104114,0.000472,-0.728699,13.435982,9.832977,51.589066,3.314056,0.027761,-0.728699,13.435982,9.832977,51.589066,3.314056,0.027761,1945,2219,2166,2593,2115,1919,,0,,,,2.08,,0.05,0.71,2.46,33.13
386,0,12.866666666666667,-28.107,0,0,0.039593,0.402482,0.305669,1.686770,0.100500,0.108066,-0.025394,0.438310,0.313838,1.601845,0.103956,0.000472,-0.025394,0.438310,0.313838,1.601845,0.103956,0.000472,-0.025394,0.438310,0.313838,1.601845,0.103956,0.000472,-0.808304,13.951851,9.989761,50.988312,3.309036,0.027761,-0.808304,13.951851,9.989761,50.988312,3.309036,0.027761,1945,2224,2167,2587,2115,1919,,0,,,,2.08,,0.05,0.70,1.86,33.04
387,0,12.9,-28.959,0,0,0.039593,0.413662,0.305669,1.670301,0.100500,0.108066,-0.026939,0.454188,0.319051,1.584063,0.103813,0.000472,-0.026939,0.454188,0.319051,1.584063,0.103813,0.000472,-0.026939,0.454188,0.319051,1.584063,0.103813,0.000472,-0.857491,14.457253,10.155701,50.422287,3.304466,0.027761,-0.857491,14.457253,10.155701,50.422287,3.304466,0.027761,1944,2230,2169,2580,2115,1919,,0,,,,1.72,,0.03,0.47,1.70,33.13
388,0,12.933333333333334,-29.365,0,0,0.039593,0.419252,0.311329,1.653831,0.100500,0.108066,-0.027573,0.469394,0.324803,1.567199,0.103683,0.000472,-0.027573,0.469394,0.324803,1.567199,0.103683,0.000472,-0.027573,0.469394,0.324803,1.567199,0.103683,0.000472,-0.877670,14.941277,10.338806,49.885483,3.300323,0.027761,-0.877670,14.941277,10.338806,49.885483,3.300323,0.027761,1944,2235,2171,2574,2115,1919,,0,,,,1.61,,0.03,0.43,1.59,33.14
389,0,12.966666666666667,-29.295,0,0,0.039593,0.422047,0.314159,1.640106,0.100500,0.108066,-0.027444,0.483812,0.331064,1.550700,0.103544,0.000472,-0.027444,0.483812,0.331064,1.550700,0.103544,0.000472,-0.027444,0.483812,0.331064,1.550700,0.103544,0.000472,-0.873566,15.400223,10.538086,49.360321,3.295921,0.027761,-0.873566,15.400223,10.538086,49.360321,3.295921,0.027761,1944,2241,2173,2568,2114,1919,,0,,,,1.56,,0.03,0.45,1.65,33.14
390,0,13.0,-28.841,0,0,0.039593,0.433227,0.322650,1.623636,0.100500,0.108066,-0.026260,0.497287,0.337665,1.534391,0.103362,0.000472,-0.026260,0.497287,0.337665,1.534391,0.103362,0.000472,-0.026260,0.497287,0.337665,1.534391,0.103362,0.000472,-0.835892,15.829124,10.748199,48.841187,3.290115,0.027761,-0.835892,15.829124,10.748199,48.841187,3.290115,0.027761,1944,2245,2176,2562,2114,1919,,0,,,,1.79,,0.03,0.48,1.83,33.16
391,0,13.033333333333333,-29.392,0,0,0.039593,0.444407,0.325480,1.607167,0.100500,0.108066,-0.023847,0.509607,0.344399,1.518760,0.103117,0.000472,-0.023847,0.509607,0.344399,1.518760,0.103117,0.000472,-0.023848,0.509607,0.344399,1.518760,0.103117,0.000472,-0.759087,16.221298,10.962555,48.343628,3.282295,0.027761,-0.759087,16.221298,10.962555,48.343628,3.282295,0.027761,1945,2250,2178,2556,2114,1919,,0,,,,1.58,,0.03,0.44,1.57,33.23
392,0,13.066666666666666,-29.304,0,0,0.039593,0.452792,0.333971,1.590698,0.100500,0.108066,-0.020600,0.520056,0.351187,1.504741,0.102787,0.000472,-0.020600,0.520056,0.351187,1.504741,0.102787,0.000472,-0.020600,0.520056,0.351187,1.504741,0.102787,0.000472,-0.655724,16.553902,11.178635,47.897415,3.271820,0.027761,-0.655724,16.553902,11.178635,47.897415,3.271820,0.027761,1946,2254,2181,2551,2114,1919,,0,,,,1.60,,0.03,0.42,1.57,33.07
393,0,13.1,-29.155,0,0,0.039593,0.455587,0.336801,1.574228,0.100500,0.108066,-0.017227,0.528411,0.357809,1.492964,0.102366,0.000472,-0.017227,0.528411,0.357809,1.492964,0.102366,0.000472,-0.017227,0.528411,0.357809,1.492964,0.102366,0.000472,-0.548363,16.819832,11.389397,47.522507,3.258423,0.027761,-0.548363,16.819832,11.389397,47.522507,3.258423,0.027761,1947,2257,2183,2547,2114,1919,,0,,,,1.47,,0.03,0.49,1.84,33.21
394,0,13.133333333333333,-27.275,0,0,0.039593,0.461177,0.342462,1.560503,0.100500,0.108066,-0.013947,0.534598,0.364062,1.483876,0.101873,0.000472,-0.013947,0.534598,0.364062,1.483876,0.101873,0.000472,-0.013947,0.534598,0.364062,1.483876,0.101873,0.000472,-0.443962,17.016777,11.588463,47.233246,3.242706,0.027761,-0.443962,17.016777,11.588463,47.233246,3.242706,0.027761,1948,2259,2185,2544,2113,1919,,0,,,,1.50,,0.03,2.01,2.15,33.18
395,0,13.166666666666666,-28.985,0,0,0.039593,0.466767,0.345292,1.546778,0.100500,0.108066,-0.010611,0.538813,0.369776,1.477691,0.101340,0.000472,-0.010611,0.538813,0.369776,1.477691,0.101340,0.000472,-0.010611,0.538813,0.369776,1.477691,0.101340,0.000472,-0.337761,17.150948,11.770340,47.036362,3.225746,0.027761,-0.337761,17.150948,11.770340,47.036362,3.225746,0.027761,1949,2260,2187,2541,2113,1919,,0,,,,1.63,,0.03,0.49,1.73,33.09
396,0,13.2,-29.028,0,0,0.039593,0.469562,0.345292,1.533053,0.100500,0.108066,-0.007154,0.541631,0.374542,1.474022,0.100818,0.000472,-0.007154,0.541631,0.374542,1.474022,0.100818,0.000472,-0.007154,0.541631,0.374542,1.474022,0.100818,0.000472,-0.227715,17.240669,11.922050,46.919556,3.209152,0.027761,-0.227715,17.240669,11.922050,46.919556,3.209152,0.027761,1950,2261,2189,2540,2113,1919,,0,,,,1.45,,0.03,0.42,2.11,33.14
397,0,13.233333333333333,-29.304,0,0,0.039593,0.469562,0.345292,1.522074,0.100500,0.108066,-0.003860,0.543835,0.377696,1.472012,0.100338,0.000472,-0.003860,0.543835,0.377696,1.472012,0.100338,0.000472,-0.003860,0.543835,0.377696,1.472012,0.100338,0.000472,-0.122871,17.310806,12.022423,46.855591,3.193840,0.027761,-0.122871,17.310806,12.022423,46.855591,3.193840,0.027761,1951,2262,2190,2539,2112,1919,,0,,,,1.69,,0.03,0.41,1.65,33.21
398,0,13.266666666666667,-29.011,0,0,0.039593,0.469562,0.353783,1.513839,0.100500,0.108066,-0.001076,0.546052,0.378799,1.471037,0.099902,0.000472,-0.001076,0.546052,0.378799,1.471037,0.099902,0.000472,-0.001076,0.546052,0.378799,1.471037,0.099902,0.000472,-0.034241,17.381378,12.057556,46.824554,3.179993,0.027761,-0.034241,17.381378,12.057556,46.824554,3.179993,0.027761,1952,2263,2190,2539,2112,1919,,0,,,,1.59,,0.03,0.47,1.74,33.10
399,0,13.3,-29.347,0,0,0.039593,0.469562,0.359444,1.508349,0.100500,0.108066,0.001048,0.548625,0.378094,1.471160,0.099508,0.000472,0.001048,0.548625,0.378094,1.471160,0.099508,0.000472,0.001048,0.548625,0.378094,1.471160,0.099508,0.000472,0.033340,17.463280,12.035095,46.828461,3.167427,0.027761,0.033340,17.463280,12.035095,46.828461,3.167427,0.027761,1952,2264,2190,2539,2112,1919,,0,,,,1.55,,0.03,0.40,1.66,33.09
400,0,13.333333333333334,-29.548,0,0,0.039593,0.469562,0.362274,1.502859,0.100500,0.108066,0.002506,0.551729,0.376374,1.472824,0.099153,0.000472,0.002506,0.551729,0.376374,1.472824,0.099153,0.000472,0.002506,0.551729,0.376374,1.472824,0.099153,0.000472,0.079788,17.562065,11.980347,46.881439,3.156136,0.027761,0.079788,17.562065,11.980347,46.881439,3.156136,0.027761,1953,2265,2189,2540,2112,1919,,0,,,,1.55,,0.03,0.41,1.52,33.17
401,0,13.366666666666667,-29.272,0,0,0.039593,0.469562,0.362274,1.497369,0.100500,0.108066,0.003269,0.555469,0.374470,1.476285,0.098846,0.000472,0.003269,0.555469,0.374470,1.476285,0.098846,0.000472,0.003269,0.555469,0.374470,1.476284,0.098846,0.000472,0.104073,17.681122,11.919739,46.991592,3.146362,0.027761,0.104073,17.681122,11.919739,46.991592,3.146362,0.027761,1953,2266,2189,2541,2111,1919,,0,,,,1.62,,0.03,0.45,1.67,33.18
402,0,13.4,-29.598,0,0,0.039593,0.472357,0.362274,1.497369,0.100500,0.108066,0.003302,0.560106,0.372736,1.481026,0.098607,0.000472,0.003302,0.560106,0.372736,1.481026,0.098607,0.000472,0.003302,0.560106,0.372736,1.481026,0.098607,0.000472,0.105110,17.828712,11.864540,47.142532,3.138756,0.027761,0.105110,17.828712,11.864540,47.142532,3.138756,0.027761,1953,2268,2188,2543,2111,1919,,0,,,,1.45,,0.03,0.42,1.59,33.20
403,0,13.433333333333334,-29.356,0,0,0.039593,0.477947,0.362274,1.497369,0.100500,0.108066,0.003021,0.566020,0.370821,1.485702,0.098477,0.000472,0.003021,0.566020,0.370821,1.485702,0.098477,0.000472,0.003021,0.566020,0.370821,1.485703,0.098477,0.000472,0.096169,18.016960,11.803589,47.291382,3.134628,0.027761,0.096169,18.016960,11.803589,47.291382,3.134628,0.027761,1953,2270,2188,2544,2111,1919,,0,,,,1.56,,0.02,0.41,1.59,33.06
404,0,13.466666666666667,-29.384,0,0,0.039593,0.480742,0.362274,1.497369,0.100500,0.108066,0.003146,0.573591,0.367810,1.488608,0.098502,0.000472,0.003146,0.573591,0.367810,1.488608,0.098502,0.000472,0.003146,0.573591,0.367810,1.488608,0.098502,0.000472,0.100151,18.257950,11.707756,47.383850,3.135422,0.027761,0.100151,18.257950,11.707756,47.383850,3.135422,0.027761,1953,2273,2186,2545,2111,1919,,0,,,,1.49,,0.04,0.42,1.70,33.17
405,0,13.5,-29.164,0,0,0.039593,0.480742,0.362274,1.497369,0.100500,0.108066,0.004274,0.582726,0.362852,1.489068,0.098707,0.015411,0.004274,0.582726,0.362852,1.489068,0.098707,0.015411,0.004274,0.582726,0.362852,1.489068,0.098707,0.015411,0.136055,18.548759,11.549950,47.398514,3.141937,0.906554,0.136055,18.548759,11.549950,47.398514,3.141937,0.906554,1953,2276,2185,2545,2111,1932,,0,,,,1.58,,0.03,0.49,1.78,33.19
406,0,13.533333333333333,-29.474,0,0,0.039593,0.483537,0.359444,1.497369,0.100500,0.108066,0.006607,0.592701,0.355796,1.488083,0.099077,0.070250,0.006607,0.592701,0.355796,1.488083,0.099077,0.070250,0.006607,0.592701,0.355796,1.488083,0.099077,0.070250,0.210297,18.866257,11.325348,47.367142,3.153702,4.132324,0.210297,18.866257,11.325348,47.367142,3.153702,4.132324,1954,2280,2182,2545,2112,1979,,0,,,,1.64,,0.03,0.40,1.53,33.20
407,0,13.566666666666666,-29.160,0,0,0.039593,0.489127,0.359444,1.497369,0.100500,0.108066,0.010096,0.602386,0.347282,1.487732,0.099562,0.135915,0.010096,0.602386,0.347282,1.487732,0.099562,0.135915,0.010096,0.602386,0.347282,1.487732,0.099562,0.135915,0.321365,19.174530,11.054337,47.355972,3.169167,7.994983,0.321365,19.174530,11.054337,47.355972,3.169167,7.994983,1955,2283,2179,2545,2112,2035,,0,,,,1.68,,0.03,0.49,1.58,33.09
408,0,13.6,-29.365,0,0,0.039593,0.497512,0.359444,1.497369,0.100500,0.111552,0.014029,0.610995,0.338053,1.489246,0.100103,0.211008,0.014029,0.610995,0.338053,1.489246,0.100103,0.211008,0.014029,0.610995,0.338053,1.489246,0.100103,0.211008,0.446556,19.448563,10.760544,47.404175,3.186378,12.412251,0.446556,19.448563,10.760544,47.404175,3.186378,12.412251,1956,2286,2176,2546,2112,2100,,0,,,,1.53,,0.03,0.45,1.63,33.16
409,0,13.633333333333333,-29.364,0,0,0.039593,0.500307,0.353783,1.497369,0.100500,0.125496,0.017346,0.618361,0.328531,1.492201,0.100657,0.293407,0.017346,0.618361,0.328531,1.492201,0.100657,0.293407,0.017346,0.618361,0.328531,1.492201,0.100657,0.293407,0.552139,19.683052,10.457466,47.498215,3.204002,17.259249,0.552139,19.683052,10.457466,47.498215,3.204002,17.259249,1957,2289,2173,2547,2113,2171,,0,,,,1.63,,0.03,0.47,1.56,33.17
410,0,13.666666666666666,-29.473,0,0,0.036150,0.505897,0.345292,1.497369,0.100500,0.145249,0.019494,0.624609,0.318997,1.495276,0.101207,0.380179,0.019494,0.624609,0.318997,1.495276,0.101207,0.380179,0.019494,0.624609,0.318997,1.495276,0.101207,0.380179,0.620522,19.881912,10.153999,47.596115,3.221527,22.363489,0.620522,19.881912,10.153999,47.596115,3.221527,22.363489,1958,2291,2169,2548,2113,2246,,0,,,,1.55,,0.02,0.40,1.63,33.16
411,0,13.7,-29.461,0,0,0.036150,0.517077,0.333971,1.497369,0.100500,0.174299,0.020797,0.629528,0.310068,1.497926,0.101759,0.467551,0.020797,0.629528,0.310068,1.497926,0.101759,0.467551,0.020797,0.629528,0.310068,1.497926,0.101759,0.467551,0.662003,20.038513,9.869766,47.680481,3.239082,27.503010,0.662003,20.038513,9.869766,47.680481,3.239082,27.503010,1958,2293,2166,2549,2113,2321,,0,,,,1.59,,0.03,0.44,1.58,33.22
412,0,13.733333333333333,-29.360,0,0,0.036150,0.522667,0.322650,1.497369,0.100500,0.219617,0.021741,0.632647,0.302542,1.500483,0.102312,0.551496,0.021741,0.632647,0.302542,1.500483,0.102312,0.551496,0.021741,0.632647,0.302542,1.500483,0.102312,0.551496,0.692047,20.137772,9.630203,47.761871,3.256691,32.440941,0.692047,20.137772,9.630203,47.761871,3.256691,32.440941,1958,2294,2163,2550,2114,2393,,0,,,,1.59,,0.03,0.50,1.57,33.17
413,0,13.766666666666667,-29.506,0,0,0.036150,0.533847,0.311329,1.497369,0.100500,0.268421,0.022427,0.633693,0.296884,1.503216,0.102845,0.628198,0.022427,0.633693,0.296884,1.503216,0.102845,0.628198,0.022427,0.633693,0.296884,1.503216,0.102845,0.608421,0.713860,20.171082,9.450111,47.848862,3.273651,35.789474,0.713860,20.171082,9.450111,47.848862,3.273651,35.789474,1959,2294,2161,2551,2114,2442,rate_limited:relative_limit:gripper,0,,,,1.52,,0.02,0.43,1.55,33.17
414,0,13.8,-29.301,0,0,0.036150,0.539437,0.302838,1.497369,0.100500,0.319549,0.022549,0.632828,0.293051,1.505922,0.103326,0.694739,0.022549,0.632828,0.293051,1.505922,0.103326,0.694739,0.022549,0.632828,0.293051,1.505922,0.103326,0.659549,0.717758,20.143555,9.328102,47.934982,3.288963,38.796993,0.717758,20.143555,9.328102,47.934982,3.288963,38.796993,1959,2294,2160,2552,2114,2486,rate_limited:relative_limit:gripper,0,,,,1.53,,0.02,0.44,1.69,33.15
415,0,13.833333333333334,-29.352,0,0,0.036150,0.542232,0.297178,1.497369,0.100500,0.371839,0.021682,0.630508,0.290829,1.508419,0.103726,0.749501,0.021682,0.630508,0.290829,1.508419,0.103726,0.749501,0.021682,0.630508,0.290829,1.508420,0.103726,0.711839,0.690163,20.069695,9.257385,48.014481,3.301689,41.872864,0.690163,20.069695,9.257385,48.014481,3.301689,41.872864,1958,2293,2159,2553,2115,2531,rate_limited:relative_limit:gripper,0,,,,1.52,,0.03,0.53,1.64,33.26
416,0,13.866666666666667,-19.689,0,0,0.036150,0.545027,0.297178,1.497369,0.100500,0.425291,0.019466,0.627301,0.289952,1.510833,0.104030,0.792341,0.019466,0.627301,0.289952,1.510833,0.104030,0.792341,0.019466,0.627301,0.289952,1.510833,0.104030,0.765291,0.619614,19.967628,9.229469,48.091293,3.311386,45.017090,0.619614,19.967628,9.229469,48.091293,3.311386,45.017090,1958,2292,2159,2553,2115,2577,rate_limited:relative_limit:gripper,0,,,,1.84,,0.03,0.49,10.61,32.85
417,0,13.9,-28.866,0,0,0.036150,0.545027,0.294348,1.497369,0.100500,0.477580,0.015771,0.623897,0.290034,1.513257,0.104240,0.824278,0.015771,0.623897,0.290034,1.513257,0.104240,0.824278,0.015771,0.623897,0.290034,1.513257,0.104240,0.817580,0.502014,19.859245,9.232071,48.168472,3.318069,48.092960,0.502014,19.859245,9.232071,48.168472,3.318069,48.092960,1957,2291,2159,2554,2115,2622,rate_limited:relative_limit:gripper,0,,,,1.59,,0.03,0.66,1.84,33.11
418,0,13.933333333333334,-29.570,0,0,0.036150,0.545027,0.291517,1.497369,0.100500,0.531032,0.010782,0.620914,0.290663,1.515618,0.104376,0.847042,0.010782,0.620914,0.290663,1.515618,0.104376,0.847042,0.010782,0.620914,0.290663,1.515618,0.104376,0.847042,0.343201,19.764305,9.252106,48.243622,3.322388,49.826012,0.343201,19.764305,9.252106,48.243622,3.322388,49.826012,1955,2290,2159,2555,2115,2647,,0,,,,1.48,,0.03,0.40,1.60,33.20
419,0,13.966666666666667,-28.780,0,0,0.036150,0.545027,0.291517,1.497369,0.100500,0.584484,0.004955,0.618702,0.291642,1.517754,0.104469,0.862319,0.004955,0.618702,0.291642,1.517754,0.104469,0.862319,0.004955,0.618702,0.291642,1.517754,0.104469,0.862319,0.157722,19.693901,9.283241,48.311615,3.325340,50.724625,0.157722,19.693901,9.283241,48.311615,3.325340,50.724625,1953,2289,2160,2556,2115,2661,,0,,,,1.73,,0.03,0.51,1.94,33.18
420,0,14.0,-29.534,0,0,0.036150,0.545027,0.291517,1.500114,0.100500,0.637936,-0.001291,0.617351,0.292906,1.519313,0.104542,0.871437,-0.001291,0.617351,0.292906,1.519313,0.104542,0.871437,-0.001291,0.617351,0.292906,1.519313,0.104542,0.871437,-0.041100,19.650879,9.323479,48.361221,3.327682,51.260994,-0.041100,19.650879,9.323479,48.361221,3.327682,51.260994,1952,2288,2160,2556,2115,2668,,0,,,,1.44,,0.03,0.43,1.62,33.18
421,0,14.033333333333333,-29.598,0,0,0.036150,0.545027,0.291517,1.505604,0.100500,0.690226,-0.007584,0.616799,0.294437,1.519711,0.104605,0.875466,-0.007584,0.616799,0.294437,1.519711,0.104605,0.875466,-0.007584,0.616799,0.294437,1.519711,0.104605,0.875466,-0.241409,19.633331,9.372238,48.373917,3.329674,51.497997,-0.241409,19.633331,9.372238,48.373917,3.329674,51.497997,1950,2288,2161,2557,2115,2672,,0,,,,1.54,,0.03,0.40,1.52,33.18
422,0,14.066666666666666,-29.546,0,0,0.036150,0.545027,0.291517,1.505604,0.100500,0.741353,-0.013561,0.616803,0.296345,1.518628,0.104657,0.875542,-0.013561,0.616803,0.296345,1.518628,0.104657,0.875542,-0.013561,0.616803,0.296345,1.518628,0.104657,0.875542,-0.431648,19.633461,9.432945,48.339432,3.331329,51.502480,-0.431648,19.633461,9.432945,48.339432,3.331329,51.502480,1948,2288,2161,2556,2115,2672,,0,,,,1.56,,0.03,0.41,1.54,33.18
423,0,14.1,-29.464,0,0,0.036150,0.545027,0.291517,1.505604,0.100500,0.784347,-0.018873,0.616953,0.298849,1.516320,0.104697,0.873110,-0.018873,0.616953,0.298849,1.516320,0.104697,0.873110,-0.018873,0.616953,0.298849,1.516320,0.104697,0.873110,-0.600746,19.638229,9.512665,48.265945,3.332626,51.359402,-0.600746,19.638229,9.512665,48.265945,3.332626,51.359402,1947,2288,2162,2555,2115,2670,,0,,,,1.57,,0.02,0.48,1.53,33.20
424,0,14.133333333333333,-29.249,0,0,0.036150,0.545027,0.291517,1.505604,0.100500,0.814559,-0.023276,0.616801,0.301901,1.513414,0.104713,0.869710,-0.023276,0.616801,0.301901,1.513414,0.104713,0.869710,-0.023276,0.616801,0.301901,1.513414,0.104713,0.869710,-0.740891,19.633392,9.609795,48.173447,3.333115,51.159393,-0.740891,19.633392,9.609795,48.173447,3.333115,51.159393,1945,2288,2163,2554,2115,2667,,0,,,,1.52,,0.02,0.43,1.77,33.14
425,0,14.166666666666666,-29.345,0,0,0.032707,0.545027,0.291517,1.505604,0.100500,0.833151,-0.026652,0.615911,0.305024,1.510625,0.104679,0.866740,-0.026652,0.615911,0.305024,1.510625,0.104679,0.866740,-0.026652,0.615911,0.305024,1.510625,0.104679,0.866740,-0.848366,19.605064,9.709213,48.084686,3.332047,50.984730,-0.848366,19.605064,9.709213,48.084686,3.332047,50.984730,1944,2288,2164,2553,2115,2664,,0,,,,1.47,,0.04,0.55,1.62,33.18
426,0,14.2,-28.900,0,0,0.029264,0.545027,0.291517,1.505604,0.100500,0.844771,-0.029011,0.613785,0.307552,1.508697,0.104569,0.865109,-0.029011,0.613785,0.307552,1.508697,0.104569,0.865109,-0.029011,0.613785,0.307552,1.508696,0.104569,0.865109,-0.923454,19.537392,9.789673,48.023300,3.328552,50.888752,-0.923454,19.537392,9.789673,48.023300,3.328552,50.888752,1944,2287,2165,2553,2115,2663,,0,,,,1.91,,0.03,0.46,1.71,33.17
427,0,14.233333333333333,-28.609,0,0,0.025821,0.547822,0.291517,1.505604,0.100500,0.850581,-0.030452,0.609813,0.308887,1.508291,0.104353,0.864890,-0.030452,0.609813,0.308887,1.508291,0.104353,0.864890,-0.030452,0.609813,0.308887,1.508291,0.104353,0.864890,-0.969330,19.410957,9.832191,48.010391,3.321671,50.875866,-0.969330,19.410957,9.832191,48.010391,3.321671,50.875866,1943,2286,2166,2552,2115,2663,,0,,,,2.17,,0.03,0.42,1.76,33.20
428,0,14.266666666666667,-28.351,0,0,0.025821,0.547822,0.291517,1.505604,0.100500,0.854067,-0.031108,0.603372,0.308626,1.509874,0.103997,0.865626,-0.031108,0.603372,0.308626,1.509874,0.103997,0.865626,-0.031108,0.603372,0.308626,1.509874,0.103997,0.865626,-0.990204,19.205917,9.823860,48.060776,3.310326,50.919163,-0.990204,19.205917,9.823860,48.060776,3.310326,50.919163,1943,2283,2166,2553,2115,2663,,0,,,,2.20,,0.03,0.47,1.82,33.06
429,0,14.3,-29.471,0,0,0.025821,0.547822,0.291517,1.505604,0.100500,0.857553,-0.031000,0.593959,0.306578,1.513767,0.103472,0.866723,-0.031000,0.593959,0.306578,1.513767,0.103472,0.866723,-0.031000,0.593959,0.306578,1.513767,0.103472,0.866723,-0.986755,18.906296,9.758675,48.184708,3.293594,50.983704,-0.986755,18.906296,9.758675,48.184708,3.293594,50.983704,1943,2280,2165,2554,2114,2664,,0,,,,1.51,,0.02,0.44,1.63,33.18
430,0,14.333333333333334,-29.402,0,0,0.025821,0.547822,0.291517,1.505604,0.100500,0.859877,-0.030071,0.581230,0.302654,1.520316,0.102771,0.867759,-0.030071,0.581230,0.302654,1.520316,0.102771,0.867759,-0.030071,0.581230,0.302654,1.520316,0.102771,0.867759,-0.957199,18.501129,9.633781,48.393158,3.271309,51.044674,-0.957199,18.501129,9.633781,48.393158,3.271309,51.044674,1943,2275,2163,2557,2114,2665,,0,,,,1.61,,0.03,0.42,1.60,33.20
431,0,14.366666666666667,-29.456,0,0,0.025821,0.547822,0.291517,1.505604,0.100500,0.861039,-0.028232,0.564991,0.296734,1.529988,0.101907,0.868654,-0.028232,0.564991,0.296734,1.529988,0.101907,0.868654,-0.028232,0.564991,0.296734,1.529988,0.101907,0.868654,-0.898643,17.984222,9.445320,48.701035,3.243790,51.097321,-0.898643,17.984222,9.445320,48.701035,3.243790,51.097321,1944,2270,2161,2560,2113,2666,,0,,,,1.53,,0.02,0.41,1.63,33.16
432,0,14.4,-29.019,0,0,0.025821,0.547822,0.291517,1.505604,0.100500,0.863363,-0.025458,0.545136,0.288589,1.543353,0.100903,0.869598,-0.025458,0.545136,0.288589,1.543353,0.100903,0.869598,-0.025458,0.545136,0.288589,1.543354,0.100903,0.869598,-0.810364,17.352226,9.186066,49.126465,3.211845,51.152809,-0.810364,17.352226,9.186066,49.126465,3.211845,51.152809,1945,2263,2158,2565,2113,2667,,0,,,,1.91,,0.03,0.44,1.62,33.18
433,0,14.433333333333334,-29.571,0,0,0.025821,0.547822,0.291517,1.508349,0.100500,0.864525,-0.021809,0.521704,0.277979,1.560905,0.099795,0.870784,-0.021809,0.521704,0.277979,1.560905,0.099795,0.870784,-0.021809,0.521704,0.277979,1.560905,0.099795,0.870784,-0.694199,16.606354,8.848358,49.685150,3.176559,51.222588,-0.694199,16.606354,8.848358,49.685150,3.176559,51.222588,1946,2254,2155,2572,2112,2668,,0,,,,1.51,,0.02,0.41,1.57,33.20
434,0,14.466666666666667,-29.248,0,0,0.025821,0.542232,0.291517,1.513839,0.100500,0.864525,-0.017334,0.495102,0.264768,1.582783,0.098628,0.872106,-0.017334,0.495102,0.264768,1.582783,0.098628,0.872106,-0.017334,0.495102,0.264768,1.582783,0.098628,0.872106,-0.551750,15.759575,8.427834,50.381561,3.139435,51.300346,-0.551750,15.759575,8.427834,50.381561,3.139435,51.300346,1947,2245,2150,2580,2111,2669,,0,,,,1.53,,0.03,0.42,1.75,33.18
435,0,14.5,-28.476,0,0,0.025821,0.525462,0.291517,1.530308,0.100500,0.864525,-0.012035,0.466191,0.249054,1.608709,0.097461,0.873119,-0.012035,0.466191,0.249054,1.608709,0.097461,0.873119,-0.012035,0.466191,0.249054,1.608709,0.097461,0.873119,-0.383087,14.839317,7.927643,51.206787,3.102287,51.359917,-0.383087,14.839317,7.927643,51.206787,3.102287,51.359917,1949,2234,2144,2589,2111,2670,,0,,,,1.61,,0.05,0.71,2.09,33.16
436,0,14.533333333333333,-29.266,0,0,0.025821,0.517077,0.283027,1.544033,0.100500,0.864525,-0.005988,0.436151,0.231233,1.637982,0.096347,0.873223,-0.005988,0.436151,0.231233,1.637982,0.096347,0.873223,-0.005988,0.436151,0.231233,1.637982,0.096347,0.873223,-0.190613,13.883125,7.360390,52.138596,3.066826,51.366074,-0.190613,13.883125,7.360390,52.138596,3.066826,51.366074,1950,2224,2138,2600,2110,2670,,0,,,,1.62,,0.03,0.47,1.67,33.16
437,0,14.566666666666666,-29.369,0,0,0.025821,0.508692,0.266045,1.560503,0.100500,0.864525,0.000568,0.406177,0.211951,1.669595,0.095323,0.871896,0.000568,0.406177,0.211951,1.669595,0.095323,0.871896,0.000568,0.406177,0.211951,1.669595,0.095323,0.871896,0.018097,12.929008,6.746613,53.144852,3.034233,51.287987,0.018097,12.929008,6.746613,53.144852,3.034233,51.287987,1952,2213,2131,2611,2109,2669,,0,,,,1.53,,0.03,0.42,1.68,33.21
438,0,14.6,-29.389,0,0,0.025821,0.489127,0.260384,1.579717,0.100500,0.864525,0.007373,0.377153,0.191981,1.702457,0.094406,0.868847,0.007373,0.377153,0.191981,1.702457,0.094406,0.868847,0.007373,0.377153,0.191981,1.702457,0.094406,0.868847,0.234673,12.005165,6.110939,54.190903,3.005043,51.108627,0.234673,12.005165,6.110939,54.190903,3.005043,51.108627,1954,2202,2124,2623,2109,2666,,0,,,,1.52,,0.03,0.46,1.59,33.16
439,0,14.633333333333333,-29.477,0,0,0.025821,0.472357,0.251894,1.604422,0.100500,0.864525,0.014154,0.349552,0.172098,1.735617,0.093593,0.864072,0.014154,0.349552,0.172098,1.735617,0.093593,0.864072,0.014154,0.349552,0.172098,1.735617,0.093593,0.864072,0.450531,11.126602,5.478050,55.246399,2.979149,50.827755,0.450531,11.126602,5.478050,55.246399,2.979149,50.827755,1956,2193,2117,2635,2108,2662,,0,,,,1.53,,0.03,0.41,1.57,33.13
440,0,14.666666666666666,-29.325,0,0,0.025821,0.455587,0.237742,1.631871,0.100500,0.864525,0.020630,0.323590,0.153025,1.768220,0.092867,0.857934,0.020630,0.323590,0.153025,1.768220,0.092867,0.857934,0.020630,0.323590,0.153025,1.768220,0.092867,0.857934,0.656677,10.300186,4.870941,56.284195,2.956055,50.466717,0.656677,10.300186,4.870941,56.284195,2.956055,50.466717,1958,2183,2111,2647,2108,2657,,0,,,,1.66,,0.03,0.41,1.55,33.08
441,0,14.7,-29.186,0,0,0.025821,0.447202,0.226421,1.662066,0.100500,0.864525,0.026495,0.299447,0.135330,1.799306,0.092217,0.851310,0.026495,0.299447,0.135330,1.799306,0.092217,0.851310,0.026495,0.299447,0.135330,1.799306,0.092217,0.851310,0.843361,9.531677,4.307701,57.273697,2.935364,50.077068,0.843361,9.531677,4.307701,57.273697,2.935364,50.077068,1960,2175,2104,2658,2107,2651,,0,,,,1.48,,0.03,0.73,1.61,33.20
442,0,14.733333333333333,-28.510,0,0,0.025821,0.436022,0.217930,1.695005,0.100500,0.864525,0.031602,0.277353,0.119422,1.827809,0.091642,0.845399,0.031602,0.277353,0.119422,1.827809,0.091642,0.845399,0.031602,0.277353,0.119422,1.827809,0.091642,0.845399,1.005936,8.828423,3.801323,58.180969,2.917053,49.729366,1.005936,8.828423,3.801323,58.180969,2.917053,49.729366,1961,2167,2099,2669,2107,2646,,0,,,,1.80,,0.06,0.56,1.92,33.04
443,0,14.766666666666667,-29.541,0,0,0.025821,0.427637,0.212270,1.730690,0.100500,0.864525,0.035892,0.257417,0.105666,1.852946,0.091143,0.841580,0.035892,0.257417,0.105666,1.852946,0.091143,0.841580,0.035892,0.257417,0.105666,1.852946,0.091143,0.841580,1.142487,8.193848,3.363441,58.981079,2.901169,49.504684,1.142487,8.193848,3.363441,58.981079,2.901169,49.504684,1962,2160,2094,2678,2106,2643,,0,,,,1.50,,0.02,0.47,1.53,33.16
444,0,14.8,-29.370,0,0,0.022378,0.419252,0.206609,1.774609,0.098966,0.857553,0.039317,0.239582,0.094469,1.874317,0.090716,0.841091,0.039317,0.239582,0.094469,1.874317,0.090716,0.841091,0.039317,0.239582,0.094469,1.874317,0.090716,0.841091,1.251511,7.626114,3.007042,59.661377,2.887596,49.475956,1.251511,7.626114,3.007042,59.661377,2.887596,49.475956,1963,2153,2090,2686,2106,2642,,0,,,,1.44,,0.02,0.41,1.82,33.20
445,0,14.833333333333334,-29.427,0,0,0.018935,0.410867,0.203779,1.810293,0.098966,0.851743,0.041941,0.223725,0.086202,1.891676,0.090360,0.844218,0.041941,0.223725,0.086202,1.891676,0.090360,0.844218,0.041941,0.223725,0.086202,1.891676,0.090360,0.844218,1.335022,7.121399,2.743889,60.213913,2.876259,49.659859,1.335022,7.121399,2.743889,60.213913,2.876259,49.659859,1964,2148,2087,2692,2106,2645,,0,,,,1.50,,0.02,0.44,1.67,33.19
446,0,14.866666666666667,-29.406,0,0,0.015493,0.399687,0.203779,1.834997,0.098966,0.848257,0.043920,0.209749,0.081098,1.904811,0.090079,0.850177,0.043920,0.209749,0.081098,1.904811,0.090079,0.850177,0.043920,0.209749,0.081098,1.904811,0.090079,0.850177,1.398026,6.676529,2.581421,60.632019,2.867302,50.010418,1.398026,6.676529,2.581421,60.632019,2.867302,50.010418,1965,2143,2085,2697,2106,2650,,0,,,,1.53,,0.03,0.43,1.62,33.16
447,0,14.9,-29.540,0,0,0.012050,0.391301,0.203779,1.856957,0.098966,0.848257,0.045318,0.197434,0.079288,1.913819,0.089875,0.857178,0.045318,0.197434,0.079288,1.913819,0.089875,0.857178,0.045318,0.197434,0.079288,1.913819,0.089875,0.857178,1.442513,6.284508,2.523819,60.918732,2.860794,50.422256,1.442513,6.284508,2.523819,60.918732,2.860794,50.422256,1965,2138,2085,2700,2106,2656,,0,,,,1.46,,0.03,0.47,1.52,33.13
448,0,14.933333333333334,-29.310,0,0,0.015493,0.382917,0.203779,1.878917,0.098966,0.848257,0.046086,0.186413,0.080812,1.919055,0.089740,0.863118,0.046086,0.186413,0.080812,1.919055,0.089740,0.863118,0.046086,0.186413,0.080812,1.919055,0.089740,0.863118,1.466957,5.933701,2.572311,61.085403,2.856514,50.771652,1.466957,5.933701,2.572311,61.085403,2.856514,50.771652,1965,2134,2085,2702,2105,2661,,0,,,,1.61,,0.03,0.42,1.68,33.17
449,0,14.966666666666667,-28.844,0,0,0.018935,0.374531,0.203779,1.892641,0.098966,0.848257,0.046264,0.176197,0.085605,1.920923,0.089659,0.866296,0.046264,0.176197,0.085605,1.920923,0.089659,0.866296,0.046264,0.176197,0.085605,1.920923,0.089659,0.866296,1.472618,5.608521,2.724884,61.144882,2.853928,50.958588,1.472618,5.608521,2.724884,61.144882,2.853928,50.958588,1965,2131,2087,2703,2105,2664,,0,,,,1.83,,0.03,0.54,1.75,33.16
450,1,15.0,-21.341,0,0,0.025821,0.363351,0.203779,1.903621,0.098966,0.848257,0.017149,0.255194,0.153055,1.971728,0.090927,0.864948,0.017149,0.255194,0.153055,1.971728,0.090927,0.864948,0.017149,0.255194,0.153055,1.971728,0.090927,0.864948,0.545860,8.123077,4.871880,62.762054,2.894302,50.879295,0.545860,8.123077,4.871880,62.762054,2.894302,50.879295,1957,2159,2111,2721,2106,2663,,0,533,1789034620.831729,10.3,1.47,6.33,1.46,0.42,2.00,33.18
451,0,15.033333333333333,-29.462,0,0,0.032707,0.354966,0.203779,1.911856,0.098966,0.851743,0.017763,0.240400,0.146189,1.985016,0.090182,0.868404,0.017763,0.240400,0.146189,1.985016,0.090182,0.868404,0.017763,0.240400,0.146189,1.985016,0.090182,0.868404,0.565407,7.652176,4.653336,63.185013,2.870575,51.082603,0.565407,7.652176,4.653336,63.185013,2.870575,51.082603,1957,2154,2108,2726,2106,2666,,0,,,,1.50,,0.02,0.45,1.62,33.15
452,0,15.066666666666666,-29.570,0,0,0.036150,0.352171,0.203779,1.925581,0.098966,0.856391,0.018391,0.229210,0.140842,1.995013,0.089528,0.871068,0.018391,0.229210,0.140842,1.995013,0.089528,0.871068,0.018391,0.229210,0.140842,1.995013,0.089528,0.871068,0.585388,7.295990,4.483154,63.503250,2.849754,51.239277,0.585388,7.295990,4.483154,63.503250,2.849754,51.239277,1957,2150,2106,2730,2105,2668,,0,,,,1.49,,0.02,0.40,1.55,33.21
453,0,15.1,-29.293,0,0,0.036150,0.352171,0.203779,1.953030,0.098966,0.859877,0.019084,0.221256,0.136829,2.002154,0.088927,0.873187,0.019084,0.221256,0.136829,2.002154,0.088927,0.873187,0.019084,0.221256,0.136829,2.002154,0.088927,0.873187,0.607475,7.042816,4.355392,63.730530,2.830627,51.363937,0.607475,7.042816,4.355392,63.730530,2.830627,51.363937,1958,2147,2105,2732,2105,2670,,0,,,,1.44,,0.03,0.54,1.68,33.10
454,0,15.133333333333333,-29.578,0,0,0.032707,0.352171,0.203779,1.969500,0.098966,0.864525,0.019884,0.216174,0.134097,2.006912,0.088420,0.875218,0.019884,0.216174,0.134097,2.006912,0.088420,0.875218,0.019884,0.216174,0.134097,2.006912,0.088420,0.875218,0.632919,6.881020,4.268433,63.881989,2.814499,51.483391,0.632919,6.881020,4.268433,63.881989,2.814499,51.483391,1958,2145,2104,2734,2105,2672,,0,,,,1.55,,0.02,0.41,1.52,33.19
455,0,15.166666666666666,-29.345,0,0,0.025821,0.352171,0.203779,1.980480,0.098966,0.866849,0.020795,0.213446,0.132524,2.009737,0.087975,0.877510,0.020795,0.213446,0.132524,2.009737,0.087975,0.877510,0.020795,0.213446,0.132524,2.009736,0.087975,0.877510,0.661919,6.794205,4.218353,63.971893,2.800323,51.618225,0.661919,6.794205,4.218353,63.971893,2.800323,51.618225,1958,2144,2103,2735,2104,2674,,0,,,,1.52,,0.03,0.42,1.74,33.17
456,0,15.2,-29.308,0,0,0.018935,0.352171,0.203779,1.991460,0.098966,0.869173,0.021783,0.212463,0.131915,2.011161,0.087600,0.880000,0.021783,0.212463,0.131915,2.011161,0.087600,0.880000,0.021783,0.212463,0.131915,2.011161,0.087600,0.880000,0.693367,6.762901,4.198982,64.017227,2.788414,51.764679,0.693367,6.762901,4.198982,64.017227,2.788414,51.764679,1958,2144,2103,2736,2104,2676,,0,,,,1.59,,0.03,0.44,1.65,33.22
457,0,15.233333333333333,-29.475,0,0,0.012050,0.352171,0.203779,1.999695,0.098966,0.872659,0.022783,0.212643,0.132055,2.011605,0.087288,0.882155,0.022783,0.212643,0.132055,2.011605,0.087288,0.882155,0.022783,0.212643,0.132055,2.011605,0.087288,0.882155,0.725212,6.768646,4.203453,64.031357,2.778473,51.891445,0.725212,6.768646,4.203453,64.031357,2.778473,51.891445,1959,2144,2103,2736,2104,2678,,0,,,,1.51,,0.03,0.42,1.60,33.20
458,0,15.266666666666667,-28.591,0,0,0.008607,0.352171,0.203779,2.005184,0.098966,0.874983,0.023772,0.213535,0.132739,2.011462,0.087023,0.883311,0.023772,0.213535,0.132739,2.011462,0.087023,0.883311,0.023772,0.213535,0.132739,2.011462,0.087023,0.883311,0.756668,6.797043,4.225220,64.026825,2.770042,51.959442,0.756668,6.797043,4.225220,64.026825,2.770042,51.959442,1959,2144,2103,2736,2104,2679,,0,,,,1.44,,0.03,0.50,1.77,32.47
459,0,15.3,-29.284,0,0,0.008607,0.352171,0.203779,2.007929,0.098966,0.877307,0.024765,0.214756,0.133791,2.011099,0.086799,0.883053,0.024765,0.214756,0.133791,2.011099,0.086799,0.883053,0.024765,0.214756,0.133791,2.011099,0.086799,0.883053,0.788292,6.835876,4.258713,64.015259,2.762917,51.944309,0.788292,6.835876,4.258713,64.015259,2.762917,51.944309,1959,2144,2104,2736,2104,2678,,0,,,,1.61,,0.03,0.46,1.64,33.18
460,0,15.333333333333334,-29.370,0,0,0.008607,0.352171,0.203779,2.007929,0.098966,0.878469,0.025764,0.215941,0.135045,2.010823,0.086626,0.881360,0.025764,0.215941,0.135045,2.010823,0.086626,0.881360,0.025764,0.215941,0.135045,2.010823,0.086626,0.881360,0.820076,6.873619,4.298630,64.006470,2.757385,51.844727,0.820076,6.873619,4.298630,64.006470,2.757385,51.844727,1959,2145,2104,2736,2103,2677,,0,,,,1.53,,0.03,0.42,1.65,33.17
461,0,15.366666666666667,-29.585,0,0,0.008607,0.352171,0.203779,2.007929,0.098966,0.878469,0.026658,0.216776,0.136321,2.010791,0.086465,0.878598,0.026658,0.216776,0.136321,2.010791,0.086465,0.878598,0.026658,0.216776,0.136321,2.010791,0.086465,0.878598,0.848557,6.900200,4.339218,64.005447,2.752258,51.682209,0.848557,6.900200,4.339218,64.005447,2.752258,51.682209,1960,2145,2105,2736,2103,2675,,0,,,,1.48,,0.02,0.39,1.54,33.13
462,0,15.4,-29.539,0,0,0.008607,0.352171,0.203779,2.007929,0.097431,0.878469,0.027273,0.217143,0.137455,2.010960,0.086285,0.875196,0.027273,0.217143,0.137455,2.010960,0.086285,0.875196,0.027273,0.217143,0.137455,2.010960,0.086285,0.875196,0.868134,6.911873,4.375336,64.010864,2.746536,51.482136,0.868134,6.911873,4.375336,64.010864,2.746536,51.482136,1960,2145,2105,2736,2103,2672,,0,,,,1.52,,0.02,0.44,1.55,33.20
463,0,15.433333333333334,-29.326,0,0,0.008607,0.352171,0.203779,2.007929,0.094363,0.878469,0.027491,0.217001,0.138374,2.011250,0.086099,0.871492,0.027491,0.217001,0.138374,2.011250,0.086099,0.871492,0.027491,0.217001,0.138374,2.011250,0.086099,0.871492,0.875053,6.907341,4.404572,64.020081,2.740623,51.264214,0.875053,6.907341,4.404572,64.020081,2.740623,51.264214,1960,2145,2105,2736,2103,2668,,0,,,,1.59,,0.03,0.42,1.67,33.22
464,0,15.466666666666667,-29.250,0,0,0.008607,0.352171,0.203779,2.007929,0.092829,0.878469,0.027280,0.216343,0.139072,2.011637,0.085871,0.867780,0.027280,0.216343,0.139072,2.011637,0.085871,0.867780,0.027280,0.216343,0.139072,2.011637,0.085871,0.867780,0.868355,6.886414,4.426804,64.032410,2.733360,51.045906,0.868355,6.886414,4.426804,64.032410,2.733360,51.045906,1960,2145,2106,2736,2103,2665,,0,,,,1.63,,0.03,0.46,1.56,33.03
465,0,15.5,-29.404,0,0,0.008607,0.352171,0.203779,2.007929,0.089760,0.878469,0.026686,0.215264,0.139578,2.012144,0.085609,0.864344,0.026686,0.215264,0.139578,2.012144,0.085609,0.864344,0.026686,0.215264,0.139578,2.012144,0.085609,0.864344,0.849449,6.852081,4.442917,64.048538,2.725029,50.843746,0.849449,6.852081,4.442917,64.048538,2.725029,50.843746,1960,2145,2106,2736,2103,2662,,0,,,,1.52,,0.02,0.44,1.66,33.23
466,0,15.533333333333333,-29.284,0,0,0.008607,0.352171,0.203779,2.007929,0.089760,0.878469,0.025764,0.213878,0.139920,2.012739,0.085312,0.861377,0.025764,0.213878,0.139920,2.012739,0.085312,0.861377,0.025764,0.213878,0.139920,2.012740,0.085312,0.861377,0.820099,6.807938,4.453781,64.067490,2.715576,50.669243,0.820099,6.807938,4.453781,64.067490,2.715576,50.669243,1959,2144,2106,2736,2103,2660,,0,,,,1.56,,0.03,0.47,1.68,33.17
467,0,15.566666666666666,-29.356,0,0,0.008607,0.352171,0.203779,2.007929,0.089760,0.873821,0.024552,0.212329,0.140078,2.013364,0.084988,0.858944,0.024552,0.212329,0.140078,2.013364,0.084988,0.858944,0.024552,0.212329,0.140078,2.013364,0.084988,0.858944,0.781525,6.758644,4.458832,64.087372,2.705254,50.526093,0.781525,6.758644,4.458832,64.087372,2.705254,50.526093,1959,2143,2106,2736,2102,2658,,0,,,,1.56,,0.03,0.41,1.55,33.04
468,0,15.6,-28.690,0,0,0.008607,0.352171,0.203779,2.007929,0.089760,0.868011,0.023094,0.210767,0.140019,2.013939,0.084634,0.856995,0.023094,0.210767,0.140019,2.013939,0.084634,0.856995,0.023094,0.210767,0.140019,2.013939,0.084634,0.856995,0.735115,6.708931,4.456947,64.105682,2.693985,50.411457,0.735115,6.708931,4.456947,64.105682,2.693985,50.411457,1959,2143,2106,2737,2102,2656,,0,,,,1.51,,0.04,0.47,2.24,33.11
469,0,15.633333333333333,-28.657,0,0,0.008607,0.352171,0.203779,2.007929,0.089760,0.865687,0.021500,0.209350,0.139745,2.014414,0.084255,0.855443,0.021500,0.209350,0.139745,2.014414,0.084255,0.855443,0.021500,0.209350,0.139745,2.014414,0.084255,0.855443,0.684372,6.663826,4.448212,64.120789,2.681908,50.320160,0.684372,6.663826,4.448212,64.120789,2.681908,50.320160,1958,2142,2106,2737,2102,2655,,0,,,,1.54,,0.02,0.41,2.40,33.17
470,0,15.666666666666666,-29.465,0,0,0.008607,0.352171,0.203779,2.007929,0.089760,0.862201,0.019913,0.208163,0.139312,2.014807,0.083855,0.854273,0.019913,0.208163,0.139312,2.014807,0.083855,0.854273,0.019913,0.208163,0.139312,2.014807,0.083855,0.854273,0.633850,6.626038,4.434441,64.133301,2.669205,50.251366,0.633850,6.626038,4.434441,64.133301,2.669205,50.251366,1958,2142,2106,2737,2102,2654,,0,,,,1.53,,0.03,0.42,1.59,33.18
471,0,15.7,-29.605,0,0,0.008607,0.352171,0.203779,2.007929,0.089760,0.859877,0.018414,0.207255,0.138773,2.015156,0.083441,0.853607,0.018414,0.207255,0.138773,2.015156,0.083441,0.853607,0.018414,0.207255,0.138773,2.015156,0.083441,0.853607,0.586143,6.597122,4.417290,64.144394,2.656006,50.212185,0.586143,6.597122,4.417290,64.144394,2.656006,50.212185,1957,2142,2106,2737,2101,2653,,0,,,,1.49,,0.02,0.40,1.54,33.28
472,0,15.733333333333333,-29.388,0,0,0.008607,0.352171,0.203779,2.007929,0.089760,0.857553,0.016997,0.206643,0.138158,2.015449,0.083012,0.853681,0.016997,0.206643,0.138158,2.015449,0.083012,0.853681,0.016997,0.206643,0.138158,2.015449,0.083012,0.853681,0.541046,6.577660,4.397705,64.153748,2.642357,50.216507,0.541046,6.577660,4.397705,64.153748,2.642357,50.216507,1957,2141,2105,2737,2101,2653,,0,,,,1.53,,0.03,0.41,1.55,33.03
473,0,15.766666666666667,-29.386,0,0,0.008607,0.352171,0.203779,2.007929,0.089760,0.855229,0.015619,0.206291,0.137503,2.015665,0.082569,0.854687,0.015619,0.206291,0.137503,2.015665,0.082569,0.854687,0.015619,0.206291,0.137503,2.015665,0.082569,0.854687,0.497177,6.566452,4.376862,64.160614,2.628258,50.275707,0.497177,6.566452,4.376862,64.160614,2.628258,50.275707,1957,2141,2105,2737,2101,2654,,0,,,,1.55,,0.03,0.43,1.56,33.11
474,0,15.8,-29.102,0,0,0.008607,0.352171,0.203779,2.007929,0.089760,0.855229,0.014267,0.206133,0.136849,2.015810,0.082114,0.856477,0.014267,0.206133,0.136849,2.015810,0.082114,0.856477,0.014267,0.206133,0.136849,2.015810,0.082114,0.856477,0.454140,6.561409,4.356049,64.165237,2.613762,50.381012,0.454140,6.561409,4.356049,64.165237,2.613762,50.381012,1956,2141,2105,2737,2101,2656,,0,,,,1.55,,0.03,0.41,1.68,32.94
475,0,15.833333333333334,-29.233,0,0,0.008607,0.352171,0.203779,2.007929,0.089760,0.855229,0.012985,0.206115,0.136216,2.015916,0.081651,0.858439,0.012985,0.206115,0.136216,2.015916,0.081651,0.858439,0.012985,0.206115,0.136216,2.015916,0.081651,0.858439,0.413338,6.560852,4.335907,64.168594,2.599037,50.496437,0.413338,6.560852,4.335907,64.168594,2.599037,50.496437,1956,2141,2105,2737,2100,2657,,0,,,,1.54,,0.02,0.39,1.84,33.19
476,0,15.866666666666667,-29.130,0,0,0.008607,0.352171,0.203779,2.007929,0.089760,0.855229,0.011804,0.206192,0.135624,2.016035,0.081185,0.859783,0.011804,0.206192,0.135624,2.016035,0.081185,0.859783,0.011804,0.206192,0.135624,2.016035,0.081185,0.859783,0.375732,6.563309,4.317047,64.172379,2.584206,50.575470,0.375732,6.563309,4.317047,64.172379,2.584206,50.575470,1955,2141,2104,2737,2100,2658,,0,,,,1.61,,0.03,0.50,1.77,33.20
477,0,15.9,-29.134,0,0,0.008607,0.352171,0.203779,2.007929,0.089760,0.855229,0.010718,0.206322,0.135078,2.016195,0.080718,0.860107,0.010718,0.206322,0.135078,2.016195,0.080718,0.860107,0.010718,0.206322,0.135078,2.016195,0.080718,0.860107,0.341164,6.567444,4.299667,64.177475,2.569328,50.594528,0.341164,6.567444,4.299667,64.177475,2.569328,50.594528,1955,2141,2104,2738,2100,2659,,0,,,,1.61,,0.03,0.66,1.57,33.12
478,0,15.933333333333334,-29.500,0,0,0.008607,0.352171,0.203779,2.007929,0.089760,0.855229,0.009676,0.206451,0.134542,2.016454,0.080242,0.859622,0.009676,0.206451,0.134542,2.016454,0.080242,0.859622,0.009676,0.206451,0.134542,2.016455,0.080242,0.859622,0.307999,6.571541,4.282616,64.185745,2.554176,50.565994,0.307999,6.571541,4.282616,64.185745,2.554176,50.565994,1955,2141,2104,2738,2099,2658,,0,,,,1.53,,0.02,0.40,1.58,33.17
479,0,15.966666666666667,-29.595,0,0,0.008607,0.352171,0.203779,2.007929,0.089760,0.855229,0.008656,0.206520,0.133908,2.016923,0.079759,0.858816,0.008656,0.206520,0.133908,2.016923,0.079759,0.858816,0.008656,0.206520,0.133908,2.016923,0.079759,0.858816,0.275528,6.573723,4.262413,64.200653,2.538803,50.518589,0.275528,6.573723,4.262413,64.200653,2.538803,50.518589,1955,2141,2104,2738,2099,2658,,0,,,,1.44,,0.02,0.43,1.54,33.27
