{"reward/batch_max":-1191.5443704470447,"episodes_total":10,"loss/policy":-3.678952217102051,"reward/batch_avg":-1566.5630234312198,"_runtime":1814,"_step":9,"time/per_episode":6.181572771072387,"time/batch_seconds":61.81572771072388,"batch":1,"reward/batch_min":-2236.849953446452,"_timestamp":1.766012611166442e+09,"_wandb.runtime":81,"_wandb":{"runtime":1814},"exploration/sigma_mean":0.49396413564682007}