{"time/per_episode":2.012892214457194,"reward/batch_max":-12.689102143342698,"_step":23,"loss/policy":1.220991611480713,"reward/batch_avg":-654.0779006534409,"_runtime":739,"_timestamp":1.7657854674938128e+09,"batch":24,"time/batch_seconds":30.19338321685791,"episodes_total":360,"_wandb":{"runtime":739},"reward/batch_min":-1118.968891578314,"exploration/sigma_mean":0.540897011756897}