{"reward/batch_avg":-700.6270848563137,"_runtime":19024,"loss/policy":6.574916362762451,"time/batch_seconds":29.14829683303833,"_timestamp":1.765846583316854e+09,"reward/batch_min":-1117.035378093295,"reward/batch_max":-263.831923655408,"exploration/sigma_mean":0.8267898559570312,"_wandb":{"runtime":19024},"_wandb.runtime":19017,"episodes_total":8205,"time/per_episode":1.943219788869222,"_step":546,"batch":547}