{"time/batch_seconds":23.322139739990234,"reward/batch_max":-363.5736329896721,"_timestamp":1.765913238182919e+09,"reward/batch_avg":-743.4905351763385,"_step":2557,"_runtime":60773,"batch":25,"exploration/sigma_mean":0.5594105124473572,"_wandb":{"runtime":60773},"episodes_total":250,"_wandb.runtime":18034,"loss/policy":4.710800647735596,"reward/batch_min":-1219.6005228128322,"time/per_episode":2.3322139739990235}