{"loss/critic":134.6197624206543,"gradients/policy_norm":19.870380401611328,"_timestamp":1.767861174213363e+09,"actions/saturation_low":0.041333332657814026,"gradients/critic_clipped":1,"reward/contact_rate":0.08866666666666667,"logprob/old_mean":-1045.9771728515625,"logprob/new_mean":-1046.3583984375,"ppo/ratio_std":0.15978389978408813,"reward/batch_avg":-11.768467899991368,"advantage/mean":-0.6779953837394714,"critic/explained_variance":0.7838027477264404,"critic/value_max":-26.012907028198242,"actions/std":0.619770884513855,"actions/saturation_high":0.22866666316986084,"advantage/max":1.731737494468689,"gradients/policy_clipped":1,"training/clip_fraction":0.6666666865348816,"training/sigma_max":0.5,"training/effective_batch_size":120,"logprob/drift":-0.3812255859375,"reward/std":1.8770012855529785,"reward/contact_count_avg":13.3,"critic/return_mean":-98.1604232788086,"ppo/ratio_max":0.9250181913375854,"actions/mean":0.30379238724708557,"critic/return_std":35.605079650878906,"critic/value_std":27.929000854492188,"critic/value_min":-99.0363540649414,"logprob/per_dimension":-3.487861328125,"critic/value_mean":-90.89913940429688,"training/learning_rate":2.984525792791129e-06,"_runtime":31916,"reward/positive_fraction":0.03333333507180214,"time/batch_seconds":16.463545322418213,"reward/contact_count_max":27,"_wandb.runtime":9095,"advantage/min":-2.4460928440093994,"batch":106,"gradients/critic_norm":1596.924560546875,"loss/entropy":0,"ppo/ratio_min":0.5342170000076294,"reward/batch_min":-16.48156590626509,"advantage/std":0.6366404891014099,"reward/batch_max":-7.184343600046306,"_step":1057,"training/sigma_min":0.25,"episodes_total":1060,"loss/policy":-0.009894156455993652,"training/kl_divergence":0.029965305281803013,"ppo/ratio_mean":0.6975110769271851,"_wandb":{"runtime":31916}}