{"reward/batch_min":-45.25468468030351,"time/batch_seconds":3.7819066047668457,"loss/policy":1.9313987493515015,"training/clip_fraction":1,"_timestamp":1.7669737289548876e+09,"reward/batch_avg":-45.0910091028139,"batch":6,"_step":5,"episodes_total":12,"loss/entropy":-193.1403045654297,"training/value_mean":-65.70230865478516,"_wandb":{"runtime":29},"training/learning_rate":2.999893409675152e-07,"loss/critic":384.79931640625,"training/sigma_max":0.16,"training/kl_divergence":0.1907796561717987,"_runtime":29,"reward/batch_max":-44.927333525324286,"training/advantage_mean":-3.973643103449831e-08,"training/sigma_min":0.08}