{"time/batch_seconds":3.6548571586608887,"training/sigma_max":0.04,"reward/batch_max":-46.933550358163146,"loss/critic":66.05128479003906,"_runtime":260,"loss/policy":17.65700340270996,"loss/entropy":-588.6044311523438,"_wandb":{"runtime":260},"batch":69,"reward/batch_avg":-47.10833910828394,"_timestamp":1.766964068157328e+09,"training/value_mean":-52.697357177734375,"episodes_total":138,"training/advantage_mean":0,"training/kl_divergence":0,"_step":68,"training/clip_fraction":1,"reward/batch_min":-47.28312785840475,"training/sigma_min":0.02,"training/learning_rate":2.9859277601135933e-05}