{"reward/positive_fraction":0,"reward/batch_max":-20.21197673196408,"actions/mean":0.24527005851268768,"loss/critic":1150.187741470337,"reward/contact_count_max":11,"gradients/critic_clipped":1,"_step":228,"reward/contact_rate":0.030666666666666665,"actions/saturation_high":0.1626666635274887,"reward/batch_avg":-29.31821218898679,"ppo/ratio_mean":0.8464776873588562,"_runtime":9095,"critic/value_min":-199.6077423095703,"critic/value_std":62.47623825073242,"advantage/mean":-0.7693033218383789,"training/sigma_min":0.25,"training/clip_fraction":0.8333333730697632,"actions/saturation_low":0.029666665941476822,"gradients/policy_norm":15.128966331481934,"actions/std":0.5839847922325134,"training/sigma_max":0.5,"time/batch_seconds":38.990567207336426,"ppo/ratio_max":1.0045268535614014,"reward/contact_count_avg":4.6,"ppo/ratio_min":0.7186043858528137,"ppo/ratio_std":0.11459720879793167,"logprob/per_dimension":-3.6043701171875,"training/kl_divergence":0.020233268395531922,"critic/return_std":75.70856475830078,"logprob/drift":-0.17431640625,"episodes_total":2290,"_wandb":{"runtime":9095},"_timestamp":1.7678368450403755e+09,"training/effective_batch_size":120,"reward/std":4.312987804412842,"reward/batch_min":-43.33616421596717,"critic/value_max":-21.562917709350586,"gradients/policy_clipped":1,"critic/value_mean":-112.09483337402344,"logprob/old_mean":-1081.13671875,"advantage/min":-1.9842852354049683,"advantage/std":0.7590878009796143,"training/learning_rate":9.733722764593198e-07,"critic/return_mean":-165.91590881347656,"advantage/max":1.832387089729309,"critic/explained_variance":0.6751664876937866,"gradients/critic_norm":3153.906982421875,"logprob/new_mean":-1081.31103515625,"loss/policy":0.015770596358925103,"batch":229,"loss/entropy":0}