{"batch":13,"reward/batch_avg":-415.09099760160024,"time/batch_seconds":13.696885347366333,"_step":3034,"reward/batch_min":-660.950769026319,"episodes_total":130,"_runtime":72482,"_timestamp":1.7659255104114711e+09,"_wandb.runtime":18034,"exploration/sigma_mean":0.3338293433189392,"reward/batch_max":-109.43017415277727,"loss/policy":5.0139923095703125,"time/per_episode":1.3696885347366332,"_wandb":{"runtime":72482}}