{"_wandb.runtime":9095,"ppo/ratio_std":0.21401363611221313,"batch":186,"ppo/ratio_min":0.7797520160675049,"critic/value_max":-21.08168601989746,"loss/policy":-0.012051481753587723,"reward/std":3.3815338611602783,"ppo/ratio_mean":1.0107181072235107,"actions/saturation_high":0.2056666612625122,"advantage/min":-1.9658839702606201,"_step":808,"gradients/critic_clipped":1,"actions/mean":0.34164994955062866,"_wandb":{"runtime":27915},"logprob/drift":-0.0074462890625,"ppo/ratio_max":1.358520746231079,"advantage/std":0.6928441524505615,"_runtime":27915,"critic/value_min":-121.1441650390625,"reward/contact_rate":0.074,"reward/batch_min":-33.58922088581002,"training/learning_rate":2.9482241866811753e-06,"critic/value_mean":-70.34574890136719,"critic/return_mean":-86.4557113647461,"gradients/policy_clipped":1,"training/clip_fraction":0.5,"training/sigma_max":0.5,"reward/batch_max":-8.53330329295611,"reward/contact_count_max":34,"actions/saturation_low":0.018666666001081467,"training/kl_divergence":0.02691143061965704,"critic/value_std":39.75615310668945,"loss/entropy":0,"logprob/new_mean":-1097.93017578125,"advantage/max":2.8179352283477783,"logprob/old_mean":-1097.9227294921875,"episodes_total":1860,"logprob/per_dimension":-3.6597672526041665,"actions/std":0.5688479542732239,"loss/critic":392.580818939209,"gradients/policy_norm":11.527592658996582,"reward/contact_count_avg":11.1,"training/sigma_min":0.25,"gradients/critic_norm":3446.467529296875,"critic/return_std":47.25539016723633,"advantage/mean":-0.08612954616546631,"_timestamp":1.7678569084531848e+09,"reward/batch_avg":-18.32763684505374,"reward/positive_fraction":0,"training/effective_batch_size":120,"critic/explained_variance":0.7248110771179199,"time/batch_seconds":20.84880518913269}