{"_step":2532,"reward/batch_min":-1218.8973845275336,"exploration/sigma_mean":0.4905162453651428,"time/batch_seconds":23.637747049331665,"_runtime":60190,"_wandb":{"runtime":60190},"batch":38,"_timestamp":1.765912552159699e+09,"_wandb.runtime":18034,"reward/batch_max":-411.09356473953625,"time/per_episode":2.3637747049331663,"reward/batch_avg":-695.274308269899,"episodes_total":380,"loss/policy":-2.3204150199890137}