{"reward/batch_min":-59.14395446687962,"training/sigma_max":0.16,"training/clip_fraction":1,"_timestamp":1.7669596276052065e+09,"training/value_mean":-20.118364334106445,"loss/critic":4301.58984375,"training/learning_rate":2.9999881564920356e-05,"loss/entropy":-189.80227661132812,"training/sigma_min":0.08,"reward/batch_avg":-47.99678494450512,"time/batch_seconds":4.728631258010864,"training/advantage_mean":0.18528743088245392,"loss/policy":6.550924777984619,"_wandb":{"runtime":10},"_step":0,"_runtime":10,"episodes_total":4,"batch":1,"reward/batch_max":-40.26693934903678,"training/kl_divergence":0.8807818293571472}